﻿PROD_EST,COBERTURA,ANIO,ID_ENTIDAD,TEMA,CATEGORIA,DESCRIPCION_CATEGORIA,VALOR,ESTATUS
Estadística de Finanzas Públicas Estatales y Municipales. Anual,Ciudad de México,2015,09,Egresos,Tema,Total de egresos,195385971600,Cifras Definitivas.
Estadística de Finanzas Públicas Estatales y Municipales. Anual,Ciudad de México,2015,09,Egresos,Capítulo,Servicios personales,32154376150,Cifras Definitivas.
Estadística de Finanzas Públicas Estatales y Municipales. Anual,Ciudad de México,2015,09,Egresos,Concepto,Remuneraciones al personal,11609914447,Cifras Definitivas.
Estadística de Finanzas Públicas Estatales y Municipales. Anual,Ciudad de México,2015,09,Egresos,Partida Genérica,Jefatura de Gobierno,49343628,Cifras Definitivas.
Estadística de Finanzas Públicas Estatales y Municipales. Anual,Ciudad de México,2015,09,Egresos,Partida Genérica,Secretaría de Gobierno,969588001,Cifras Definitivas.
Estadística de Finanzas Públicas Estatales y Municipales. Anual,Ciudad de México,2015,09,Egresos,Partida Genérica,Secretaría de Finanzas,535474770,Cifras Definitivas.
Estadística de Finanzas Públicas Estatales y Municipales. Anual,Ciudad de México,2015,09,Egresos,Partida Genérica,Secretaría de Educación,271021570,Cifras Definitivas.
Estadística de Finanzas Públicas Estatales y Municipales. Anual,Ciudad de México,2015,09,Egresos,Partida Genérica,Secretaría de Salud,2996300396,Cifras Definitivas.
Estadística de Finanzas Públicas Estatales y Municipales. Anual,Ciudad de México,2015,09,Egresos,Partida Genérica,Secretaría de Obras Públicas y Servicios,504178485,Cifras Definitivas.
Estadística de Finanzas Públicas Estatales y Municipales. Anual,Ciudad de México,2015,09,Egresos,Partida Genérica,Secretaría de Desarrollo Económico,61571835,Cifras Definitivas.
Estadística de Finanzas Públicas Estatales y Municipales. Anual,Ciudad de México,2015,09,Egresos,Partida Genérica,Secretaría de Turismo,16445832,Cifras Definitivas.
Estadística de Finanzas Públicas Estatales y Municipales. Anual,Ciudad de México,2015,09,Egresos,Partida Genérica,Secretaría del Medio Ambiente,388406484,Cifras Definitivas.
Estadística de Finanzas Públicas Estatales y Municipales. Anual,Ciudad de México,2015,09,Egresos,Partida Genérica,Secretaría de Desarrollo Social,492439296,Cifras Definitivas.
Estadística de Finanzas Públicas Estatales y Municipales. Anual,Ciudad de México,2015,09,Egresos,Partida Genérica,Secretaría de Desarrollo Rural y Equidad para las Comunidades,17682654,Cifras Definitivas.
Estadística de Finanzas Públicas Estatales y Municipales. Anual,Ciudad de México,2015,09,Egresos,Partida Genérica,Secretaría del Trabajo y Previsión Social,75602432,Cifras Definitivas.
Estadística de Finanzas Públicas Estatales y Municipales. Anual,Ciudad de México,2015,09,Egresos,Partida Genérica,Secretaría de Seguridad Pública,3139080611,Cifras Definitivas.
Estadística de Finanzas Públicas Estatales y Municipales. Anual,Ciudad de México,2015,09,Egresos,Partida Genérica,Procuraduría General de Justicia,1187199148,Cifras Definitivas.
Estadística de Finanzas Públicas Estatales y Municipales. Anual,Ciudad de México,2015,09,Egresos,Partida Genérica,Contraloría General,85487161,Cifras Definitivas.
Estadística de Finanzas Públicas Estatales y Municipales. Anual,Ciudad de México,2015,09,Egresos,Partida Genérica,Oficialía Mayor,251151010,Cifras Definitivas.
Estadística de Finanzas Públicas Estatales y Municipales. Anual,Ciudad de México,2015,09,Egresos,Partida Genérica,Dependencias diversas,568941134,Cifras Definitivas.
Estadística de Finanzas Públicas Estatales y Municipales. Anual,Ciudad de México,2015,09,Egresos,Concepto,Remuneraciones adicionales y especiales,8726750635,Cifras Definitivas.
Estadística de Finanzas Públicas Estatales y Municipales. Anual,Ciudad de México,2015,09,Egresos,Partida Genérica,Primas por años de servicios efectivos prestados,199701737,Cifras Definitivas.
Estadística de Finanzas Públicas Estatales y Municipales. Anual,Ciudad de México,2015,09,Egresos,Partida Genérica,"Primas de vacaciones, dominical y gratificación de fin de año",1982461516,Cifras Definitivas.
Estadística de Finanzas Públicas Estatales y Municipales. Anual,Ciudad de México,2015,09,Egresos,Partida Genérica,Horas extraordinarias,207418626,Cifras Definitivas.
Estadística de Finanzas Públicas Estatales y Municipales. Anual,Ciudad de México,2015,09,Egresos,Partida Genérica,Compensaciones,6337168756,Cifras Definitivas.
Estadística de Finanzas Públicas Estatales y Municipales. Anual,Ciudad de México,2015,09,Egresos,Concepto,Seguridad social,2743949048,Cifras Definitivas.
Estadística de Finanzas Públicas Estatales y Municipales. Anual,Ciudad de México,2015,09,Egresos,Partida Genérica,Aportaciones a fondos de vivienda,648964850,Cifras Definitivas.
Estadística de Finanzas Públicas Estatales y Municipales. Anual,Ciudad de México,2015,09,Egresos,Partida Genérica,Aportaciones para seguros,501592304,Cifras Definitivas.
Estadística de Finanzas Públicas Estatales y Municipales. Anual,Ciudad de México,2015,09,Egresos,Partida Genérica,Otras cuotas de seguridad social y seguros,1593391894,Cifras Definitivas.
Estadística de Finanzas Públicas Estatales y Municipales. Anual,Ciudad de México,2015,09,Egresos,Concepto,Otras prestaciones sociales y económicas,8620274366,Cifras Definitivas.
Estadística de Finanzas Públicas Estatales y Municipales. Anual,Ciudad de México,2015,09,Egresos,Partida Genérica,Cuotas para el fondo de ahorro y fondo de trabajo,595681006,Cifras Definitivas.
Estadística de Finanzas Públicas Estatales y Municipales. Anual,Ciudad de México,2015,09,Egresos,Partida Genérica,Indemnizaciones,557355521,Cifras Definitivas.
Estadística de Finanzas Públicas Estatales y Municipales. Anual,Ciudad de México,2015,09,Egresos,Partida Genérica,Prestaciones y haberes de retiro,767020373,Cifras Definitivas.
Estadística de Finanzas Públicas Estatales y Municipales. Anual,Ciudad de México,2015,09,Egresos,Partida Genérica,Apoyos a la capacitación de los servidores públicos,37913354,Cifras Definitivas.
Estadística de Finanzas Públicas Estatales y Municipales. Anual,Ciudad de México,2015,09,Egresos,Partida Genérica,Otras prestaciones sociales y económicas,6662304112,Cifras Definitivas.
Estadística de Finanzas Públicas Estatales y Municipales. Anual,Ciudad de México,2015,09,Egresos,Concepto,Pago de estímulos a servidores públicos,453487654,Cifras Definitivas.
Estadística de Finanzas Públicas Estatales y Municipales. Anual,Ciudad de México,2015,09,Egresos,Partida Genérica,Estímulos,453487654,Cifras Definitivas.
Estadística de Finanzas Públicas Estatales y Municipales. Anual,Ciudad de México,2015,09,Egresos,Capítulo,Materiales y suministros,4512991237,Cifras Definitivas.
Estadística de Finanzas Públicas Estatales y Municipales. Anual,Ciudad de México,2015,09,Egresos,Concepto,"Materiales de administración, emisión de documentos y artículos oficiales",251106440,Cifras Definitivas.
Estadística de Finanzas Públicas Estatales y Municipales. Anual,Ciudad de México,2015,09,Egresos,Partida Genérica,"Materiales, útiles y equipos menores de oficina",121280001,Cifras Definitivas.
Estadística de Finanzas Públicas Estatales y Municipales. Anual,Ciudad de México,2015,09,Egresos,Partida Genérica,Materiales y útiles de impresión y reproducción,2403578,Cifras Definitivas.
Estadística de Finanzas Públicas Estatales y Municipales. Anual,Ciudad de México,2015,09,Egresos,Partida Genérica,Material estadístico y geográfico,1047789,Cifras Definitivas.
Estadística de Finanzas Públicas Estatales y Municipales. Anual,Ciudad de México,2015,09,Egresos,Partida Genérica,"Materiales, útiles y equipos menores de tecnologías de la información y comunicaciones",69441264,Cifras Definitivas.
Estadística de Finanzas Públicas Estatales y Municipales. Anual,Ciudad de México,2015,09,Egresos,Partida Genérica,Material impreso e información digital,19539541,Cifras Definitivas.
Estadística de Finanzas Públicas Estatales y Municipales. Anual,Ciudad de México,2015,09,Egresos,Partida Genérica,Material de limpieza,25326574,Cifras Definitivas.
Estadística de Finanzas Públicas Estatales y Municipales. Anual,Ciudad de México,2015,09,Egresos,Partida Genérica,Materiales y útiles de enseñanza,12067693,Cifras Definitivas.
Estadística de Finanzas Públicas Estatales y Municipales. Anual,Ciudad de México,2015,09,Egresos,Concepto,Alimentos y utensilios,1302209819,Cifras Definitivas.
Estadística de Finanzas Públicas Estatales y Municipales. Anual,Ciudad de México,2015,09,Egresos,Partida Genérica,Productos alimenticios para personas,1237487143,Cifras Definitivas.
Estadística de Finanzas Públicas Estatales y Municipales. Anual,Ciudad de México,2015,09,Egresos,Partida Genérica,Productos alimenticios para animales,62609894,Cifras Definitivas.
Estadística de Finanzas Públicas Estatales y Municipales. Anual,Ciudad de México,2015,09,Egresos,Partida Genérica,Utensilios para el servicio de alimentación,2112782,Cifras Definitivas.
Estadística de Finanzas Públicas Estatales y Municipales. Anual,Ciudad de México,2015,09,Egresos,Concepto,"Herramientas, refacciones y accesorios menores",81535894,Cifras Definitivas.
Estadística de Finanzas Públicas Estatales y Municipales. Anual,Ciudad de México,2015,09,Egresos,Partida Genérica,Herramientas menores,12368278,Cifras Definitivas.
Estadística de Finanzas Públicas Estatales y Municipales. Anual,Ciudad de México,2015,09,Egresos,Partida Genérica,Refacciones y accesorios menores de edificios,2614712,Cifras Definitivas.
Estadística de Finanzas Públicas Estatales y Municipales. Anual,Ciudad de México,2015,09,Egresos,Partida Genérica,"Refacciones y accesorios menores de mobiliario y equipo de administración, educacional y recreativo",1595338,Cifras Definitivas.
Estadística de Finanzas Públicas Estatales y Municipales. Anual,Ciudad de México,2015,09,Egresos,Partida Genérica,Refacciones y accesorios menores de equipo de cómputo y tecnologías de la información,16286655,Cifras Definitivas.
Estadística de Finanzas Públicas Estatales y Municipales. Anual,Ciudad de México,2015,09,Egresos,Partida Genérica,Refacciones y accesorios menores de equipo e instrumental médico y de laboratorio,3496438,Cifras Definitivas.
Estadística de Finanzas Públicas Estatales y Municipales. Anual,Ciudad de México,2015,09,Egresos,Partida Genérica,Refacciones y accesorios menores de equipo de transporte,32756533,Cifras Definitivas.
Estadística de Finanzas Públicas Estatales y Municipales. Anual,Ciudad de México,2015,09,Egresos,Partida Genérica,Refacciones y accesorios menores de maquinaria y otros equipos,6335205,Cifras Definitivas.
Estadística de Finanzas Públicas Estatales y Municipales. Anual,Ciudad de México,2015,09,Egresos,Partida Genérica,Refacciones y accesorios menores otros bienes muebles,6082735,Cifras Definitivas.
Estadística de Finanzas Públicas Estatales y Municipales. Anual,Ciudad de México,2015,09,Egresos,Concepto,Materiales y artículos de construcción y de reparación,667955453,Cifras Definitivas.
Estadística de Finanzas Públicas Estatales y Municipales. Anual,Ciudad de México,2015,09,Egresos,Partida Genérica,Productos minerales no metálicos,95229252,Cifras Definitivas.
Estadística de Finanzas Públicas Estatales y Municipales. Anual,Ciudad de México,2015,09,Egresos,Partida Genérica,Cemento y productos de concreto,860805,Cifras Definitivas.
Estadística de Finanzas Públicas Estatales y Municipales. Anual,Ciudad de México,2015,09,Egresos,Partida Genérica,"Cal, yeso y productos de yeso",1022007,Cifras Definitivas.
Estadística de Finanzas Públicas Estatales y Municipales. Anual,Ciudad de México,2015,09,Egresos,Partida Genérica,Madera y productos de madera,3992521,Cifras Definitivas.
Estadística de Finanzas Públicas Estatales y Municipales. Anual,Ciudad de México,2015,09,Egresos,Partida Genérica,Vidrio y productos de vidrio,975767,Cifras Definitivas.
Estadística de Finanzas Públicas Estatales y Municipales. Anual,Ciudad de México,2015,09,Egresos,Partida Genérica,Material eléctrico y electrónico,377344617,Cifras Definitivas.
Estadística de Finanzas Públicas Estatales y Municipales. Anual,Ciudad de México,2015,09,Egresos,Partida Genérica,Artículos metálicos para la construcción,64156615,Cifras Definitivas.
Estadística de Finanzas Públicas Estatales y Municipales. Anual,Ciudad de México,2015,09,Egresos,Partida Genérica,Materiales complementarios,8640472,Cifras Definitivas.
Estadística de Finanzas Públicas Estatales y Municipales. Anual,Ciudad de México,2015,09,Egresos,Partida Genérica,Otros materiales y artículos de construcción y reparación,115733397,Cifras Definitivas.
Estadística de Finanzas Públicas Estatales y Municipales. Anual,Ciudad de México,2015,09,Egresos,Concepto,"Productos químicos, farmacéuticos, laboratorio y materias primas de producción y comercialización",908399849,Cifras Definitivas.
Estadística de Finanzas Públicas Estatales y Municipales. Anual,Ciudad de México,2015,09,Egresos,Partida Genérica,"Productos químicos, farmacéuticos y de laboratorio",890397034,Cifras Definitivas.
Estadística de Finanzas Públicas Estatales y Municipales. Anual,Ciudad de México,2015,09,Egresos,Subpartida Genérica,Productos químicos básicos,30250653,Cifras Definitivas.
Estadística de Finanzas Públicas Estatales y Municipales. Anual,Ciudad de México,2015,09,Egresos,Subpartida Genérica,"Fertilizantes, pesticidas y otros agroquímicos",1459444,Cifras Definitivas.
Estadística de Finanzas Públicas Estatales y Municipales. Anual,Ciudad de México,2015,09,Egresos,Subpartida Genérica,Medicinas y productos farmacéuticos,499278909,Cifras Definitivas.
Estadística de Finanzas Públicas Estatales y Municipales. Anual,Ciudad de México,2015,09,Egresos,Subpartida Genérica,"Materiales, accesorios y suministros médicos",325855480,Cifras Definitivas.
Estadística de Finanzas Públicas Estatales y Municipales. Anual,Ciudad de México,2015,09,Egresos,Subpartida Genérica,"Materiales, accesorios y suministros de laboratorio",29334650,Cifras Definitivas.
Estadística de Finanzas Públicas Estatales y Municipales. Anual,Ciudad de México,2015,09,Egresos,Subpartida Genérica,"Fibras sintéticas, hules, plásticos y derivados",4217898,Cifras Definitivas.
Estadística de Finanzas Públicas Estatales y Municipales. Anual,Ciudad de México,2015,09,Egresos,Partida Genérica,Materias primas y materiales de producción y comercialización,12599892,Cifras Definitivas.
Estadística de Finanzas Públicas Estatales y Municipales. Anual,Ciudad de México,2015,09,Egresos,Subpartida Genérica,"Productos alimenticios, agropecuarios y forestales adquiridos como materia prima",786892,Cifras Definitivas.
Estadística de Finanzas Públicas Estatales y Municipales. Anual,Ciudad de México,2015,09,Egresos,Subpartida Genérica,Insumos textiles adquiridos como materia prima,56939,Cifras Definitivas.
Estadística de Finanzas Públicas Estatales y Municipales. Anual,Ciudad de México,2015,09,Egresos,Subpartida Genérica,"Productos de papel, cartón e impresos adquiridos como materia prima",819445,Cifras Definitivas.
Estadística de Finanzas Públicas Estatales y Municipales. Anual,Ciudad de México,2015,09,Egresos,Subpartida Genérica,"Productos químicos, farmacéuticos y de laboratorio adquiridos como materia prima",525436,Cifras Definitivas.
Estadística de Finanzas Públicas Estatales y Municipales. Anual,Ciudad de México,2015,09,Egresos,Subpartida Genérica,Productos metálicos y a base de minerales no metálicos adquiridos como materia prima,16161,Cifras Definitivas.
Estadística de Finanzas Públicas Estatales y Municipales. Anual,Ciudad de México,2015,09,Egresos,Subpartida Genérica,"Productos de cuero, piel, plástico y hule adquiridos como materia prima",10312343,Cifras Definitivas.
Estadística de Finanzas Públicas Estatales y Municipales. Anual,Ciudad de México,2015,09,Egresos,Subpartida Genérica,Mercancías adquiridas para su comercialización,82676,Cifras Definitivas.
Estadística de Finanzas Públicas Estatales y Municipales. Anual,Ciudad de México,2015,09,Egresos,Partida Genérica,Otros productos adquiridos como materia prima,5402923,Cifras Definitivas.
Estadística de Finanzas Públicas Estatales y Municipales. Anual,Ciudad de México,2015,09,Egresos,Concepto,"Combustibles, lubricantes y aditivos",893914503,Cifras Definitivas.
Estadística de Finanzas Públicas Estatales y Municipales. Anual,Ciudad de México,2015,09,Egresos,Partida Genérica,"Combustibles, lubricantes y aditivos",893914503,Cifras Definitivas.
Estadística de Finanzas Públicas Estatales y Municipales. Anual,Ciudad de México,2015,09,Egresos,Concepto,"Vestuario, blancos, prendas de protección y artículos deportivos",262429147,Cifras Definitivas.
Estadística de Finanzas Públicas Estatales y Municipales. Anual,Ciudad de México,2015,09,Egresos,Partida Genérica,Vestuario y uniformes,222564455,Cifras Definitivas.
Estadística de Finanzas Públicas Estatales y Municipales. Anual,Ciudad de México,2015,09,Egresos,Partida Genérica,Prendas de seguridad y protección personal,28117091,Cifras Definitivas.
Estadística de Finanzas Públicas Estatales y Municipales. Anual,Ciudad de México,2015,09,Egresos,Partida Genérica,Artículos deportivos,5178316,Cifras Definitivas.
Estadística de Finanzas Públicas Estatales y Municipales. Anual,Ciudad de México,2015,09,Egresos,Partida Genérica,Productos textiles,4323937,Cifras Definitivas.
Estadística de Finanzas Públicas Estatales y Municipales. Anual,Ciudad de México,2015,09,Egresos,Partida Genérica,"Blancos y otros productos textiles, excepto prendas de vestir",2245348,Cifras Definitivas.
Estadística de Finanzas Públicas Estatales y Municipales. Anual,Ciudad de México,2015,09,Egresos,Concepto,Materiales y suministros para seguridad,145440132,Cifras Definitivas.
Estadística de Finanzas Públicas Estatales y Municipales. Anual,Ciudad de México,2015,09,Egresos,Partida Genérica,Materiales de seguridad pública,31004632,Cifras Definitivas.
Estadística de Finanzas Públicas Estatales y Municipales. Anual,Ciudad de México,2015,09,Egresos,Partida Genérica,Prendas de protección para seguridad pública y nacional,114435500,Cifras Definitivas.
Estadística de Finanzas Públicas Estatales y Municipales. Anual,Ciudad de México,2015,09,Egresos,Capítulo,Servicios generales,14577551701,Cifras Definitivas.
Estadística de Finanzas Públicas Estatales y Municipales. Anual,Ciudad de México,2015,09,Egresos,Concepto,Servicios básicos,876662993,Cifras Definitivas.
Estadística de Finanzas Públicas Estatales y Municipales. Anual,Ciudad de México,2015,09,Egresos,Partida Genérica,Energía eléctrica,287591666,Cifras Definitivas.
Estadística de Finanzas Públicas Estatales y Municipales. Anual,Ciudad de México,2015,09,Egresos,Partida Genérica,Gas,37295600,Cifras Definitivas.
Estadística de Finanzas Públicas Estatales y Municipales. Anual,Ciudad de México,2015,09,Egresos,Partida Genérica,Agua,315748527,Cifras Definitivas.
Estadística de Finanzas Públicas Estatales y Municipales. Anual,Ciudad de México,2015,09,Egresos,Partida Genérica,Telefonía tradicional,52791331,Cifras Definitivas.
Estadística de Finanzas Públicas Estatales y Municipales. Anual,Ciudad de México,2015,09,Egresos,Partida Genérica,Servicios de telecomunicaciones y satélites,7770909,Cifras Definitivas.
Estadística de Finanzas Públicas Estatales y Municipales. Anual,Ciudad de México,2015,09,Egresos,Partida Genérica,"Servicios de acceso de Internet, redes y procesamiento de información",115954636,Cifras Definitivas.
Estadística de Finanzas Públicas Estatales y Municipales. Anual,Ciudad de México,2015,09,Egresos,Partida Genérica,Servicios postales y telegráficos,38527760,Cifras Definitivas.
Estadística de Finanzas Públicas Estatales y Municipales. Anual,Ciudad de México,2015,09,Egresos,Partida Genérica,Servicios integrales y otros servicios,20982564,Cifras Definitivas.
Estadística de Finanzas Públicas Estatales y Municipales. Anual,Ciudad de México,2015,09,Egresos,Concepto,Servicios de arrendamiento,736778523,Cifras Definitivas.
Estadística de Finanzas Públicas Estatales y Municipales. Anual,Ciudad de México,2015,09,Egresos,Partida Genérica,Arrendamiento de edificios,430070964,Cifras Definitivas.
Estadística de Finanzas Públicas Estatales y Municipales. Anual,Ciudad de México,2015,09,Egresos,Partida Genérica,"Arrendamiento de mobiliario y equipo de administración, educacional y recreativo",32286898,Cifras Definitivas.
Estadística de Finanzas Públicas Estatales y Municipales. Anual,Ciudad de México,2015,09,Egresos,Partida Genérica,Arrendamiento de equipo de transporte,199322989,Cifras Definitivas.
Estadística de Finanzas Públicas Estatales y Municipales. Anual,Ciudad de México,2015,09,Egresos,Partida Genérica,Arrendamiento de activos intangibles,20327222,Cifras Definitivas.
Estadística de Finanzas Públicas Estatales y Municipales. Anual,Ciudad de México,2015,09,Egresos,Partida Genérica,Otros arrendamientos,54770450,Cifras Definitivas.
Estadística de Finanzas Públicas Estatales y Municipales. Anual,Ciudad de México,2015,09,Egresos,Concepto,"Servicios profesionales, científicos, técnicos y otros servicios",4238321931,Cifras Definitivas.
Estadística de Finanzas Públicas Estatales y Municipales. Anual,Ciudad de México,2015,09,Egresos,Partida Genérica,"Servicios legales, de contabilidad, auditoría y relacionados",129415843,Cifras Definitivas.
Estadística de Finanzas Públicas Estatales y Municipales. Anual,Ciudad de México,2015,09,Egresos,Partida Genérica,"Servicios de diseño, arquitectura, ingeniería y actividades relacionadas",89106389,Cifras Definitivas.
Estadística de Finanzas Públicas Estatales y Municipales. Anual,Ciudad de México,2015,09,Egresos,Partida Genérica,"Servicios de consultoría administrativa, procesos, técnica y en tecnologías de la información",512895459,Cifras Definitivas.
Estadística de Finanzas Públicas Estatales y Municipales. Anual,Ciudad de México,2015,09,Egresos,Partida Genérica,Servicios de capacitación,65540330,Cifras Definitivas.
Estadística de Finanzas Públicas Estatales y Municipales. Anual,Ciudad de México,2015,09,Egresos,Partida Genérica,Servicios de investigación científica y desarrollo,20240989,Cifras Definitivas.
Estadística de Finanzas Públicas Estatales y Municipales. Anual,Ciudad de México,2015,09,Egresos,Partida Genérica,"Servicios de apoyo administrativo, traducción, fotocopiado e impresión",396715798,Cifras Definitivas.
Estadística de Finanzas Públicas Estatales y Municipales. Anual,Ciudad de México,2015,09,Egresos,Partida Genérica,Servicios de protección y seguridad,3420000,Cifras Definitivas.
Estadística de Finanzas Públicas Estatales y Municipales. Anual,Ciudad de México,2015,09,Egresos,Partida Genérica,Servicios de vigilancia,2972936079,Cifras Definitivas.
Estadística de Finanzas Públicas Estatales y Municipales. Anual,Ciudad de México,2015,09,Egresos,Partida Genérica,"Servicios profesionales, científicos y técnicos integrales",48051044,Cifras Definitivas.
Estadística de Finanzas Públicas Estatales y Municipales. Anual,Ciudad de México,2015,09,Egresos,Concepto,"Servicios financieros, bancarios y comerciales",740328784,Cifras Definitivas.
Estadística de Finanzas Públicas Estatales y Municipales. Anual,Ciudad de México,2015,09,Egresos,Partida Genérica,Servicios financieros y bancarios,39659143,Cifras Definitivas.
Estadística de Finanzas Públicas Estatales y Municipales. Anual,Ciudad de México,2015,09,Egresos,Partida Genérica,"Servicios de recaudación, traslado y custodia de valores",308876156,Cifras Definitivas.
Estadística de Finanzas Públicas Estatales y Municipales. Anual,Ciudad de México,2015,09,Egresos,Partida Genérica,Seguros de responsabilidad patrimonial y fianzas,1369050,Cifras Definitivas.
Estadística de Finanzas Públicas Estatales y Municipales. Anual,Ciudad de México,2015,09,Egresos,Partida Genérica,Seguro de bienes patrimoniales,314650475,Cifras Definitivas.
Estadística de Finanzas Públicas Estatales y Municipales. Anual,Ciudad de México,2015,09,Egresos,Partida Genérica,"Almacenaje, envase y embalaje",37042,Cifras Definitivas.
Estadística de Finanzas Públicas Estatales y Municipales. Anual,Ciudad de México,2015,09,Egresos,Partida Genérica,Fletes y maniobras,75736918,Cifras Definitivas.
Estadística de Finanzas Públicas Estatales y Municipales. Anual,Ciudad de México,2015,09,Egresos,Concepto,"Servicios de instalación, reparación, mantenimiento y conservación",2346003345,Cifras Definitivas.
Estadística de Finanzas Públicas Estatales y Municipales. Anual,Ciudad de México,2015,09,Egresos,Partida Genérica,Conservación y mantenimiento menor de inmuebles,523216986,Cifras Definitivas.
Estadística de Finanzas Públicas Estatales y Municipales. Anual,Ciudad de México,2015,09,Egresos,Partida Genérica,"Instalación, reparación y mantenimiento de mobiliario y equipo de administración, educacional y recreativo",13935581,Cifras Definitivas.
Estadística de Finanzas Públicas Estatales y Municipales. Anual,Ciudad de México,2015,09,Egresos,Partida Genérica,"Instalación, reparación y mantenimiento de equipo de cómputo y tecnología de la información",96034029,Cifras Definitivas.
Estadística de Finanzas Públicas Estatales y Municipales. Anual,Ciudad de México,2015,09,Egresos,Partida Genérica,Servicios de jardinería y fumigación,87319547,Cifras Definitivas.
Estadística de Finanzas Públicas Estatales y Municipales. Anual,Ciudad de México,2015,09,Egresos,Partida Genérica,Reparación y mantenimiento de equipo de transporte,326122044,Cifras Definitivas.
Estadística de Finanzas Públicas Estatales y Municipales. Anual,Ciudad de México,2015,09,Egresos,Partida Genérica,"Reparación y mantenimiento de equipo de defensa y seguridad e instalación, reparación y mantenimiento de equipo e instrumental médico y de laboratorio",96883958,Cifras Definitivas.
Estadística de Finanzas Públicas Estatales y Municipales. Anual,Ciudad de México,2015,09,Egresos,Subpartida Genérica,"Instalación, reparación y mantenimiento de equipo e instrumental médico y de laboratorio",96883958,Cifras Definitivas.
Estadística de Finanzas Públicas Estatales y Municipales. Anual,Ciudad de México,2015,09,Egresos,Partida Genérica,"Instalación, reparación y mantenimiento de maquinaria, otros equipos y herramienta",438929499,Cifras Definitivas.
Estadística de Finanzas Públicas Estatales y Municipales. Anual,Ciudad de México,2015,09,Egresos,Partida Genérica,Servicios de limpieza y manejo de desechos,763561701,Cifras Definitivas.
Estadística de Finanzas Públicas Estatales y Municipales. Anual,Ciudad de México,2015,09,Egresos,Concepto,Servicios de comunicación social y publicidad,418185889,Cifras Definitivas.
Estadística de Finanzas Públicas Estatales y Municipales. Anual,Ciudad de México,2015,09,Egresos,Partida Genérica,"Difusión por radio, televisión y otros medios de mensajes sobre programas y actividades gubernamentales",268404342,Cifras Definitivas.
Estadística de Finanzas Públicas Estatales y Municipales. Anual,Ciudad de México,2015,09,Egresos,Partida Genérica,"Difusión por radio, televisión y otros medios de mensajes comerciales para promover la venta de bienes o servicios",730608,Cifras Definitivas.
Estadística de Finanzas Públicas Estatales y Municipales. Anual,Ciudad de México,2015,09,Egresos,Partida Genérica,"Servicios de creatividad, preproducción y producción de publicidad, excepto Internet",35401040,Cifras Definitivas.
Estadística de Finanzas Públicas Estatales y Municipales. Anual,Ciudad de México,2015,09,Egresos,Partida Genérica,"Servicios de la industria fílmica, del sonido y del video",678124,Cifras Definitivas.
Estadística de Finanzas Públicas Estatales y Municipales. Anual,Ciudad de México,2015,09,Egresos,Partida Genérica,Servicio de creación y difusión de contenido exclusivamente a través de Internet,25985442,Cifras Definitivas.
Estadística de Finanzas Públicas Estatales y Municipales. Anual,Ciudad de México,2015,09,Egresos,Partida Genérica,Otros servicios de información,86986333,Cifras Definitivas.
Estadística de Finanzas Públicas Estatales y Municipales. Anual,Ciudad de México,2015,09,Egresos,Concepto,Servicios de traslado y viáticos,54022963,Cifras Definitivas.
Estadística de Finanzas Públicas Estatales y Municipales. Anual,Ciudad de México,2015,09,Egresos,Partida Genérica,Pasajes aéreos,3481641,Cifras Definitivas.
Estadística de Finanzas Públicas Estatales y Municipales. Anual,Ciudad de México,2015,09,Egresos,Partida Genérica,Pasajes terrestres,43005843,Cifras Definitivas.
Estadística de Finanzas Públicas Estatales y Municipales. Anual,Ciudad de México,2015,09,Egresos,Partida Genérica,Viáticos en el país,2853992,Cifras Definitivas.
Estadística de Finanzas Públicas Estatales y Municipales. Anual,Ciudad de México,2015,09,Egresos,Partida Genérica,Viáticos en el extranjero,1142231,Cifras Definitivas.
Estadística de Finanzas Públicas Estatales y Municipales. Anual,Ciudad de México,2015,09,Egresos,Partida Genérica,Servicios integrales de traslado y viáticos,486421,Cifras Definitivas.
Estadística de Finanzas Públicas Estatales y Municipales. Anual,Ciudad de México,2015,09,Egresos,Partida Genérica,Otros servicios de traslado y hospedaje,3052835,Cifras Definitivas.
Estadística de Finanzas Públicas Estatales y Municipales. Anual,Ciudad de México,2015,09,Egresos,Concepto,Servicios oficiales,281200301,Cifras Definitivas.
Estadística de Finanzas Públicas Estatales y Municipales. Anual,Ciudad de México,2015,09,Egresos,Partida Genérica,Gastos de ceremonial,190305485,Cifras Definitivas.
Estadística de Finanzas Públicas Estatales y Municipales. Anual,Ciudad de México,2015,09,Egresos,Partida Genérica,Gastos de orden social y cultural,6894322,Cifras Definitivas.
Estadística de Finanzas Públicas Estatales y Municipales. Anual,Ciudad de México,2015,09,Egresos,Partida Genérica,Congresos y convenciones,71020836,Cifras Definitivas.
Estadística de Finanzas Públicas Estatales y Municipales. Anual,Ciudad de México,2015,09,Egresos,Partida Genérica,Exposiciones,12979658,Cifras Definitivas.
Estadística de Finanzas Públicas Estatales y Municipales. Anual,Ciudad de México,2015,09,Egresos,Concepto,Otros servicios generales,4886046972,Cifras Definitivas.
Estadística de Finanzas Públicas Estatales y Municipales. Anual,Ciudad de México,2015,09,Egresos,Partida Genérica,Servicios funerarios y de cementerios,7443656,Cifras Definitivas.
Estadística de Finanzas Públicas Estatales y Municipales. Anual,Ciudad de México,2015,09,Egresos,Partida Genérica,Impuestos y derechos,23559045,Cifras Definitivas.
Estadística de Finanzas Públicas Estatales y Municipales. Anual,Ciudad de México,2015,09,Egresos,Partida Genérica,Sentencias y resoluciones por autoridad competente,272743587,Cifras Definitivas.
Estadística de Finanzas Públicas Estatales y Municipales. Anual,Ciudad de México,2015,09,Egresos,Partida Genérica,"Penas, multas, accesorios y actualizaciones",126407,Cifras Definitivas.
Estadística de Finanzas Públicas Estatales y Municipales. Anual,Ciudad de México,2015,09,Egresos,Partida Genérica,Otros gastos por responsabilidades,22838130,Cifras Definitivas.
Estadística de Finanzas Públicas Estatales y Municipales. Anual,Ciudad de México,2015,09,Egresos,Partida Genérica,Impuesto sobre nóminas y otros que se deriven de una relación laboral,1086820256,Cifras Definitivas.
Estadística de Finanzas Públicas Estatales y Municipales. Anual,Ciudad de México,2015,09,Egresos,Partida Genérica,Otros servicios generales,3472515891,Cifras Definitivas.
Estadística de Finanzas Públicas Estatales y Municipales. Anual,Ciudad de México,2015,09,Egresos,Capítulo,"Transferencias, asignaciones, subsidios y otras ayudas",51343607305,Cifras Definitivas.
Estadística de Finanzas Públicas Estatales y Municipales. Anual,Ciudad de México,2015,09,Egresos,Concepto,Transferencias internas y asignaciones al sector público,47584112922,Cifras Definitivas.
Estadística de Finanzas Públicas Estatales y Municipales. Anual,Ciudad de México,2015,09,Egresos,Partida Genérica,A poderes,8518514568,Cifras Definitivas.
Estadística de Finanzas Públicas Estatales y Municipales. Anual,Ciudad de México,2015,09,Egresos,Subpartida Genérica,Legislativo,2590798257,Cifras Definitivas.
Estadística de Finanzas Públicas Estatales y Municipales. Anual,Ciudad de México,2015,09,Egresos,Subpartida Genérica,Judicial,5927716311,Cifras Definitivas.
Estadística de Finanzas Públicas Estatales y Municipales. Anual,Ciudad de México,2015,09,Egresos,Partida Genérica,A instituciones del gobierno según función,35668577642,Cifras Definitivas.
Estadística de Finanzas Públicas Estatales y Municipales. Anual,Ciudad de México,2015,09,Egresos,Subpartida Genérica,Instituciones y programas de educación,1501082754,Cifras Definitivas.
Estadística de Finanzas Públicas Estatales y Municipales. Anual,Ciudad de México,2015,09,Egresos,Subpartida Genérica,Instituciones y programas de salud,80284928,Cifras Definitivas.
Estadística de Finanzas Públicas Estatales y Municipales. Anual,Ciudad de México,2015,09,Egresos,Subpartida Genérica,Instituciones y programas de asistencia social,7676331921,Cifras Definitivas.
Estadística de Finanzas Públicas Estatales y Municipales. Anual,Ciudad de México,2015,09,Egresos,Subpartida Genérica,Instituciones y programas de cultura y deporte,216008122,Cifras Definitivas.
Estadística de Finanzas Públicas Estatales y Municipales. Anual,Ciudad de México,2015,09,Egresos,Subpartida Genérica,Instituciones y programas de seguridad pública,11610321356,Cifras Definitivas.
Estadística de Finanzas Públicas Estatales y Municipales. Anual,Ciudad de México,2015,09,Egresos,Subpartida Genérica,Instituciones y programas del sector turismo,152117000,Cifras Definitivas.
Estadística de Finanzas Públicas Estatales y Municipales. Anual,Ciudad de México,2015,09,Egresos,Subpartida Genérica,Instituciones y programas del sector agropecuario,212139617,Cifras Definitivas.
Estadística de Finanzas Públicas Estatales y Municipales. Anual,Ciudad de México,2015,09,Egresos,Subpartida Genérica,Instituciones y programas del sector económico,654065744,Cifras Definitivas.
Estadística de Finanzas Públicas Estatales y Municipales. Anual,Ciudad de México,2015,09,Egresos,Subpartida Genérica,Instituciones y programas ecológicos,69209000,Cifras Definitivas.
Estadística de Finanzas Públicas Estatales y Municipales. Anual,Ciudad de México,2015,09,Egresos,Subpartida Genérica,Instituciones y programas de infraestructura,13497017200,Cifras Definitivas.
Estadística de Finanzas Públicas Estatales y Municipales. Anual,Ciudad de México,2015,09,Egresos,Partida Genérica,Órganos autónomos y electorales,3361541200,Cifras Definitivas.
Estadística de Finanzas Públicas Estatales y Municipales. Anual,Ciudad de México,2015,09,Egresos,Subpartida Genérica,Instituto electoral,2000386136,Cifras Definitivas.
Estadística de Finanzas Públicas Estatales y Municipales. Anual,Ciudad de México,2015,09,Egresos,Subpartida Genérica,Comisión de derechos humanos,404180614,Cifras Definitivas.
Estadística de Finanzas Públicas Estatales y Municipales. Anual,Ciudad de México,2015,09,Egresos,Subpartida Genérica,Instituciones de transparencia,131751401,Cifras Definitivas.
Estadística de Finanzas Públicas Estatales y Municipales. Anual,Ciudad de México,2015,09,Egresos,Subpartida Genérica,Diversos órganos autónomos y electorales,825223049,Cifras Definitivas.
Estadística de Finanzas Públicas Estatales y Municipales. Anual,Ciudad de México,2015,09,Egresos,Partida Genérica,Diversas transferencias,35479512,Cifras Definitivas.
Estadística de Finanzas Públicas Estatales y Municipales. Anual,Ciudad de México,2015,09,Egresos,Subpartida Genérica,Otras transferencias,35479512,Cifras Definitivas.
Estadística de Finanzas Públicas Estatales y Municipales. Anual,Ciudad de México,2015,09,Egresos,Concepto,Ayudas sociales,70573783,Cifras Definitivas.
Estadística de Finanzas Públicas Estatales y Municipales. Anual,Ciudad de México,2015,09,Egresos,Partida Genérica,Becas y otras ayudas para programas de capacitación,70573783,Cifras Definitivas.
Estadística de Finanzas Públicas Estatales y Municipales. Anual,Ciudad de México,2015,09,Egresos,Concepto,Subsidios y subvenciones,3688889413,Cifras Definitivas.
Estadística de Finanzas Públicas Estatales y Municipales. Anual,Ciudad de México,2015,09,Egresos,Partida Genérica,Subsidios diversos,3688889413,Cifras Definitivas.
Estadística de Finanzas Públicas Estatales y Municipales. Anual,Ciudad de México,2015,09,Egresos,Concepto,Pensiones y jubilaciones,31187,Cifras Definitivas.
Estadística de Finanzas Públicas Estatales y Municipales. Anual,Ciudad de México,2015,09,Egresos,Partida Genérica,Pensiones,31187,Cifras Definitivas.
Estadística de Finanzas Públicas Estatales y Municipales. Anual,Ciudad de México,2015,09,Egresos,Capítulo,"Bienes muebles, inmuebles e intangibles",2566420837,Cifras Definitivas.
Estadística de Finanzas Públicas Estatales y Municipales. Anual,Ciudad de México,2015,09,Egresos,Concepto,Mobiliario y equipo de administración,341162189,Cifras Definitivas.
Estadística de Finanzas Públicas Estatales y Municipales. Anual,Ciudad de México,2015,09,Egresos,Partida Genérica,Muebles de oficina y estantería,102483680,Cifras Definitivas.
Estadística de Finanzas Públicas Estatales y Municipales. Anual,Ciudad de México,2015,09,Egresos,Partida Genérica,"Muebles, excepto de oficina y estantería",13659909,Cifras Definitivas.
Estadística de Finanzas Públicas Estatales y Municipales. Anual,Ciudad de México,2015,09,Egresos,Partida Genérica,"Bienes artísticos, culturales y científicos",350000,Cifras Definitivas.
Estadística de Finanzas Públicas Estatales y Municipales. Anual,Ciudad de México,2015,09,Egresos,Partida Genérica,Equipo de cómputo y de tecnologías de la información,208708388,Cifras Definitivas.
Estadística de Finanzas Públicas Estatales y Municipales. Anual,Ciudad de México,2015,09,Egresos,Partida Genérica,Otros mobiliarios y equipos de administración,15960212,Cifras Definitivas.
Estadística de Finanzas Públicas Estatales y Municipales. Anual,Ciudad de México,2015,09,Egresos,Concepto,Mobiliario y equipo educacional y recreativo,49379461,Cifras Definitivas.
Estadística de Finanzas Públicas Estatales y Municipales. Anual,Ciudad de México,2015,09,Egresos,Partida Genérica,Equipos y aparatos audiovisuales,12699927,Cifras Definitivas.
Estadística de Finanzas Públicas Estatales y Municipales. Anual,Ciudad de México,2015,09,Egresos,Partida Genérica,Aparatos deportivos,313440,Cifras Definitivas.
Estadística de Finanzas Públicas Estatales y Municipales. Anual,Ciudad de México,2015,09,Egresos,Partida Genérica,Cámaras fotográficas y de video,13279345,Cifras Definitivas.
Estadística de Finanzas Públicas Estatales y Municipales. Anual,Ciudad de México,2015,09,Egresos,Partida Genérica,Otro mobiliario y equipo educacional y recreativo,23086749,Cifras Definitivas.
Estadística de Finanzas Públicas Estatales y Municipales. Anual,Ciudad de México,2015,09,Egresos,Concepto,Vehículos y equipo de transporte,581018404,Cifras Definitivas.
Estadística de Finanzas Públicas Estatales y Municipales. Anual,Ciudad de México,2015,09,Egresos,Partida Genérica,Vehículos y equipo terrestre,260811182,Cifras Definitivas.
Estadística de Finanzas Públicas Estatales y Municipales. Anual,Ciudad de México,2015,09,Egresos,Partida Genérica,Carrocerías y remolques,299749532,Cifras Definitivas.
Estadística de Finanzas Públicas Estatales y Municipales. Anual,Ciudad de México,2015,09,Egresos,Partida Genérica,Equipo aeroespacial,846800,Cifras Definitivas.
Estadística de Finanzas Públicas Estatales y Municipales. Anual,Ciudad de México,2015,09,Egresos,Partida Genérica,Otros equipos de transporte,19610890,Cifras Definitivas.
Estadística de Finanzas Públicas Estatales y Municipales. Anual,Ciudad de México,2015,09,Egresos,Concepto,Equipo de defensa y seguridad y equipo e instrumental médico y laboratorio,1067459008,Cifras Definitivas.
Estadística de Finanzas Públicas Estatales y Municipales. Anual,Ciudad de México,2015,09,Egresos,Partida Genérica,Equipo de defensa y seguridad,515489371,Cifras Definitivas.
Estadística de Finanzas Públicas Estatales y Municipales. Anual,Ciudad de México,2015,09,Egresos,Partida Genérica,Equipo médico y de laboratorio,549271260,Cifras Definitivas.
Estadística de Finanzas Públicas Estatales y Municipales. Anual,Ciudad de México,2015,09,Egresos,Partida Genérica,Instrumental médico y de laboratorio,2698377,Cifras Definitivas.
Estadística de Finanzas Públicas Estatales y Municipales. Anual,Ciudad de México,2015,09,Egresos,Concepto,"Maquinaria, otros equipos y herramientas",310574028,Cifras Definitivas.
Estadística de Finanzas Públicas Estatales y Municipales. Anual,Ciudad de México,2015,09,Egresos,Partida Genérica,Maquinaria y equipo agropecuario,1773153,Cifras Definitivas.
Estadística de Finanzas Públicas Estatales y Municipales. Anual,Ciudad de México,2015,09,Egresos,Partida Genérica,Maquinaria y equipo industrial,140659227,Cifras Definitivas.
Estadística de Finanzas Públicas Estatales y Municipales. Anual,Ciudad de México,2015,09,Egresos,Partida Genérica,Maquinaria y equipo de construcción,6472312,Cifras Definitivas.
Estadística de Finanzas Públicas Estatales y Municipales. Anual,Ciudad de México,2015,09,Egresos,Partida Genérica,"Sistemas de aire acondicionado, calefacción y de refrigeración industrial y comercial",3204776,Cifras Definitivas.
Estadística de Finanzas Públicas Estatales y Municipales. Anual,Ciudad de México,2015,09,Egresos,Partida Genérica,Equipo de comunicación y telecomunicación,75803234,Cifras Definitivas.
Estadística de Finanzas Públicas Estatales y Municipales. Anual,Ciudad de México,2015,09,Egresos,Partida Genérica,"Equipos de generación eléctrica, aparatos y accesorios eléctricos",25807022,Cifras Definitivas.
Estadística de Finanzas Públicas Estatales y Municipales. Anual,Ciudad de México,2015,09,Egresos,Partida Genérica,Herramientas y máquinas-herramienta,870139,Cifras Definitivas.
Estadística de Finanzas Públicas Estatales y Municipales. Anual,Ciudad de México,2015,09,Egresos,Partida Genérica,Otros equipos,55984165,Cifras Definitivas.
Estadística de Finanzas Públicas Estatales y Municipales. Anual,Ciudad de México,2015,09,Egresos,Concepto,Activos biológicos,26995637,Cifras Definitivas.
Estadística de Finanzas Públicas Estatales y Municipales. Anual,Ciudad de México,2015,09,Egresos,Partida Genérica,Árboles y plantas,26995637,Cifras Definitivas.
Estadística de Finanzas Públicas Estatales y Municipales. Anual,Ciudad de México,2015,09,Egresos,Concepto,Bienes inmuebles,164991488,Cifras Definitivas.
Estadística de Finanzas Públicas Estatales y Municipales. Anual,Ciudad de México,2015,09,Egresos,Partida Genérica,Terrenos,33210730,Cifras Definitivas.
Estadística de Finanzas Públicas Estatales y Municipales. Anual,Ciudad de México,2015,09,Egresos,Partida Genérica,Viviendas,13054204,Cifras Definitivas.
Estadística de Finanzas Públicas Estatales y Municipales. Anual,Ciudad de México,2015,09,Egresos,Partida Genérica,Otros bienes inmuebles,118726554,Cifras Definitivas.
Estadística de Finanzas Públicas Estatales y Municipales. Anual,Ciudad de México,2015,09,Egresos,Concepto,Activos intangibles,24840622,Cifras Definitivas.
Estadística de Finanzas Públicas Estatales y Municipales. Anual,Ciudad de México,2015,09,Egresos,Partida Genérica,Software,15175151,Cifras Definitivas.
Estadística de Finanzas Públicas Estatales y Municipales. Anual,Ciudad de México,2015,09,Egresos,Partida Genérica,Licencias informáticas e intelectuales,9665471,Cifras Definitivas.
Estadística de Finanzas Públicas Estatales y Municipales. Anual,Ciudad de México,2015,09,Egresos,Capítulo,Inversión pública,7553456322,Cifras Definitivas.
Estadística de Finanzas Públicas Estatales y Municipales. Anual,Ciudad de México,2015,09,Egresos,Concepto,Obra pública en bienes de dominio público,5787790335,Cifras Definitivas.
Estadística de Finanzas Públicas Estatales y Municipales. Anual,Ciudad de México,2015,09,Egresos,Partida Genérica,Edificación no habitacional,655905391,Cifras Definitivas.
Estadística de Finanzas Públicas Estatales y Municipales. Anual,Ciudad de México,2015,09,Egresos,Subpartida Genérica,Edificios públicos diversos,655905391,Cifras Definitivas.
Estadística de Finanzas Públicas Estatales y Municipales. Anual,Ciudad de México,2015,09,Egresos,Partida Genérica,División de terrenos y construcción de obras de urbanización,910694747,Cifras Definitivas.
Estadística de Finanzas Públicas Estatales y Municipales. Anual,Ciudad de México,2015,09,Egresos,Partida Genérica,Construcción de vías de comunicación,2374279099,Cifras Definitivas.
Estadística de Finanzas Públicas Estatales y Municipales. Anual,Ciudad de México,2015,09,Egresos,Partida Genérica,Otras construcciones de ingeniería civil u obra pesada,1846911098,Cifras Definitivas.
Estadística de Finanzas Públicas Estatales y Municipales. Anual,Ciudad de México,2015,09,Egresos,Concepto,Obra pública en bienes propios,378585771,Cifras Definitivas.
Estadística de Finanzas Públicas Estatales y Municipales. Anual,Ciudad de México,2015,09,Egresos,Partida Genérica,Edificación no habitacional,378585771,Cifras Definitivas.
Estadística de Finanzas Públicas Estatales y Municipales. Anual,Ciudad de México,2015,09,Egresos,Subpartida Genérica,Edificios públicos diversos,378585771,Cifras Definitivas.
Estadística de Finanzas Públicas Estatales y Municipales. Anual,Ciudad de México,2015,09,Egresos,Concepto,Proyectos productivos y acciones de fomento,1387080216,Cifras Definitivas.
Estadística de Finanzas Públicas Estatales y Municipales. Anual,Ciudad de México,2015,09,Egresos,Partida Genérica,Diversos proyectos productivos y acciones de fomento,1387080216,Cifras Definitivas.
Estadística de Finanzas Públicas Estatales y Municipales. Anual,Ciudad de México,2015,09,Egresos,Capítulo,Inversiones financieras y otras provisiones,4630665326,Cifras Definitivas.
Estadística de Finanzas Públicas Estatales y Municipales. Anual,Ciudad de México,2015,09,Egresos,Concepto,Inversiones para el fomento de actividades productivas,97536639,Cifras Definitivas.
Estadística de Finanzas Públicas Estatales y Municipales. Anual,Ciudad de México,2015,09,Egresos,Partida Genérica,Diversos créditos,97536639,Cifras Definitivas.
Estadística de Finanzas Públicas Estatales y Municipales. Anual,Ciudad de México,2015,09,Egresos,Concepto,"Inversiones en fideicomisos, mandatos y otros análogos",4533128687,Cifras Definitivas.
Estadística de Finanzas Públicas Estatales y Municipales. Anual,Ciudad de México,2015,09,Egresos,Partida Genérica,Otras inversiones en fideicomisos,4533128687,Cifras Definitivas.
Estadística de Finanzas Públicas Estatales y Municipales. Anual,Ciudad de México,2015,09,Egresos,Capítulo,Recursos asignados a alcaldías de la Ciudad de México y sector paraestatal,65128747087,Cifras Definitivas.
Estadística de Finanzas Públicas Estatales y Municipales. Anual,Ciudad de México,2015,09,Egresos,Concepto,Alcaldías de la Ciudad de México,34766266437,Cifras Definitivas.
Estadística de Finanzas Públicas Estatales y Municipales. Anual,Ciudad de México,2015,09,Egresos,Partida Genérica,Azcapotzalco,1769434808,Cifras Definitivas.
Estadística de Finanzas Públicas Estatales y Municipales. Anual,Ciudad de México,2015,09,Egresos,Partida Genérica,Coyoacán,2526495247,Cifras Definitivas.
Estadística de Finanzas Públicas Estatales y Municipales. Anual,Ciudad de México,2015,09,Egresos,Partida Genérica,Cuajimalpa de Morelos,1171161219,Cifras Definitivas.
Estadística de Finanzas Públicas Estatales y Municipales. Anual,Ciudad de México,2015,09,Egresos,Partida Genérica,Gustavo A. Madero,3840565953,Cifras Definitivas.
Estadística de Finanzas Públicas Estatales y Municipales. Anual,Ciudad de México,2015,09,Egresos,Partida Genérica,Iztacalco,1615746480,Cifras Definitivas.
Estadística de Finanzas Públicas Estatales y Municipales. Anual,Ciudad de México,2015,09,Egresos,Partida Genérica,Iztapalapa,4569644550,Cifras Definitivas.
Estadística de Finanzas Públicas Estatales y Municipales. Anual,Ciudad de México,2015,09,Egresos,Partida Genérica,Magdalena Contreras,1166854392,Cifras Definitivas.
Estadística de Finanzas Públicas Estatales y Municipales. Anual,Ciudad de México,2015,09,Egresos,Partida Genérica,Milpa Alta,1031430801,Cifras Definitivas.
Estadística de Finanzas Públicas Estatales y Municipales. Anual,Ciudad de México,2015,09,Egresos,Partida Genérica,Álvaro Obregón,2919712446,Cifras Definitivas.
Estadística de Finanzas Públicas Estatales y Municipales. Anual,Ciudad de México,2015,09,Egresos,Partida Genérica,Tláhuac,1343344406,Cifras Definitivas.
Estadística de Finanzas Públicas Estatales y Municipales. Anual,Ciudad de México,2015,09,Egresos,Partida Genérica,Tlalpan,1931738781,Cifras Definitivas.
Estadística de Finanzas Públicas Estatales y Municipales. Anual,Ciudad de México,2015,09,Egresos,Partida Genérica,Xochimilco,1610912769,Cifras Definitivas.
Estadística de Finanzas Públicas Estatales y Municipales. Anual,Ciudad de México,2015,09,Egresos,Partida Genérica,Benito Juárez,1736035547,Cifras Definitivas.
Estadística de Finanzas Públicas Estatales y Municipales. Anual,Ciudad de México,2015,09,Egresos,Partida Genérica,Cuauhtémoc,3127525030,Cifras Definitivas.
Estadística de Finanzas Públicas Estatales y Municipales. Anual,Ciudad de México,2015,09,Egresos,Partida Genérica,Miguel Hidalgo,1973842037,Cifras Definitivas.
Estadística de Finanzas Públicas Estatales y Municipales. Anual,Ciudad de México,2015,09,Egresos,Partida Genérica,Venustiano Carranza,2431821971,Cifras Definitivas.
Estadística de Finanzas Públicas Estatales y Municipales. Anual,Ciudad de México,2015,09,Egresos,Concepto,Sector Paraestatal del Gobierno de la Ciudad de México,30362480650,Cifras Definitivas.
Estadística de Finanzas Públicas Estatales y Municipales. Anual,Ciudad de México,2015,09,Egresos,Partida Genérica,Heroico Cuerpo de Bomberos de la Ciudad de México,887701372,Cifras Definitivas.
Estadística de Finanzas Públicas Estatales y Municipales. Anual,Ciudad de México,2015,09,Egresos,Partida Genérica,Instituto de Vivienda de la Ciudad de México,1985624863,Cifras Definitivas.
Estadística de Finanzas Públicas Estatales y Municipales. Anual,Ciudad de México,2015,09,Egresos,Partida Genérica,Fondo para el Desarrollo Social de la Ciudad de México,110656031,Cifras Definitivas.
Estadística de Finanzas Públicas Estatales y Municipales. Anual,Ciudad de México,2015,09,Egresos,Partida Genérica,Fideicomiso de Recuperación Crediticia de la Ciudad de México FIDERE III,27652283,Cifras Definitivas.
Estadística de Finanzas Públicas Estatales y Municipales. Anual,Ciudad de México,2015,09,Egresos,Partida Genérica,Fondo Mixto de Promoción Turística de la Ciudad de México,450791676,Cifras Definitivas.
Estadística de Finanzas Públicas Estatales y Municipales. Anual,Ciudad de México,2015,09,Egresos,Partida Genérica,Fondo Ambiental Público de la Ciudad de México,320012721,Cifras Definitivas.
Estadística de Finanzas Públicas Estatales y Municipales. Anual,Ciudad de México,2015,09,Egresos,Partida Genérica,Sistema para el Desarrollo Integral de la Familia,3109130052,Cifras Definitivas.
Estadística de Finanzas Públicas Estatales y Municipales. Anual,Ciudad de México,2015,09,Egresos,Partida Genérica,Instituto de Educación Media Superior de la Ciudad de México,807232192,Cifras Definitivas.
Estadística de Finanzas Públicas Estatales y Municipales. Anual,Ciudad de México,2015,09,Egresos,Partida Genérica,Instituto de la Juventud de la Ciudad de México,103378701,Cifras Definitivas.
Estadística de Finanzas Públicas Estatales y Municipales. Anual,Ciudad de México,2015,09,Egresos,Partida Genérica,Instituto de las Mujeres de la Ciudad de México,134180839,Cifras Definitivas.
Estadística de Finanzas Públicas Estatales y Municipales. Anual,Ciudad de México,2015,09,Egresos,Partida Genérica,Fideicomiso del Centro Histórico de la Ciudad de México,191643819,Cifras Definitivas.
Estadística de Finanzas Públicas Estatales y Municipales. Anual,Ciudad de México,2015,09,Egresos,Partida Genérica,Sistema de Transporte Colectivo (Metro),8066430676,Cifras Definitivas.
Estadística de Finanzas Públicas Estatales y Municipales. Anual,Ciudad de México,2015,09,Egresos,Partida Genérica,Servicio de Transportes Eléctricos de la Ciudad de México,1112777164,Cifras Definitivas.
Estadística de Finanzas Públicas Estatales y Municipales. Anual,Ciudad de México,2015,09,Egresos,Partida Genérica,Sistema de Movilidad 1,1480999054,Cifras Definitivas.
Estadística de Finanzas Públicas Estatales y Municipales. Anual,Ciudad de México,2015,09,Egresos,Partida Genérica,Fideicomiso para el Fondo de Promoción del Transporte Público,29600000,Cifras Definitivas.
Estadística de Finanzas Públicas Estatales y Municipales. Anual,Ciudad de México,2015,09,Egresos,Partida Genérica,Caja de Previsión para Trabajadores a Lista de Raya de la Ciudad de México,1964091756,Cifras Definitivas.
Estadística de Finanzas Públicas Estatales y Municipales. Anual,Ciudad de México,2015,09,Egresos,Partida Genérica,Caja de Previsión de la Policía Preventiva de la Ciudad de México,1003883175,Cifras Definitivas.
Estadística de Finanzas Públicas Estatales y Municipales. Anual,Ciudad de México,2015,09,Egresos,Partida Genérica,Servicios de Salud Pública de la Ciudad de México,4966109186,Cifras Definitivas.
Estadística de Finanzas Públicas Estatales y Municipales. Anual,Ciudad de México,2015,09,Egresos,Partida Genérica,Procuraduría Social de la Ciudad de México,274089303,Cifras Definitivas.
Estadística de Finanzas Públicas Estatales y Municipales. Anual,Ciudad de México,2015,09,Egresos,Partida Genérica,Procuraduría Ambiental y del Ordenamiento Territorial de la Ciudad de México,120247433,Cifras Definitivas.
Estadística de Finanzas Públicas Estatales y Municipales. Anual,Ciudad de México,2015,09,Egresos,Partida Genérica,Fondo para la Atención y Apoyo a las Víctimas del Delito,4413867,Cifras Definitivas.
Estadística de Finanzas Públicas Estatales y Municipales. Anual,Ciudad de México,2015,09,Egresos,Partida Genérica,Metrobús,77225543,Cifras Definitivas.
Estadística de Finanzas Públicas Estatales y Municipales. Anual,Ciudad de México,2015,09,Egresos,Partida Genérica,Fideicomiso Museo de Arte Popular Mexicano,19330001,Cifras Definitivas.
Estadística de Finanzas Públicas Estatales y Municipales. Anual,Ciudad de México,2015,09,Egresos,Partida Genérica,Fideicomiso Museo del Estanquillo,17051308,Cifras Definitivas.
Estadística de Finanzas Públicas Estatales y Municipales. Anual,Ciudad de México,2015,09,Egresos,Partida Genérica,Fideicomiso Educación Garantizada,1898077868,Cifras Definitivas.
Estadística de Finanzas Públicas Estatales y Municipales. Anual,Ciudad de México,2015,09,Egresos,Partida Genérica,Consejo de Evaluación del Desarrollo Social de la Ciudad de México,20969173,Cifras Definitivas.
Estadística de Finanzas Públicas Estatales y Municipales. Anual,Ciudad de México,2015,09,Egresos,Partida Genérica,Instituto del Deporte de la Ciudad de México,331309524,Cifras Definitivas.
Estadística de Finanzas Públicas Estatales y Municipales. Anual,Ciudad de México,2015,09,Egresos,Partida Genérica,Fondo de Apoyo a la Procuración de Justicia,9437060,Cifras Definitivas.
Estadística de Finanzas Públicas Estatales y Municipales. Anual,Ciudad de México,2015,09,Egresos,Partida Genérica,Diversas Entidades Paraestatales de la Ciudad de México,838434010,Cifras Definitivas.
Estadística de Finanzas Públicas Estatales y Municipales. Anual,Ciudad de México,2015,09,Egresos,Capítulo,Deuda pública,8419068685,Cifras Definitivas.
Estadística de Finanzas Públicas Estatales y Municipales. Anual,Ciudad de México,2015,09,Egresos,Concepto,Amortización de la deuda pública,3786338120,Cifras Definitivas.
Estadística de Finanzas Públicas Estatales y Municipales. Anual,Ciudad de México,2015,09,Egresos,Partida Genérica,Amortización de la deuda interna con instituciones de crédito,843280735,Cifras Definitivas.
Estadística de Finanzas Públicas Estatales y Municipales. Anual,Ciudad de México,2015,09,Egresos,Partida Genérica,Amortización de la deuda interna por emisión de títulos y valores,2943057385,Cifras Definitivas.
Estadística de Finanzas Públicas Estatales y Municipales. Anual,Ciudad de México,2015,09,Egresos,Concepto,Intereses de la deuda pública,3958175368,Cifras Definitivas.
Estadística de Finanzas Públicas Estatales y Municipales. Anual,Ciudad de México,2015,09,Egresos,Partida Genérica,Intereses de la deuda interna con instituciones de crédito,2975093388,Cifras Definitivas.
Estadística de Finanzas Públicas Estatales y Municipales. Anual,Ciudad de México,2015,09,Egresos,Partida Genérica,Intereses derivados de la colocación de títulos y valores,983081980,Cifras Definitivas.
Estadística de Finanzas Públicas Estatales y Municipales. Anual,Ciudad de México,2015,09,Egresos,Concepto,Costo por coberturas,18615215,Cifras Definitivas.
Estadística de Finanzas Públicas Estatales y Municipales. Anual,Ciudad de México,2015,09,Egresos,Partida Genérica,Costos por coberturas,18615215,Cifras Definitivas.
Estadística de Finanzas Públicas Estatales y Municipales. Anual,Ciudad de México,2015,09,Egresos,Concepto,Adeudos de ejercicios fiscales anteriores (ADEFAS),655939982,Cifras Definitivas.
Estadística de Finanzas Públicas Estatales y Municipales. Anual,Ciudad de México,2015,09,Egresos,Partida Genérica,ADEFAS,655939982,Cifras Definitivas.
Estadística de Finanzas Públicas Estatales y Municipales. Anual,Ciudad de México,2015,09,Egresos,Capítulo,Disponibilidad final,4499086950,Cifras Definitivas.
Estadística de Finanzas Públicas Estatales y Municipales. Anual,Ciudad de México,2015,09,Ingresos,Tema,Total de ingresos,195385971600,Cifras Definitivas.
Estadística de Finanzas Públicas Estatales y Municipales. Anual,Ciudad de México,2015,09,Ingresos,Capítulo,Impuestos,48049046200,Cifras Definitivas.
Estadística de Finanzas Públicas Estatales y Municipales. Anual,Ciudad de México,2015,09,Ingresos,Concepto,Impuesto sobre los Ingresos,20281468700,Cifras Definitivas.
Estadística de Finanzas Públicas Estatales y Municipales. Anual,Ciudad de México,2015,09,Ingresos,Partida Genérica,Impuesto sobre nómina,20281468700,Cifras Definitivas.
Estadística de Finanzas Públicas Estatales y Municipales. Anual,Ciudad de México,2015,09,Ingresos,Concepto,Impuestos sobre el Patrimonio,26727408400,Cifras Definitivas.
Estadística de Finanzas Públicas Estatales y Municipales. Anual,Ciudad de México,2015,09,Ingresos,Partida Genérica,Impuesto predial,14187482800,Cifras Definitivas.
Estadística de Finanzas Públicas Estatales y Municipales. Anual,Ciudad de México,2015,09,Ingresos,Partida Genérica,Impuesto sobre tenencia o uso de vehículos,6067742700,Cifras Definitivas.
Estadística de Finanzas Públicas Estatales y Municipales. Anual,Ciudad de México,2015,09,Ingresos,Partida Genérica,Adquisición de bienes inmuebles,6472182900,Cifras Definitivas.
Estadística de Finanzas Públicas Estatales y Municipales. Anual,Ciudad de México,2015,09,Ingresos,Concepto,"Impuesto sobre la producción, el consumo y las transacciones",982226500,Cifras Definitivas.
Estadística de Finanzas Públicas Estatales y Municipales. Anual,Ciudad de México,2015,09,Ingresos,Partida Genérica,Impuesto sobre hospedaje,348305500,Cifras Definitivas.
Estadística de Finanzas Públicas Estatales y Municipales. Anual,Ciudad de México,2015,09,Ingresos,Partida Genérica,Diversiones y espectáculos públicos,257667600,Cifras Definitivas.
Estadística de Finanzas Públicas Estatales y Municipales. Anual,Ciudad de México,2015,09,Ingresos,Partida Genérica,"Loterías, rifas, sorteos y juegos permitidos",376253400,Cifras Definitivas.
Estadística de Finanzas Públicas Estatales y Municipales. Anual,Ciudad de México,2015,09,Ingresos,Concepto,Accesorios,57942600,Cifras Definitivas.
Estadística de Finanzas Públicas Estatales y Municipales. Anual,Ciudad de México,2015,09,Ingresos,Capítulo,Derechos,23282938900,Cifras Definitivas.
Estadística de Finanzas Públicas Estatales y Municipales. Anual,Ciudad de México,2015,09,Ingresos,Concepto,"Derechos por el uso, goce, aprovechamiento o explotación de bienes de dominio público",12622525100,Cifras Definitivas.
Estadística de Finanzas Públicas Estatales y Municipales. Anual,Ciudad de México,2015,09,Ingresos,Partida Genérica,Registros,1569416300,Cifras Definitivas.
Estadística de Finanzas Públicas Estatales y Municipales. Anual,Ciudad de México,2015,09,Ingresos,Subpartida Genérica,Registro civil,215502700,Cifras Definitivas.
Estadística de Finanzas Públicas Estatales y Municipales. Anual,Ciudad de México,2015,09,Ingresos,Subpartida Genérica,Registro público de la propiedad y del comercio,1353913600,Cifras Definitivas.
Estadística de Finanzas Públicas Estatales y Municipales. Anual,Ciudad de México,2015,09,Ingresos,Partida Genérica,Certificaciones y constancias,7750800,Cifras Definitivas.
Estadística de Finanzas Públicas Estatales y Municipales. Anual,Ciudad de México,2015,09,Ingresos,Subpartida Genérica,Ecología e impacto ambiental,7750800,Cifras Definitivas.
Estadística de Finanzas Públicas Estatales y Municipales. Anual,Ciudad de México,2015,09,Ingresos,Partida Genérica,Licencias y permisos,779637400,Cifras Definitivas.
Estadística de Finanzas Públicas Estatales y Municipales. Anual,Ciudad de México,2015,09,Ingresos,Subpartida Genérica,Licencias y permisos diversos,779637400,Cifras Definitivas.
Estadística de Finanzas Públicas Estatales y Municipales. Anual,Ciudad de México,2015,09,Ingresos,Partida Genérica,Servicios de vialidad y transporte,2816538500,Cifras Definitivas.
Estadística de Finanzas Públicas Estatales y Municipales. Anual,Ciudad de México,2015,09,Ingresos,Subpartida Genérica,Servicios de grúa y almacenaje de vehículos,290007200,Cifras Definitivas.
Estadística de Finanzas Públicas Estatales y Municipales. Anual,Ciudad de México,2015,09,Ingresos,Subpartida Genérica,Control vehicular,2526531300,Cifras Definitivas.
Estadística de Finanzas Públicas Estatales y Municipales. Anual,Ciudad de México,2015,09,Ingresos,Partida Genérica,Uso y suministro de agua potable,7194040100,Cifras Definitivas.
Estadística de Finanzas Públicas Estatales y Municipales. Anual,Ciudad de México,2015,09,Ingresos,Partida Genérica,Servicios de desarrollo urbano y obras públicas,255142000,Cifras Definitivas.
Estadística de Finanzas Públicas Estatales y Municipales. Anual,Ciudad de México,2015,09,Ingresos,Subpartida Genérica,Urbanización,151384100,Cifras Definitivas.
Estadística de Finanzas Públicas Estatales y Municipales. Anual,Ciudad de México,2015,09,Ingresos,Subpartida Genérica,Por servicios de fraccionamiento,103757900,Cifras Definitivas.
Estadística de Finanzas Públicas Estatales y Municipales. Anual,Ciudad de México,2015,09,Ingresos,Concepto,Derechos por prestación de servicios,10420691800,Cifras Definitivas.
Estadística de Finanzas Públicas Estatales y Municipales. Anual,Ciudad de México,2015,09,Ingresos,Partida Genérica,Estacionamientos,83519800,Cifras Definitivas.
Estadística de Finanzas Públicas Estatales y Municipales. Anual,Ciudad de México,2015,09,Ingresos,Partida Genérica,Seguridad pública,10309325500,Cifras Definitivas.
Estadística de Finanzas Públicas Estatales y Municipales. Anual,Ciudad de México,2015,09,Ingresos,Partida Genérica,Servicios de limpia y recolección de basura,19619100,Cifras Definitivas.
Estadística de Finanzas Públicas Estatales y Municipales. Anual,Ciudad de México,2015,09,Ingresos,Partida Genérica,Diversos derechos por prestación de servicios,8227400,Cifras Definitivas.
Estadística de Finanzas Públicas Estatales y Municipales. Anual,Ciudad de México,2015,09,Ingresos,Concepto,Otros Derechos,239722000,Cifras Definitivas.
Estadística de Finanzas Públicas Estatales y Municipales. Anual,Ciudad de México,2015,09,Ingresos,Capítulo,Productos,2743846100,Cifras Definitivas.
Estadística de Finanzas Públicas Estatales y Municipales. Anual,Ciudad de México,2015,09,Ingresos,Concepto,Productos de tipo corriente,1753709000,Cifras Definitivas.
Estadística de Finanzas Públicas Estatales y Municipales. Anual,Ciudad de México,2015,09,Ingresos,Partida Genérica,Intereses,865587000,Cifras Definitivas.
Estadística de Finanzas Públicas Estatales y Municipales. Anual,Ciudad de México,2015,09,Ingresos,Partida Genérica,Establecimientos y empresas,888122000,Cifras Definitivas.
Estadística de Finanzas Públicas Estatales y Municipales. Anual,Ciudad de México,2015,09,Ingresos,Subpartida Genérica,Talleres gráficos,359655100,Cifras Definitivas.
Estadística de Finanzas Públicas Estatales y Municipales. Anual,Ciudad de México,2015,09,Ingresos,Subpartida Genérica,Establecimientos diversos,528466900,Cifras Definitivas.
Estadística de Finanzas Públicas Estatales y Municipales. Anual,Ciudad de México,2015,09,Ingresos,Concepto,Productos de tipo capital,985889800,Cifras Definitivas.
Estadística de Finanzas Públicas Estatales y Municipales. Anual,Ciudad de México,2015,09,Ingresos,Partida Genérica,Enajenación o venta de bienes,985889800,Cifras Definitivas.
Estadística de Finanzas Públicas Estatales y Municipales. Anual,Ciudad de México,2015,09,Ingresos,Subpartida Genérica,Bienes muebles e inmuebles,349824600,Cifras Definitivas.
Estadística de Finanzas Públicas Estatales y Municipales. Anual,Ciudad de México,2015,09,Ingresos,Subpartida Genérica,Bienes inmuebles,636065200,Cifras Definitivas.
Estadística de Finanzas Públicas Estatales y Municipales. Anual,Ciudad de México,2015,09,Ingresos,Concepto,Otros productos,4247300,Cifras Definitivas.
Estadística de Finanzas Públicas Estatales y Municipales. Anual,Ciudad de México,2015,09,Ingresos,Capítulo,Aprovechamientos,5228997700,Cifras Definitivas.
Estadística de Finanzas Públicas Estatales y Municipales. Anual,Ciudad de México,2015,09,Ingresos,Concepto,Aprovechamientos de tipo corriente,1347907200,Cifras Definitivas.
Estadística de Finanzas Públicas Estatales y Municipales. Anual,Ciudad de México,2015,09,Ingresos,Partida Genérica,Multas,1301460000,Cifras Definitivas.
Estadística de Finanzas Públicas Estatales y Municipales. Anual,Ciudad de México,2015,09,Ingresos,Partida Genérica,Fianzas y depósitos,20128800,Cifras Definitivas.
Estadística de Finanzas Públicas Estatales y Municipales. Anual,Ciudad de México,2015,09,Ingresos,Partida Genérica,Donaciones y aprovechamientos a favor del estado,26318400,Cifras Definitivas.
Estadística de Finanzas Públicas Estatales y Municipales. Anual,Ciudad de México,2015,09,Ingresos,Concepto,Aprovechamientos de tipo capital,301284300,Cifras Definitivas.
Estadística de Finanzas Públicas Estatales y Municipales. Anual,Ciudad de México,2015,09,Ingresos,Partida Genérica,Concesiones para la explotación de bienes patrimoniales,301284300,Cifras Definitivas.
Estadística de Finanzas Públicas Estatales y Municipales. Anual,Ciudad de México,2015,09,Ingresos,Concepto,Otros aprovechamientos,3579806200,Cifras Definitivas.
Estadística de Finanzas Públicas Estatales y Municipales. Anual,Ciudad de México,2015,09,Ingresos,Capítulo,Participaciones federales,73153065800,Cifras Definitivas.
Estadística de Finanzas Públicas Estatales y Municipales. Anual,Ciudad de México,2015,09,Ingresos,Concepto,Fondos participables,64565398500,Cifras Definitivas.
Estadística de Finanzas Públicas Estatales y Municipales. Anual,Ciudad de México,2015,09,Ingresos,Partida Genérica,Fondo General de Participaciones,52649598100,Cifras Definitivas.
Estadística de Finanzas Públicas Estatales y Municipales. Anual,Ciudad de México,2015,09,Ingresos,Partida Genérica,Fondo de Fomento Municipal,2923765100,Cifras Definitivas.
Estadística de Finanzas Públicas Estatales y Municipales. Anual,Ciudad de México,2015,09,Ingresos,Partida Genérica,Fondo de Fiscalización,2724363400,Cifras Definitivas.
Estadística de Finanzas Públicas Estatales y Municipales. Anual,Ciudad de México,2015,09,Ingresos,Partida Genérica,Fondo del Impuesto Sobre la Renta,6267671900,Cifras Definitivas.
Estadística de Finanzas Públicas Estatales y Municipales. Anual,Ciudad de México,2015,09,Ingresos,Concepto,Impuestos participables,5120180700,Cifras Definitivas.
Estadística de Finanzas Públicas Estatales y Municipales. Anual,Ciudad de México,2015,09,Ingresos,Partida Genérica,Impuesto sobre Tenencia o Uso de Vehículos,33204500,Cifras Definitivas.
Estadística de Finanzas Públicas Estatales y Municipales. Anual,Ciudad de México,2015,09,Ingresos,Partida Genérica,Impuesto sobre Automóviles Nuevos,2023346200,Cifras Definitivas.
Estadística de Finanzas Públicas Estatales y Municipales. Anual,Ciudad de México,2015,09,Ingresos,Partida Genérica,Impuesto Especial sobre Producción y Servicios,1664003500,Cifras Definitivas.
Estadística de Finanzas Públicas Estatales y Municipales. Anual,Ciudad de México,2015,09,Ingresos,Partida Genérica,IEPS Gasolinas,1399626500,Cifras Definitivas.
Estadística de Finanzas Públicas Estatales y Municipales. Anual,Ciudad de México,2015,09,Ingresos,Concepto,Otras participaciones,3467486600,Cifras Definitivas.
Estadística de Finanzas Públicas Estatales y Municipales. Anual,Ciudad de México,2015,09,Ingresos,Partida Genérica,Multas administrativas federales no fiscales,36359700,Cifras Definitivas.
Estadística de Finanzas Públicas Estatales y Municipales. Anual,Ciudad de México,2015,09,Ingresos,Partida Genérica,Incentivos por administración de impuestos,3378038100,Cifras Definitivas.
Estadística de Finanzas Públicas Estatales y Municipales. Anual,Ciudad de México,2015,09,Ingresos,Partida Genérica,Participaciones diversas,53088800,Cifras Definitivas.
Estadística de Finanzas Públicas Estatales y Municipales. Anual,Ciudad de México,2015,09,Ingresos,Capítulo,Aportaciones federales,28747956500,Cifras Definitivas.
Estadística de Finanzas Públicas Estatales y Municipales. Anual,Ciudad de México,2015,09,Ingresos,Concepto,Aportaciones del ramo general 33,12533643100,Cifras Definitivas.
Estadística de Finanzas Públicas Estatales y Municipales. Anual,Ciudad de México,2015,09,Ingresos,Partida Genérica,Aportaciones a entidades federativas,6927843100,Cifras Definitivas.
Estadística de Finanzas Públicas Estatales y Municipales. Anual,Ciudad de México,2015,09,Ingresos,Subpartida Genérica,FA para los Servicios de Salud,3858257300,Cifras Definitivas.
Estadística de Finanzas Públicas Estatales y Municipales. Anual,Ciudad de México,2015,09,Ingresos,Subpartida Genérica,FA para Infraestructura Social Estatal,94329000,Cifras Definitivas.
Estadística de Finanzas Públicas Estatales y Municipales. Anual,Ciudad de México,2015,09,Ingresos,Subpartida Genérica,FA Múltiples,562672700,Cifras Definitivas.
Estadística de Finanzas Públicas Estatales y Municipales. Anual,Ciudad de México,2015,09,Ingresos,Subpartida Genérica,FA para la Seguridad Pública,511516000,Cifras Definitivas.
Estadística de Finanzas Públicas Estatales y Municipales. Anual,Ciudad de México,2015,09,Ingresos,Subpartida Genérica,FA para el Fortalecimiento de los Municipios y las Demarcaciones Territoriales de la Ciudad de México,1901068100,Cifras Definitivas.
Estadística de Finanzas Públicas Estatales y Municipales. Anual,Ciudad de México,2015,09,Ingresos,Partida Genérica,Aportaciones a municipios,5605800000,Cifras Definitivas.
Estadística de Finanzas Públicas Estatales y Municipales. Anual,Ciudad de México,2015,09,Ingresos,Subpartida Genérica,FA para la Infraestructura Social Municipal,683849000,Cifras Definitivas.
Estadística de Finanzas Públicas Estatales y Municipales. Anual,Ciudad de México,2015,09,Ingresos,Subpartida Genérica,FA para el Fortalecimiento de los Municipios,4921951000,Cifras Definitivas.
Estadística de Finanzas Públicas Estatales y Municipales. Anual,Ciudad de México,2015,09,Ingresos,Concepto,Recursos federales reasignados,16214313400,Cifras Definitivas.
Estadística de Finanzas Públicas Estatales y Municipales. Anual,Ciudad de México,2015,09,Ingresos,Partida Genérica,Convenios para obras públicas,1722200,Cifras Definitivas.
Estadística de Finanzas Públicas Estatales y Municipales. Anual,Ciudad de México,2015,09,Ingresos,Subpartida Genérica,Fideicomiso para la infraestructura,1621700,Cifras Definitivas.
Estadística de Finanzas Públicas Estatales y Municipales. Anual,Ciudad de México,2015,09,Ingresos,Subpartida Genérica,Fondo para la estabilización de los ingresos,100500,Cifras Definitivas.
Estadística de Finanzas Públicas Estatales y Municipales. Anual,Ciudad de México,2015,09,Ingresos,Partida Genérica,Recursos federales diversos,16212591200,Cifras Definitivas.
Estadística de Finanzas Públicas Estatales y Municipales. Anual,Ciudad de México,2015,09,Ingresos,Subpartida Genérica,Otros recursos federales,16212591200,Cifras Definitivas.
Estadística de Finanzas Públicas Estatales y Municipales. Anual,Ciudad de México,2015,09,Ingresos,Capítulo,Otros ingresos,9584458500,Cifras Definitivas.
Estadística de Finanzas Públicas Estatales y Municipales. Anual,Ciudad de México,2015,09,Ingresos,Concepto,Otros ingresos extraordinarios,9584458500,Cifras Definitivas.
Estadística de Finanzas Públicas Estatales y Municipales. Anual,Ciudad de México,2015,09,Ingresos,Capítulo,Financiamiento,4595661900,Cifras Definitivas.
Estadística de Finanzas Públicas Estatales y Municipales. Anual,Ciudad de México,2015,09,Ingresos,Concepto,Empréstitos,4595661900,Cifras Definitivas.
Estadística de Finanzas Públicas Estatales y Municipales. Anual,Ciudad de México,2015,09,Ingresos,Partida Genérica,Empréstitos diversos,4595661900,Cifras Definitivas.
