﻿PROD_EST,COBERTURA,ANIO,ID_ENTIDAD,TEMA,CATEGORIA,DESCRIPCION_CATEGORIA,VALOR,ESTATUS
Estadística de Finanzas Públicas Estatales y Municipales. Anual,Ciudad de México,2011,09,Egresos,Tema,Total de egresos,140452469900,Cifras Definitivas.
Estadística de Finanzas Públicas Estatales y Municipales. Anual,Ciudad de México,2011,09,Egresos,Capítulo,Servicios personales,25795514443,Cifras Definitivas.
Estadística de Finanzas Públicas Estatales y Municipales. Anual,Ciudad de México,2011,09,Egresos,Concepto,Remuneraciones al personal,9700733579,Cifras Definitivas.
Estadística de Finanzas Públicas Estatales y Municipales. Anual,Ciudad de México,2011,09,Egresos,Partida Genérica,Jefatura de Gobierno,36956621,Cifras Definitivas.
Estadística de Finanzas Públicas Estatales y Municipales. Anual,Ciudad de México,2011,09,Egresos,Partida Genérica,Secretaría de Gobierno,790422844,Cifras Definitivas.
Estadística de Finanzas Públicas Estatales y Municipales. Anual,Ciudad de México,2011,09,Egresos,Partida Genérica,Secretaría de Finanzas,451265880,Cifras Definitivas.
Estadística de Finanzas Públicas Estatales y Municipales. Anual,Ciudad de México,2011,09,Egresos,Partida Genérica,Secretaría de Educación,279279886,Cifras Definitivas.
Estadística de Finanzas Públicas Estatales y Municipales. Anual,Ciudad de México,2011,09,Egresos,Partida Genérica,Secretaría de Salud,2231813051,Cifras Definitivas.
Estadística de Finanzas Públicas Estatales y Municipales. Anual,Ciudad de México,2011,09,Egresos,Partida Genérica,Secretaría de Obras Públicas y Servicios,438732882,Cifras Definitivas.
Estadística de Finanzas Públicas Estatales y Municipales. Anual,Ciudad de México,2011,09,Egresos,Partida Genérica,Secretaría de Desarrollo Económico,47009027,Cifras Definitivas.
Estadística de Finanzas Públicas Estatales y Municipales. Anual,Ciudad de México,2011,09,Egresos,Partida Genérica,Secretaría de Turismo,14135892,Cifras Definitivas.
Estadística de Finanzas Públicas Estatales y Municipales. Anual,Ciudad de México,2011,09,Egresos,Partida Genérica,Secretaría del Medio Ambiente,329944787,Cifras Definitivas.
Estadística de Finanzas Públicas Estatales y Municipales. Anual,Ciudad de México,2011,09,Egresos,Partida Genérica,Secretaría de Desarrollo Social,364607814,Cifras Definitivas.
Estadística de Finanzas Públicas Estatales y Municipales. Anual,Ciudad de México,2011,09,Egresos,Partida Genérica,Secretaría de Desarrollo Rural y Equidad para las Comunidades,16713857,Cifras Definitivas.
Estadística de Finanzas Públicas Estatales y Municipales. Anual,Ciudad de México,2011,09,Egresos,Partida Genérica,Secretaría del Trabajo y Previsión Social,82440843,Cifras Definitivas.
Estadística de Finanzas Públicas Estatales y Municipales. Anual,Ciudad de México,2011,09,Egresos,Partida Genérica,Secretaría de Seguridad Pública,2707303547,Cifras Definitivas.
Estadística de Finanzas Públicas Estatales y Municipales. Anual,Ciudad de México,2011,09,Egresos,Partida Genérica,Procuraduría General de Justicia,1016948540,Cifras Definitivas.
Estadística de Finanzas Públicas Estatales y Municipales. Anual,Ciudad de México,2011,09,Egresos,Partida Genérica,Contraloría General,96557099,Cifras Definitivas.
Estadística de Finanzas Públicas Estatales y Municipales. Anual,Ciudad de México,2011,09,Egresos,Partida Genérica,Oficialía Mayor,239192582,Cifras Definitivas.
Estadística de Finanzas Públicas Estatales y Municipales. Anual,Ciudad de México,2011,09,Egresos,Partida Genérica,Dependencias diversas,557408427,Cifras Definitivas.
Estadística de Finanzas Públicas Estatales y Municipales. Anual,Ciudad de México,2011,09,Egresos,Concepto,Remuneraciones adicionales y especiales,6846251314,Cifras Definitivas.
Estadística de Finanzas Públicas Estatales y Municipales. Anual,Ciudad de México,2011,09,Egresos,Partida Genérica,Primas por años de servicios efectivos prestados,54890254,Cifras Definitivas.
Estadística de Finanzas Públicas Estatales y Municipales. Anual,Ciudad de México,2011,09,Egresos,Partida Genérica,"Primas de vacaciones, dominical y gratificación de fin de año",1542657907,Cifras Definitivas.
Estadística de Finanzas Públicas Estatales y Municipales. Anual,Ciudad de México,2011,09,Egresos,Partida Genérica,Horas extraordinarias,166064601,Cifras Definitivas.
Estadística de Finanzas Públicas Estatales y Municipales. Anual,Ciudad de México,2011,09,Egresos,Partida Genérica,Compensaciones,5066953431,Cifras Definitivas.
Estadística de Finanzas Públicas Estatales y Municipales. Anual,Ciudad de México,2011,09,Egresos,Partida Genérica,Otras remuneraciones adicionales y especiales,15685121,Cifras Definitivas.
Estadística de Finanzas Públicas Estatales y Municipales. Anual,Ciudad de México,2011,09,Egresos,Concepto,Seguridad social,2077058539,Cifras Definitivas.
Estadística de Finanzas Públicas Estatales y Municipales. Anual,Ciudad de México,2011,09,Egresos,Partida Genérica,Aportaciones a fondos de vivienda,542765062,Cifras Definitivas.
Estadística de Finanzas Públicas Estatales y Municipales. Anual,Ciudad de México,2011,09,Egresos,Partida Genérica,Aportaciones para seguros,272997086,Cifras Definitivas.
Estadística de Finanzas Públicas Estatales y Municipales. Anual,Ciudad de México,2011,09,Egresos,Partida Genérica,Otras cuotas de seguridad social y seguros,1261296391,Cifras Definitivas.
Estadística de Finanzas Públicas Estatales y Municipales. Anual,Ciudad de México,2011,09,Egresos,Concepto,Otras prestaciones sociales y económicas,6762400366,Cifras Definitivas.
Estadística de Finanzas Públicas Estatales y Municipales. Anual,Ciudad de México,2011,09,Egresos,Partida Genérica,Cuotas para el fondo de ahorro y fondo de trabajo,500119529,Cifras Definitivas.
Estadística de Finanzas Públicas Estatales y Municipales. Anual,Ciudad de México,2011,09,Egresos,Partida Genérica,Indemnizaciones,174823195,Cifras Definitivas.
Estadística de Finanzas Públicas Estatales y Municipales. Anual,Ciudad de México,2011,09,Egresos,Partida Genérica,Prestaciones y haberes de retiro,438420741,Cifras Definitivas.
Estadística de Finanzas Públicas Estatales y Municipales. Anual,Ciudad de México,2011,09,Egresos,Partida Genérica,Otras prestaciones sociales y económicas,5649036901,Cifras Definitivas.
Estadística de Finanzas Públicas Estatales y Municipales. Anual,Ciudad de México,2011,09,Egresos,Concepto,Pago de estímulos a servidores públicos,409070645,Cifras Definitivas.
Estadística de Finanzas Públicas Estatales y Municipales. Anual,Ciudad de México,2011,09,Egresos,Partida Genérica,Estímulos,409070645,Cifras Definitivas.
Estadística de Finanzas Públicas Estatales y Municipales. Anual,Ciudad de México,2011,09,Egresos,Capítulo,Materiales y suministros,3187138337,Cifras Definitivas.
Estadística de Finanzas Públicas Estatales y Municipales. Anual,Ciudad de México,2011,09,Egresos,Concepto,"Materiales de administración, emisión de documentos y artículos oficiales",207723005,Cifras Definitivas.
Estadística de Finanzas Públicas Estatales y Municipales. Anual,Ciudad de México,2011,09,Egresos,Partida Genérica,"Materiales, útiles y equipos menores de oficina",81642184,Cifras Definitivas.
Estadística de Finanzas Públicas Estatales y Municipales. Anual,Ciudad de México,2011,09,Egresos,Partida Genérica,Materiales y útiles de impresión y reproducción,27462882,Cifras Definitivas.
Estadística de Finanzas Públicas Estatales y Municipales. Anual,Ciudad de México,2011,09,Egresos,Partida Genérica,Material estadístico y geográfico,43339,Cifras Definitivas.
Estadística de Finanzas Públicas Estatales y Municipales. Anual,Ciudad de México,2011,09,Egresos,Partida Genérica,"Materiales, útiles y equipos menores de tecnologías de la información y comunicaciones",68694105,Cifras Definitivas.
Estadística de Finanzas Públicas Estatales y Municipales. Anual,Ciudad de México,2011,09,Egresos,Partida Genérica,Material de limpieza,23677453,Cifras Definitivas.
Estadística de Finanzas Públicas Estatales y Municipales. Anual,Ciudad de México,2011,09,Egresos,Partida Genérica,Materiales y útiles de enseñanza,6203042,Cifras Definitivas.
Estadística de Finanzas Públicas Estatales y Municipales. Anual,Ciudad de México,2011,09,Egresos,Concepto,Alimentos y utensilios,831289048,Cifras Definitivas.
Estadística de Finanzas Públicas Estatales y Municipales. Anual,Ciudad de México,2011,09,Egresos,Partida Genérica,Otros alimentos y utensilios,831289048,Cifras Definitivas.
Estadística de Finanzas Públicas Estatales y Municipales. Anual,Ciudad de México,2011,09,Egresos,Concepto,"Herramientas, refacciones y accesorios menores",130895022,Cifras Definitivas.
Estadística de Finanzas Públicas Estatales y Municipales. Anual,Ciudad de México,2011,09,Egresos,Partida Genérica,Refacciones y accesorios menores otros bienes muebles,130895022,Cifras Definitivas.
Estadística de Finanzas Públicas Estatales y Municipales. Anual,Ciudad de México,2011,09,Egresos,Concepto,Materiales y artículos de construcción y de reparación,523026895,Cifras Definitivas.
Estadística de Finanzas Públicas Estatales y Municipales. Anual,Ciudad de México,2011,09,Egresos,Partida Genérica,Otros materiales y artículos de construcción y reparación,523026895,Cifras Definitivas.
Estadística de Finanzas Públicas Estatales y Municipales. Anual,Ciudad de México,2011,09,Egresos,Concepto,"Productos químicos, farmacéuticos, laboratorio y materias primas de producción y comercialización",554955378,Cifras Definitivas.
Estadística de Finanzas Públicas Estatales y Municipales. Anual,Ciudad de México,2011,09,Egresos,Partida Genérica,"Productos químicos, farmacéuticos y de laboratorio",543678572,Cifras Definitivas.
Estadística de Finanzas Públicas Estatales y Municipales. Anual,Ciudad de México,2011,09,Egresos,Subpartida Genérica,Productos químicos básicos,27722464,Cifras Definitivas.
Estadística de Finanzas Públicas Estatales y Municipales. Anual,Ciudad de México,2011,09,Egresos,Subpartida Genérica,"Fertilizantes, pesticidas y otros agroquímicos",4557418,Cifras Definitivas.
Estadística de Finanzas Públicas Estatales y Municipales. Anual,Ciudad de México,2011,09,Egresos,Subpartida Genérica,Medicinas y productos farmacéuticos,303008024,Cifras Definitivas.
Estadística de Finanzas Públicas Estatales y Municipales. Anual,Ciudad de México,2011,09,Egresos,Subpartida Genérica,"Materiales, accesorios y suministros médicos",178143447,Cifras Definitivas.
Estadística de Finanzas Públicas Estatales y Municipales. Anual,Ciudad de México,2011,09,Egresos,Subpartida Genérica,"Materiales, accesorios y suministros de laboratorio",30247219,Cifras Definitivas.
Estadística de Finanzas Públicas Estatales y Municipales. Anual,Ciudad de México,2011,09,Egresos,Partida Genérica,Otros productos adquiridos como materia prima,11276806,Cifras Definitivas.
Estadística de Finanzas Públicas Estatales y Municipales. Anual,Ciudad de México,2011,09,Egresos,Concepto,"Combustibles, lubricantes y aditivos",596155549,Cifras Definitivas.
Estadística de Finanzas Públicas Estatales y Municipales. Anual,Ciudad de México,2011,09,Egresos,Partida Genérica,"Combustibles, lubricantes y aditivos",596155549,Cifras Definitivas.
Estadística de Finanzas Públicas Estatales y Municipales. Anual,Ciudad de México,2011,09,Egresos,Concepto,"Vestuario, blancos, prendas de protección y artículos deportivos",214090970,Cifras Definitivas.
Estadística de Finanzas Públicas Estatales y Municipales. Anual,Ciudad de México,2011,09,Egresos,Partida Genérica,Vestuario y uniformes,184070076,Cifras Definitivas.
Estadística de Finanzas Públicas Estatales y Municipales. Anual,Ciudad de México,2011,09,Egresos,Partida Genérica,Prendas de seguridad y protección personal,27383729,Cifras Definitivas.
Estadística de Finanzas Públicas Estatales y Municipales. Anual,Ciudad de México,2011,09,Egresos,Partida Genérica,Artículos deportivos,2637165,Cifras Definitivas.
Estadística de Finanzas Públicas Estatales y Municipales. Anual,Ciudad de México,2011,09,Egresos,Concepto,Materiales y suministros para seguridad,128848859,Cifras Definitivas.
Estadística de Finanzas Públicas Estatales y Municipales. Anual,Ciudad de México,2011,09,Egresos,Partida Genérica,Sustancias y materiales explosivos,206446,Cifras Definitivas.
Estadística de Finanzas Públicas Estatales y Municipales. Anual,Ciudad de México,2011,09,Egresos,Partida Genérica,Materiales de seguridad pública,24314984,Cifras Definitivas.
Estadística de Finanzas Públicas Estatales y Municipales. Anual,Ciudad de México,2011,09,Egresos,Partida Genérica,Prendas de protección para seguridad pública y nacional,104327429,Cifras Definitivas.
Estadística de Finanzas Públicas Estatales y Municipales. Anual,Ciudad de México,2011,09,Egresos,Concepto,Materiales y suministros diversos,153611,Cifras Definitivas.
Estadística de Finanzas Públicas Estatales y Municipales. Anual,Ciudad de México,2011,09,Egresos,Capítulo,Servicios generales,7989726357,Cifras Definitivas.
Estadística de Finanzas Públicas Estatales y Municipales. Anual,Ciudad de México,2011,09,Egresos,Concepto,Servicios básicos,522926982,Cifras Definitivas.
Estadística de Finanzas Públicas Estatales y Municipales. Anual,Ciudad de México,2011,09,Egresos,Partida Genérica,Energía eléctrica,186807244,Cifras Definitivas.
Estadística de Finanzas Públicas Estatales y Municipales. Anual,Ciudad de México,2011,09,Egresos,Partida Genérica,Gas,10145263,Cifras Definitivas.
Estadística de Finanzas Públicas Estatales y Municipales. Anual,Ciudad de México,2011,09,Egresos,Partida Genérica,Agua,140678687,Cifras Definitivas.
Estadística de Finanzas Públicas Estatales y Municipales. Anual,Ciudad de México,2011,09,Egresos,Partida Genérica,Telefonía tradicional,64078701,Cifras Definitivas.
Estadística de Finanzas Públicas Estatales y Municipales. Anual,Ciudad de México,2011,09,Egresos,Partida Genérica,Servicios de telecomunicaciones y satélites,86262659,Cifras Definitivas.
Estadística de Finanzas Públicas Estatales y Municipales. Anual,Ciudad de México,2011,09,Egresos,Partida Genérica,Servicios postales y telegráficos,34954428,Cifras Definitivas.
Estadística de Finanzas Públicas Estatales y Municipales. Anual,Ciudad de México,2011,09,Egresos,Concepto,Servicios de arrendamiento,878883799,Cifras Definitivas.
Estadística de Finanzas Públicas Estatales y Municipales. Anual,Ciudad de México,2011,09,Egresos,Partida Genérica,Otros arrendamientos,878883799,Cifras Definitivas.
Estadística de Finanzas Públicas Estatales y Municipales. Anual,Ciudad de México,2011,09,Egresos,Concepto,"Servicios profesionales, científicos, técnicos y otros servicios",1599525452,Cifras Definitivas.
Estadística de Finanzas Públicas Estatales y Municipales. Anual,Ciudad de México,2011,09,Egresos,Partida Genérica,Servicios de vigilancia,875445877,Cifras Definitivas.
Estadística de Finanzas Públicas Estatales y Municipales. Anual,Ciudad de México,2011,09,Egresos,Partida Genérica,"Servicios profesionales, científicos y técnicos integrales",724079575,Cifras Definitivas.
Estadística de Finanzas Públicas Estatales y Municipales. Anual,Ciudad de México,2011,09,Egresos,Concepto,"Servicios financieros, bancarios y comerciales",717069689,Cifras Definitivas.
Estadística de Finanzas Públicas Estatales y Municipales. Anual,Ciudad de México,2011,09,Egresos,Partida Genérica,Servicios financieros y bancarios,30641706,Cifras Definitivas.
Estadística de Finanzas Públicas Estatales y Municipales. Anual,Ciudad de México,2011,09,Egresos,Partida Genérica,"Servicios de recaudación, traslado y custodia de valores",373477995,Cifras Definitivas.
Estadística de Finanzas Públicas Estatales y Municipales. Anual,Ciudad de México,2011,09,Egresos,Partida Genérica,Seguro de bienes patrimoniales,292835041,Cifras Definitivas.
Estadística de Finanzas Públicas Estatales y Municipales. Anual,Ciudad de México,2011,09,Egresos,Partida Genérica,"Almacenaje, envase y embalaje",2262,Cifras Definitivas.
Estadística de Finanzas Públicas Estatales y Municipales. Anual,Ciudad de México,2011,09,Egresos,Partida Genérica,Fletes y maniobras,19977690,Cifras Definitivas.
Estadística de Finanzas Públicas Estatales y Municipales. Anual,Ciudad de México,2011,09,Egresos,Partida Genérica,"Servicios financieros, bancarios y comerciales integrales",134995,Cifras Definitivas.
Estadística de Finanzas Públicas Estatales y Municipales. Anual,Ciudad de México,2011,09,Egresos,Concepto,"Servicios de instalación, reparación, mantenimiento y conservación",1408901590,Cifras Definitivas.
Estadística de Finanzas Públicas Estatales y Municipales. Anual,Ciudad de México,2011,09,Egresos,Partida Genérica,Conservación y mantenimiento menor de inmuebles,246706926,Cifras Definitivas.
Estadística de Finanzas Públicas Estatales y Municipales. Anual,Ciudad de México,2011,09,Egresos,Partida Genérica,"Instalación, reparación y mantenimiento de mobiliario y equipo de administración, educacional y recreativo",28998784,Cifras Definitivas.
Estadística de Finanzas Públicas Estatales y Municipales. Anual,Ciudad de México,2011,09,Egresos,Partida Genérica,"Instalación, reparación y mantenimiento de equipo de cómputo y tecnología de la información",98135032,Cifras Definitivas.
Estadística de Finanzas Públicas Estatales y Municipales. Anual,Ciudad de México,2011,09,Egresos,Partida Genérica,Servicios de jardinería y fumigación,92317395,Cifras Definitivas.
Estadística de Finanzas Públicas Estatales y Municipales. Anual,Ciudad de México,2011,09,Egresos,Partida Genérica,Reparación y mantenimiento de equipo de transporte,254466733,Cifras Definitivas.
Estadística de Finanzas Públicas Estatales y Municipales. Anual,Ciudad de México,2011,09,Egresos,Partida Genérica,"Instalación, reparación y mantenimiento de maquinaria, otros equipos y herramienta",390559769,Cifras Definitivas.
Estadística de Finanzas Públicas Estatales y Municipales. Anual,Ciudad de México,2011,09,Egresos,Partida Genérica,Servicios de limpieza y manejo de desechos,297716951,Cifras Definitivas.
Estadística de Finanzas Públicas Estatales y Municipales. Anual,Ciudad de México,2011,09,Egresos,Concepto,Servicios de comunicación social y publicidad,278537603,Cifras Definitivas.
Estadística de Finanzas Públicas Estatales y Municipales. Anual,Ciudad de México,2011,09,Egresos,Partida Genérica,"Difusión por radio, televisión y otros medios de mensajes sobre programas y actividades gubernamentales",273932714,Cifras Definitivas.
Estadística de Finanzas Públicas Estatales y Municipales. Anual,Ciudad de México,2011,09,Egresos,Partida Genérica,Otros servicios de información,4604889,Cifras Definitivas.
Estadística de Finanzas Públicas Estatales y Municipales. Anual,Ciudad de México,2011,09,Egresos,Concepto,Servicios de traslado y viáticos,36187190,Cifras Definitivas.
Estadística de Finanzas Públicas Estatales y Municipales. Anual,Ciudad de México,2011,09,Egresos,Partida Genérica,Servicios integrales de traslado y viáticos,36187190,Cifras Definitivas.
Estadística de Finanzas Públicas Estatales y Municipales. Anual,Ciudad de México,2011,09,Egresos,Concepto,Servicios oficiales,190330864,Cifras Definitivas.
Estadística de Finanzas Públicas Estatales y Municipales. Anual,Ciudad de México,2011,09,Egresos,Partida Genérica,Gastos de ceremonial,129811824,Cifras Definitivas.
Estadística de Finanzas Públicas Estatales y Municipales. Anual,Ciudad de México,2011,09,Egresos,Partida Genérica,Congresos y convenciones,40703010,Cifras Definitivas.
Estadística de Finanzas Públicas Estatales y Municipales. Anual,Ciudad de México,2011,09,Egresos,Partida Genérica,Exposiciones,7337300,Cifras Definitivas.
Estadística de Finanzas Públicas Estatales y Municipales. Anual,Ciudad de México,2011,09,Egresos,Partida Genérica,Diversos servicios oficiales,12478730,Cifras Definitivas.
Estadística de Finanzas Públicas Estatales y Municipales. Anual,Ciudad de México,2011,09,Egresos,Concepto,Otros servicios generales,2357363188,Cifras Definitivas.
Estadística de Finanzas Públicas Estatales y Municipales. Anual,Ciudad de México,2011,09,Egresos,Partida Genérica,Impuestos y derechos,26009589,Cifras Definitivas.
Estadística de Finanzas Públicas Estatales y Municipales. Anual,Ciudad de México,2011,09,Egresos,Partida Genérica,Impuesto sobre nóminas y otros que se deriven de una relación laboral,457485766,Cifras Definitivas.
Estadística de Finanzas Públicas Estatales y Municipales. Anual,Ciudad de México,2011,09,Egresos,Partida Genérica,Otros servicios generales,1873867833,Cifras Definitivas.
Estadística de Finanzas Públicas Estatales y Municipales. Anual,Ciudad de México,2011,09,Egresos,Capítulo,"Transferencias, asignaciones, subsidios y otras ayudas",41402481234,Cifras Definitivas.
Estadística de Finanzas Públicas Estatales y Municipales. Anual,Ciudad de México,2011,09,Egresos,Concepto,Transferencias internas y asignaciones al sector público,41260951112,Cifras Definitivas.
Estadística de Finanzas Públicas Estatales y Municipales. Anual,Ciudad de México,2011,09,Egresos,Partida Genérica,A poderes,5345016698,Cifras Definitivas.
Estadística de Finanzas Públicas Estatales y Municipales. Anual,Ciudad de México,2011,09,Egresos,Subpartida Genérica,Legislativo,1577530387,Cifras Definitivas.
Estadística de Finanzas Públicas Estatales y Municipales. Anual,Ciudad de México,2011,09,Egresos,Subpartida Genérica,Judicial,3767486311,Cifras Definitivas.
Estadística de Finanzas Públicas Estatales y Municipales. Anual,Ciudad de México,2011,09,Egresos,Partida Genérica,A instituciones del gobierno según función,33474871443,Cifras Definitivas.
Estadística de Finanzas Públicas Estatales y Municipales. Anual,Ciudad de México,2011,09,Egresos,Subpartida Genérica,Instituciones y programas de educación,1010562568,Cifras Definitivas.
Estadística de Finanzas Públicas Estatales y Municipales. Anual,Ciudad de México,2011,09,Egresos,Subpartida Genérica,Instituciones y programas de salud,11928169,Cifras Definitivas.
Estadística de Finanzas Públicas Estatales y Municipales. Anual,Ciudad de México,2011,09,Egresos,Subpartida Genérica,Instituciones y programas de asistencia social,6137390101,Cifras Definitivas.
Estadística de Finanzas Públicas Estatales y Municipales. Anual,Ciudad de México,2011,09,Egresos,Subpartida Genérica,Instituciones y programas de seguridad social,530530668,Cifras Definitivas.
Estadística de Finanzas Públicas Estatales y Municipales. Anual,Ciudad de México,2011,09,Egresos,Subpartida Genérica,Instituciones y programas de cultura y deporte,240399583,Cifras Definitivas.
Estadística de Finanzas Públicas Estatales y Municipales. Anual,Ciudad de México,2011,09,Egresos,Subpartida Genérica,Instituciones y programas de seguridad pública,9599484328,Cifras Definitivas.
Estadística de Finanzas Públicas Estatales y Municipales. Anual,Ciudad de México,2011,09,Egresos,Subpartida Genérica,Instituciones y programas del sector turismo,145237108,Cifras Definitivas.
Estadística de Finanzas Públicas Estatales y Municipales. Anual,Ciudad de México,2011,09,Egresos,Subpartida Genérica,Instituciones y programas del sector agropecuario,384239077,Cifras Definitivas.
Estadística de Finanzas Públicas Estatales y Municipales. Anual,Ciudad de México,2011,09,Egresos,Subpartida Genérica,Instituciones y programas del sector económico,15108846,Cifras Definitivas.
Estadística de Finanzas Públicas Estatales y Municipales. Anual,Ciudad de México,2011,09,Egresos,Subpartida Genérica,Instituciones y programas ecológicos,30900000,Cifras Definitivas.
Estadística de Finanzas Públicas Estatales y Municipales. Anual,Ciudad de México,2011,09,Egresos,Subpartida Genérica,Instituciones y programas de infraestructura,15369090995,Cifras Definitivas.
Estadística de Finanzas Públicas Estatales y Municipales. Anual,Ciudad de México,2011,09,Egresos,Partida Genérica,Órganos autónomos y electorales,2309889323,Cifras Definitivas.
Estadística de Finanzas Públicas Estatales y Municipales. Anual,Ciudad de México,2011,09,Egresos,Subpartida Genérica,Instituto electoral,1083816761,Cifras Definitivas.
Estadística de Finanzas Públicas Estatales y Municipales. Anual,Ciudad de México,2011,09,Egresos,Subpartida Genérica,Comisión de derechos humanos,281364357,Cifras Definitivas.
Estadística de Finanzas Públicas Estatales y Municipales. Anual,Ciudad de México,2011,09,Egresos,Subpartida Genérica,Instituciones de transparencia,111027836,Cifras Definitivas.
Estadística de Finanzas Públicas Estatales y Municipales. Anual,Ciudad de México,2011,09,Egresos,Subpartida Genérica,Diversos órganos autónomos y electorales,833680369,Cifras Definitivas.
Estadística de Finanzas Públicas Estatales y Municipales. Anual,Ciudad de México,2011,09,Egresos,Partida Genérica,Diversas transferencias,131173648,Cifras Definitivas.
Estadística de Finanzas Públicas Estatales y Municipales. Anual,Ciudad de México,2011,09,Egresos,Subpartida Genérica,Otras transferencias,131173648,Cifras Definitivas.
Estadística de Finanzas Públicas Estatales y Municipales. Anual,Ciudad de México,2011,09,Egresos,Concepto,Ayudas sociales,47891386,Cifras Definitivas.
Estadística de Finanzas Públicas Estatales y Municipales. Anual,Ciudad de México,2011,09,Egresos,Partida Genérica,Ayudas sociales a personas,211450,Cifras Definitivas.
Estadística de Finanzas Públicas Estatales y Municipales. Anual,Ciudad de México,2011,09,Egresos,Partida Genérica,Becas y otras ayudas para programas de capacitación,47679936,Cifras Definitivas.
Estadística de Finanzas Públicas Estatales y Municipales. Anual,Ciudad de México,2011,09,Egresos,Concepto,Subsidios y subvenciones,93605191,Cifras Definitivas.
Estadística de Finanzas Públicas Estatales y Municipales. Anual,Ciudad de México,2011,09,Egresos,Partida Genérica,Subsidios diversos,93605191,Cifras Definitivas.
Estadística de Finanzas Públicas Estatales y Municipales. Anual,Ciudad de México,2011,09,Egresos,Concepto,Pensiones y jubilaciones,33545,Cifras Definitivas.
Estadística de Finanzas Públicas Estatales y Municipales. Anual,Ciudad de México,2011,09,Egresos,Partida Genérica,Pensiones,33545,Cifras Definitivas.
Estadística de Finanzas Públicas Estatales y Municipales. Anual,Ciudad de México,2011,09,Egresos,Capítulo,"Bienes muebles, inmuebles e intangibles",1384729340,Cifras Definitivas.
Estadística de Finanzas Públicas Estatales y Municipales. Anual,Ciudad de México,2011,09,Egresos,Concepto,Mobiliario y equipo de administración,178873151,Cifras Definitivas.
Estadística de Finanzas Públicas Estatales y Municipales. Anual,Ciudad de México,2011,09,Egresos,Partida Genérica,Muebles de oficina y estantería,80373769,Cifras Definitivas.
Estadística de Finanzas Públicas Estatales y Municipales. Anual,Ciudad de México,2011,09,Egresos,Partida Genérica,"Bienes artísticos, culturales y científicos",3500000,Cifras Definitivas.
Estadística de Finanzas Públicas Estatales y Municipales. Anual,Ciudad de México,2011,09,Egresos,Partida Genérica,Equipo de cómputo y de tecnologías de la información,94999382,Cifras Definitivas.
Estadística de Finanzas Públicas Estatales y Municipales. Anual,Ciudad de México,2011,09,Egresos,Concepto,Mobiliario y equipo educacional y recreativo,10556194,Cifras Definitivas.
Estadística de Finanzas Públicas Estatales y Municipales. Anual,Ciudad de México,2011,09,Egresos,Partida Genérica,Otro mobiliario y equipo educacional y recreativo,10556194,Cifras Definitivas.
Estadística de Finanzas Públicas Estatales y Municipales. Anual,Ciudad de México,2011,09,Egresos,Concepto,Vehículos y equipo de transporte,278635054,Cifras Definitivas.
Estadística de Finanzas Públicas Estatales y Municipales. Anual,Ciudad de México,2011,09,Egresos,Partida Genérica,Otros equipos de transporte,278635054,Cifras Definitivas.
Estadística de Finanzas Públicas Estatales y Municipales. Anual,Ciudad de México,2011,09,Egresos,Concepto,Equipo de defensa y seguridad y equipo e instrumental médico y laboratorio,85984426,Cifras Definitivas.
Estadística de Finanzas Públicas Estatales y Municipales. Anual,Ciudad de México,2011,09,Egresos,Partida Genérica,Equipo de defensa y seguridad,58359504,Cifras Definitivas.
Estadística de Finanzas Públicas Estatales y Municipales. Anual,Ciudad de México,2011,09,Egresos,Partida Genérica,Equipo médico y de laboratorio,26050382,Cifras Definitivas.
Estadística de Finanzas Públicas Estatales y Municipales. Anual,Ciudad de México,2011,09,Egresos,Partida Genérica,Instrumental médico y de laboratorio,1574540,Cifras Definitivas.
Estadística de Finanzas Públicas Estatales y Municipales. Anual,Ciudad de México,2011,09,Egresos,Concepto,"Maquinaria, otros equipos y herramientas",615448929,Cifras Definitivas.
Estadística de Finanzas Públicas Estatales y Municipales. Anual,Ciudad de México,2011,09,Egresos,Partida Genérica,Maquinaria y equipo agropecuario,2950608,Cifras Definitivas.
Estadística de Finanzas Públicas Estatales y Municipales. Anual,Ciudad de México,2011,09,Egresos,Partida Genérica,Maquinaria y equipo industrial,259306205,Cifras Definitivas.
Estadística de Finanzas Públicas Estatales y Municipales. Anual,Ciudad de México,2011,09,Egresos,Partida Genérica,Maquinaria y equipo de construcción,43021027,Cifras Definitivas.
Estadística de Finanzas Públicas Estatales y Municipales. Anual,Ciudad de México,2011,09,Egresos,Partida Genérica,Equipo de comunicación y telecomunicación,223416575,Cifras Definitivas.
Estadística de Finanzas Públicas Estatales y Municipales. Anual,Ciudad de México,2011,09,Egresos,Partida Genérica,"Equipos de generación eléctrica, aparatos y accesorios eléctricos",3825119,Cifras Definitivas.
Estadística de Finanzas Públicas Estatales y Municipales. Anual,Ciudad de México,2011,09,Egresos,Partida Genérica,Herramientas y máquinas-herramienta,1720746,Cifras Definitivas.
Estadística de Finanzas Públicas Estatales y Municipales. Anual,Ciudad de México,2011,09,Egresos,Partida Genérica,Otros equipos,81208649,Cifras Definitivas.
Estadística de Finanzas Públicas Estatales y Municipales. Anual,Ciudad de México,2011,09,Egresos,Concepto,Activos biológicos,9399440,Cifras Definitivas.
Estadística de Finanzas Públicas Estatales y Municipales. Anual,Ciudad de México,2011,09,Egresos,Partida Genérica,Otros activos biológicos,9399440,Cifras Definitivas.
Estadística de Finanzas Públicas Estatales y Municipales. Anual,Ciudad de México,2011,09,Egresos,Concepto,Bienes inmuebles,205832146,Cifras Definitivas.
Estadística de Finanzas Públicas Estatales y Municipales. Anual,Ciudad de México,2011,09,Egresos,Partida Genérica,Otros bienes inmuebles,205832146,Cifras Definitivas.
Estadística de Finanzas Públicas Estatales y Municipales. Anual,Ciudad de México,2011,09,Egresos,Capítulo,Inversión pública,2857281492,Cifras Definitivas.
Estadística de Finanzas Públicas Estatales y Municipales. Anual,Ciudad de México,2011,09,Egresos,Concepto,Obra pública en bienes de dominio público,2857281492,Cifras Definitivas.
Estadística de Finanzas Públicas Estatales y Municipales. Anual,Ciudad de México,2011,09,Egresos,Partida Genérica,Edificación no habitacional,233365104,Cifras Definitivas.
Estadística de Finanzas Públicas Estatales y Municipales. Anual,Ciudad de México,2011,09,Egresos,Subpartida Genérica,Edificios públicos diversos,233365104,Cifras Definitivas.
Estadística de Finanzas Públicas Estatales y Municipales. Anual,Ciudad de México,2011,09,Egresos,Partida Genérica,División de terrenos y construcción de obras de urbanización,1096609631,Cifras Definitivas.
Estadística de Finanzas Públicas Estatales y Municipales. Anual,Ciudad de México,2011,09,Egresos,Partida Genérica,Otras construcciones de ingeniería civil u obra pesada,1482236497,Cifras Definitivas.
Estadística de Finanzas Públicas Estatales y Municipales. Anual,Ciudad de México,2011,09,Egresos,Partida Genérica,Diversas obras públicas en bienes de dominio público,45070260,Cifras Definitivas.
Estadística de Finanzas Públicas Estatales y Municipales. Anual,Ciudad de México,2011,09,Egresos,Capítulo,Inversiones financieras y otras provisiones,62329066,Cifras Definitivas.
Estadística de Finanzas Públicas Estatales y Municipales. Anual,Ciudad de México,2011,09,Egresos,Concepto,Inversiones para el fomento de actividades productivas,62329066,Cifras Definitivas.
Estadística de Finanzas Públicas Estatales y Municipales. Anual,Ciudad de México,2011,09,Egresos,Partida Genérica,Diversos créditos,62329066,Cifras Definitivas.
Estadística de Finanzas Públicas Estatales y Municipales. Anual,Ciudad de México,2011,09,Egresos,Capítulo,Recursos asignados a alcaldías de la Ciudad de México y sector paraestatal,46058190119,Cifras Definitivas.
Estadística de Finanzas Públicas Estatales y Municipales. Anual,Ciudad de México,2011,09,Egresos,Concepto,Alcaldías de la Ciudad de México,24515916880,Cifras Definitivas.
Estadística de Finanzas Públicas Estatales y Municipales. Anual,Ciudad de México,2011,09,Egresos,Partida Genérica,Azcapotzalco,1208707698,Cifras Definitivas.
Estadística de Finanzas Públicas Estatales y Municipales. Anual,Ciudad de México,2011,09,Egresos,Partida Genérica,Coyoacán,1538859536,Cifras Definitivas.
Estadística de Finanzas Públicas Estatales y Municipales. Anual,Ciudad de México,2011,09,Egresos,Partida Genérica,Cuajimalpa de Morelos,913987742,Cifras Definitivas.
Estadística de Finanzas Públicas Estatales y Municipales. Anual,Ciudad de México,2011,09,Egresos,Partida Genérica,Gustavo A. Madero,2741163720,Cifras Definitivas.
Estadística de Finanzas Públicas Estatales y Municipales. Anual,Ciudad de México,2011,09,Egresos,Partida Genérica,Iztacalco,1141026123,Cifras Definitivas.
Estadística de Finanzas Públicas Estatales y Municipales. Anual,Ciudad de México,2011,09,Egresos,Partida Genérica,Iztapalapa,3253903862,Cifras Definitivas.
Estadística de Finanzas Públicas Estatales y Municipales. Anual,Ciudad de México,2011,09,Egresos,Partida Genérica,Magdalena Contreras,761151775,Cifras Definitivas.
Estadística de Finanzas Públicas Estatales y Municipales. Anual,Ciudad de México,2011,09,Egresos,Partida Genérica,Milpa Alta,778729770,Cifras Definitivas.
Estadística de Finanzas Públicas Estatales y Municipales. Anual,Ciudad de México,2011,09,Egresos,Partida Genérica,Álvaro Obregón,1697538830,Cifras Definitivas.
Estadística de Finanzas Públicas Estatales y Municipales. Anual,Ciudad de México,2011,09,Egresos,Partida Genérica,Tláhuac,1081540234,Cifras Definitivas.
Estadística de Finanzas Públicas Estatales y Municipales. Anual,Ciudad de México,2011,09,Egresos,Partida Genérica,Tlalpan,1576054258,Cifras Definitivas.
Estadística de Finanzas Públicas Estatales y Municipales. Anual,Ciudad de México,2011,09,Egresos,Partida Genérica,Xochimilco,1209871684,Cifras Definitivas.
Estadística de Finanzas Públicas Estatales y Municipales. Anual,Ciudad de México,2011,09,Egresos,Partida Genérica,Benito Juárez,1245690855,Cifras Definitivas.
Estadística de Finanzas Públicas Estatales y Municipales. Anual,Ciudad de México,2011,09,Egresos,Partida Genérica,Cuauhtémoc,2176245688,Cifras Definitivas.
Estadística de Finanzas Públicas Estatales y Municipales. Anual,Ciudad de México,2011,09,Egresos,Partida Genérica,Miguel Hidalgo,1545815728,Cifras Definitivas.
Estadística de Finanzas Públicas Estatales y Municipales. Anual,Ciudad de México,2011,09,Egresos,Partida Genérica,Venustiano Carranza,1645629377,Cifras Definitivas.
Estadística de Finanzas Públicas Estatales y Municipales. Anual,Ciudad de México,2011,09,Egresos,Concepto,Sector Paraestatal del Gobierno de la Ciudad de México,21542273239,Cifras Definitivas.
Estadística de Finanzas Públicas Estatales y Municipales. Anual,Ciudad de México,2011,09,Egresos,Partida Genérica,Heroico Cuerpo de Bomberos de la Ciudad de México,583945609,Cifras Definitivas.
Estadística de Finanzas Públicas Estatales y Municipales. Anual,Ciudad de México,2011,09,Egresos,Partida Genérica,Instituto de Vivienda de la Ciudad de México,1068437794,Cifras Definitivas.
Estadística de Finanzas Públicas Estatales y Municipales. Anual,Ciudad de México,2011,09,Egresos,Partida Genérica,Fondo para el Desarrollo Social de la Ciudad de México,88611752,Cifras Definitivas.
Estadística de Finanzas Públicas Estatales y Municipales. Anual,Ciudad de México,2011,09,Egresos,Partida Genérica,Fideicomiso de Recuperación Crediticia de la Ciudad de México FIDERE III,7466588,Cifras Definitivas.
Estadística de Finanzas Públicas Estatales y Municipales. Anual,Ciudad de México,2011,09,Egresos,Partida Genérica,Fondo Mixto de Promoción Turística de la Ciudad de México,270237740,Cifras Definitivas.
Estadística de Finanzas Públicas Estatales y Municipales. Anual,Ciudad de México,2011,09,Egresos,Partida Genérica,Fondo Ambiental Público de la Ciudad de México,174369982,Cifras Definitivas.
Estadística de Finanzas Públicas Estatales y Municipales. Anual,Ciudad de México,2011,09,Egresos,Partida Genérica,Fideicomiso para el Mejoramiento de las Vías de Comunicación del D. F.,1270467,Cifras Definitivas.
Estadística de Finanzas Públicas Estatales y Municipales. Anual,Ciudad de México,2011,09,Egresos,Partida Genérica,Sistema para el Desarrollo Integral de la Familia,2751086774,Cifras Definitivas.
Estadística de Finanzas Públicas Estatales y Municipales. Anual,Ciudad de México,2011,09,Egresos,Partida Genérica,Instituto de Educación Media Superior de la Ciudad de México,659595635,Cifras Definitivas.
Estadística de Finanzas Públicas Estatales y Municipales. Anual,Ciudad de México,2011,09,Egresos,Partida Genérica,Instituto de la Juventud de la Ciudad de México,95299041,Cifras Definitivas.
Estadística de Finanzas Públicas Estatales y Municipales. Anual,Ciudad de México,2011,09,Egresos,Partida Genérica,Instituto de las Mujeres de la Ciudad de México,144119568,Cifras Definitivas.
Estadística de Finanzas Públicas Estatales y Municipales. Anual,Ciudad de México,2011,09,Egresos,Partida Genérica,Fideicomiso del Centro Histórico de la Ciudad de México,103715602,Cifras Definitivas.
Estadística de Finanzas Públicas Estatales y Municipales. Anual,Ciudad de México,2011,09,Egresos,Partida Genérica,Sistema de Transporte Colectivo (Metro),5706063925,Cifras Definitivas.
Estadística de Finanzas Públicas Estatales y Municipales. Anual,Ciudad de México,2011,09,Egresos,Partida Genérica,Servicio de Transportes Eléctricos de la Ciudad de México,746048017,Cifras Definitivas.
Estadística de Finanzas Públicas Estatales y Municipales. Anual,Ciudad de México,2011,09,Egresos,Partida Genérica,Sistema de Movilidad 1,871700926,Cifras Definitivas.
Estadística de Finanzas Públicas Estatales y Municipales. Anual,Ciudad de México,2011,09,Egresos,Partida Genérica,Fideicomiso para el Fondo de Promoción del Transporte Público,27000000,Cifras Definitivas.
Estadística de Finanzas Públicas Estatales y Municipales. Anual,Ciudad de México,2011,09,Egresos,Partida Genérica,Caja de Previsión para Trabajadores a Lista de Raya de la Ciudad de México,454032305,Cifras Definitivas.
Estadística de Finanzas Públicas Estatales y Municipales. Anual,Ciudad de México,2011,09,Egresos,Partida Genérica,Servicios de Salud Pública de la Ciudad de México,3849560599,Cifras Definitivas.
Estadística de Finanzas Públicas Estatales y Municipales. Anual,Ciudad de México,2011,09,Egresos,Partida Genérica,Procuraduría Social de la Ciudad de México,238337389,Cifras Definitivas.
Estadística de Finanzas Públicas Estatales y Municipales. Anual,Ciudad de México,2011,09,Egresos,Partida Genérica,Procuraduría Ambiental y del Ordenamiento Territorial de la Ciudad de México,110357858,Cifras Definitivas.
Estadística de Finanzas Públicas Estatales y Municipales. Anual,Ciudad de México,2011,09,Egresos,Partida Genérica,Fondo para la Atención y Apoyo a las Víctimas del Delito,1075355,Cifras Definitivas.
Estadística de Finanzas Públicas Estatales y Municipales. Anual,Ciudad de México,2011,09,Egresos,Partida Genérica,Metrobús,92161208,Cifras Definitivas.
Estadística de Finanzas Públicas Estatales y Municipales. Anual,Ciudad de México,2011,09,Egresos,Partida Genérica,Fideicomiso Museo de Arte Popular Mexicano,6585118,Cifras Definitivas.
Estadística de Finanzas Públicas Estatales y Municipales. Anual,Ciudad de México,2011,09,Egresos,Partida Genérica,Fideicomiso Museo del Estanquillo,10590865,Cifras Definitivas.
Estadística de Finanzas Públicas Estatales y Municipales. Anual,Ciudad de México,2011,09,Egresos,Partida Genérica,Instituto de Ciencia y Tecnología del Distrito Federal,534165624,Cifras Definitivas.
Estadística de Finanzas Públicas Estatales y Municipales. Anual,Ciudad de México,2011,09,Egresos,Partida Genérica,Fideicomiso Educación Garantizada,1722528971,Cifras Definitivas.
Estadística de Finanzas Públicas Estatales y Municipales. Anual,Ciudad de México,2011,09,Egresos,Partida Genérica,Consejo de Evaluación del Desarrollo Social de la Ciudad de México,24089721,Cifras Definitivas.
Estadística de Finanzas Públicas Estatales y Municipales. Anual,Ciudad de México,2011,09,Egresos,Partida Genérica,Instituto del Deporte de la Ciudad de México,84076945,Cifras Definitivas.
Estadística de Finanzas Públicas Estatales y Municipales. Anual,Ciudad de México,2011,09,Egresos,Partida Genérica,Fondo de Apoyo a la Procuración de Justicia,4899701,Cifras Definitivas.
Estadística de Finanzas Públicas Estatales y Municipales. Anual,Ciudad de México,2011,09,Egresos,Partida Genérica,Fideicomiso Público Complejo Ambiental Xochimilco,26364256,Cifras Definitivas.
Estadística de Finanzas Públicas Estatales y Municipales. Anual,Ciudad de México,2011,09,Egresos,Partida Genérica,Diversas Entidades Paraestatales de la Ciudad de México,1084477904,Cifras Definitivas.
Estadística de Finanzas Públicas Estatales y Municipales. Anual,Ciudad de México,2011,09,Egresos,Capítulo,Deuda pública,8987973099,Cifras Definitivas.
Estadística de Finanzas Públicas Estatales y Municipales. Anual,Ciudad de México,2011,09,Egresos,Concepto,Amortización de la deuda pública,336068243,Cifras Definitivas.
Estadística de Finanzas Públicas Estatales y Municipales. Anual,Ciudad de México,2011,09,Egresos,Partida Genérica,Diversas amortizaciones de la deuda pública,336068243,Cifras Definitivas.
Estadística de Finanzas Públicas Estatales y Municipales. Anual,Ciudad de México,2011,09,Egresos,Concepto,Intereses de la deuda pública,3330179675,Cifras Definitivas.
Estadística de Finanzas Públicas Estatales y Municipales. Anual,Ciudad de México,2011,09,Egresos,Partida Genérica,Diversos intereses,3330179675,Cifras Definitivas.
Estadística de Finanzas Públicas Estatales y Municipales. Anual,Ciudad de México,2011,09,Egresos,Concepto,Adeudos de ejercicios fiscales anteriores (ADEFAS),5321725181,Cifras Definitivas.
Estadística de Finanzas Públicas Estatales y Municipales. Anual,Ciudad de México,2011,09,Egresos,Partida Genérica,ADEFAS,5321725181,Cifras Definitivas.
Estadística de Finanzas Públicas Estatales y Municipales. Anual,Ciudad de México,2011,09,Egresos,Capítulo,Disponibilidad final,2727106413,Cifras Definitivas.
Estadística de Finanzas Públicas Estatales y Municipales. Anual,Ciudad de México,2011,09,Ingresos,Tema,Total de ingresos,140452469900,Cifras Definitivas.
Estadística de Finanzas Públicas Estatales y Municipales. Anual,Ciudad de México,2011,09,Ingresos,Capítulo,Impuestos,27027603000,Cifras Definitivas.
Estadística de Finanzas Públicas Estatales y Municipales. Anual,Ciudad de México,2011,09,Ingresos,Concepto,Impuesto sobre los Ingresos,12373643000,Cifras Definitivas.
Estadística de Finanzas Públicas Estatales y Municipales. Anual,Ciudad de México,2011,09,Ingresos,Partida Genérica,Impuesto sobre nómina,12373643000,Cifras Definitivas.
Estadística de Finanzas Públicas Estatales y Municipales. Anual,Ciudad de México,2011,09,Ingresos,Concepto,Impuestos sobre el Patrimonio,13962415000,Cifras Definitivas.
Estadística de Finanzas Públicas Estatales y Municipales. Anual,Ciudad de México,2011,09,Ingresos,Partida Genérica,Impuesto predial,9741473000,Cifras Definitivas.
Estadística de Finanzas Públicas Estatales y Municipales. Anual,Ciudad de México,2011,09,Ingresos,Partida Genérica,Impuesto sobre tenencia o uso de vehículos,511892000,Cifras Definitivas.
Estadística de Finanzas Públicas Estatales y Municipales. Anual,Ciudad de México,2011,09,Ingresos,Partida Genérica,Adquisición de bienes inmuebles,3709050000,Cifras Definitivas.
Estadística de Finanzas Públicas Estatales y Municipales. Anual,Ciudad de México,2011,09,Ingresos,Concepto,"Impuesto sobre la producción, el consumo y las transacciones",691545000,Cifras Definitivas.
Estadística de Finanzas Públicas Estatales y Municipales. Anual,Ciudad de México,2011,09,Ingresos,Partida Genérica,Impuesto sobre hospedaje,176417000,Cifras Definitivas.
Estadística de Finanzas Públicas Estatales y Municipales. Anual,Ciudad de México,2011,09,Ingresos,Partida Genérica,Diversiones y espectáculos públicos,109785000,Cifras Definitivas.
Estadística de Finanzas Públicas Estatales y Municipales. Anual,Ciudad de México,2011,09,Ingresos,Partida Genérica,"Loterías, rifas, sorteos y juegos permitidos",405343000,Cifras Definitivas.
Estadística de Finanzas Públicas Estatales y Municipales. Anual,Ciudad de México,2011,09,Ingresos,Capítulo,Derechos,16735932000,Cifras Definitivas.
Estadística de Finanzas Públicas Estatales y Municipales. Anual,Ciudad de México,2011,09,Ingresos,Concepto,"Derechos por el uso, goce, aprovechamiento o explotación de bienes de dominio público",9759411000,Cifras Definitivas.
Estadística de Finanzas Públicas Estatales y Municipales. Anual,Ciudad de México,2011,09,Ingresos,Partida Genérica,Registros,1300891000,Cifras Definitivas.
Estadística de Finanzas Públicas Estatales y Municipales. Anual,Ciudad de México,2011,09,Ingresos,Subpartida Genérica,Registro civil,177787000,Cifras Definitivas.
Estadística de Finanzas Públicas Estatales y Municipales. Anual,Ciudad de México,2011,09,Ingresos,Subpartida Genérica,Registro público de la propiedad y del comercio,1123104000,Cifras Definitivas.
Estadística de Finanzas Públicas Estatales y Municipales. Anual,Ciudad de México,2011,09,Ingresos,Partida Genérica,Licencias y permisos,449194000,Cifras Definitivas.
Estadística de Finanzas Públicas Estatales y Municipales. Anual,Ciudad de México,2011,09,Ingresos,Subpartida Genérica,Licencias y permisos diversos,449194000,Cifras Definitivas.
Estadística de Finanzas Públicas Estatales y Municipales. Anual,Ciudad de México,2011,09,Ingresos,Partida Genérica,Servicios de vialidad y transporte,2280260000,Cifras Definitivas.
Estadística de Finanzas Públicas Estatales y Municipales. Anual,Ciudad de México,2011,09,Ingresos,Subpartida Genérica,Servicios de grúa y almacenaje de vehículos,229342000,Cifras Definitivas.
Estadística de Finanzas Públicas Estatales y Municipales. Anual,Ciudad de México,2011,09,Ingresos,Subpartida Genérica,Control vehicular,2050918000,Cifras Definitivas.
Estadística de Finanzas Públicas Estatales y Municipales. Anual,Ciudad de México,2011,09,Ingresos,Partida Genérica,Uso y suministro de agua potable,5619937000,Cifras Definitivas.
Estadística de Finanzas Públicas Estatales y Municipales. Anual,Ciudad de México,2011,09,Ingresos,Partida Genérica,Servicios de desarrollo urbano y obras públicas,109129000,Cifras Definitivas.
Estadística de Finanzas Públicas Estatales y Municipales. Anual,Ciudad de México,2011,09,Ingresos,Subpartida Genérica,Urbanización,54930000,Cifras Definitivas.
Estadística de Finanzas Públicas Estatales y Municipales. Anual,Ciudad de México,2011,09,Ingresos,Subpartida Genérica,Por servicios de fraccionamiento,54199000,Cifras Definitivas.
Estadística de Finanzas Públicas Estatales y Municipales. Anual,Ciudad de México,2011,09,Ingresos,Concepto,Derechos por prestación de servicios,6823527000,Cifras Definitivas.
Estadística de Finanzas Públicas Estatales y Municipales. Anual,Ciudad de México,2011,09,Ingresos,Partida Genérica,Estacionamientos,51508000,Cifras Definitivas.
Estadística de Finanzas Públicas Estatales y Municipales. Anual,Ciudad de México,2011,09,Ingresos,Partida Genérica,Seguridad pública,6739933000,Cifras Definitivas.
Estadística de Finanzas Públicas Estatales y Municipales. Anual,Ciudad de México,2011,09,Ingresos,Partida Genérica,Servicios de limpia y recolección de basura,23078000,Cifras Definitivas.
Estadística de Finanzas Públicas Estatales y Municipales. Anual,Ciudad de México,2011,09,Ingresos,Partida Genérica,Diversos derechos por prestación de servicios,9008000,Cifras Definitivas.
Estadística de Finanzas Públicas Estatales y Municipales. Anual,Ciudad de México,2011,09,Ingresos,Concepto,Otros Derechos,152994000,Cifras Definitivas.
Estadística de Finanzas Públicas Estatales y Municipales. Anual,Ciudad de México,2011,09,Ingresos,Capítulo,Productos,1893876000,Cifras Definitivas.
Estadística de Finanzas Públicas Estatales y Municipales. Anual,Ciudad de México,2011,09,Ingresos,Concepto,Productos de tipo corriente,1466812000,Cifras Definitivas.
Estadística de Finanzas Públicas Estatales y Municipales. Anual,Ciudad de México,2011,09,Ingresos,Partida Genérica,Intereses,169757000,Cifras Definitivas.
Estadística de Finanzas Públicas Estatales y Municipales. Anual,Ciudad de México,2011,09,Ingresos,Partida Genérica,Establecimientos y empresas,1297055000,Cifras Definitivas.
Estadística de Finanzas Públicas Estatales y Municipales. Anual,Ciudad de México,2011,09,Ingresos,Subpartida Genérica,Talleres gráficos,206396000,Cifras Definitivas.
Estadística de Finanzas Públicas Estatales y Municipales. Anual,Ciudad de México,2011,09,Ingresos,Subpartida Genérica,Establecimientos diversos,1090659000,Cifras Definitivas.
Estadística de Finanzas Públicas Estatales y Municipales. Anual,Ciudad de México,2011,09,Ingresos,Concepto,Productos de tipo capital,427064000,Cifras Definitivas.
Estadística de Finanzas Públicas Estatales y Municipales. Anual,Ciudad de México,2011,09,Ingresos,Partida Genérica,Enajenación o venta de bienes,427064000,Cifras Definitivas.
Estadística de Finanzas Públicas Estatales y Municipales. Anual,Ciudad de México,2011,09,Ingresos,Subpartida Genérica,Bienes muebles e inmuebles,107518000,Cifras Definitivas.
Estadística de Finanzas Públicas Estatales y Municipales. Anual,Ciudad de México,2011,09,Ingresos,Subpartida Genérica,Bienes inmuebles,319546000,Cifras Definitivas.
Estadística de Finanzas Públicas Estatales y Municipales. Anual,Ciudad de México,2011,09,Ingresos,Capítulo,Aprovechamientos,6636499000,Cifras Definitivas.
Estadística de Finanzas Públicas Estatales y Municipales. Anual,Ciudad de México,2011,09,Ingresos,Concepto,Aprovechamientos de tipo corriente,1250000000,Cifras Definitivas.
Estadística de Finanzas Públicas Estatales y Municipales. Anual,Ciudad de México,2011,09,Ingresos,Partida Genérica,Multas,1213699000,Cifras Definitivas.
Estadística de Finanzas Públicas Estatales y Municipales. Anual,Ciudad de México,2011,09,Ingresos,Partida Genérica,Donaciones y aprovechamientos a favor del estado,36301000,Cifras Definitivas.
Estadística de Finanzas Públicas Estatales y Municipales. Anual,Ciudad de México,2011,09,Ingresos,Concepto,Otros aprovechamientos,5386499000,Cifras Definitivas.
Estadística de Finanzas Públicas Estatales y Municipales. Anual,Ciudad de México,2011,09,Ingresos,Capítulo,Participaciones federales,56318618000,Cifras Definitivas.
Estadística de Finanzas Públicas Estatales y Municipales. Anual,Ciudad de México,2011,09,Ingresos,Concepto,Fondos participables,47220828000,Cifras Definitivas.
Estadística de Finanzas Públicas Estatales y Municipales. Anual,Ciudad de México,2011,09,Ingresos,Partida Genérica,Fondo General de Participaciones,42694896000,Cifras Definitivas.
Estadística de Finanzas Públicas Estatales y Municipales. Anual,Ciudad de México,2011,09,Ingresos,Partida Genérica,Fondo de Fomento Municipal,2419685000,Cifras Definitivas.
Estadística de Finanzas Públicas Estatales y Municipales. Anual,Ciudad de México,2011,09,Ingresos,Partida Genérica,Fondo de Fiscalización,2106247000,Cifras Definitivas.
Estadística de Finanzas Públicas Estatales y Municipales. Anual,Ciudad de México,2011,09,Ingresos,Concepto,Impuestos participables,8433974000,Cifras Definitivas.
Estadística de Finanzas Públicas Estatales y Municipales. Anual,Ciudad de México,2011,09,Ingresos,Partida Genérica,Impuesto sobre Tenencia o Uso de Vehículos,4716438000,Cifras Definitivas.
Estadística de Finanzas Públicas Estatales y Municipales. Anual,Ciudad de México,2011,09,Ingresos,Partida Genérica,Impuesto sobre Automóviles Nuevos,1473152000,Cifras Definitivas.
Estadística de Finanzas Públicas Estatales y Municipales. Anual,Ciudad de México,2011,09,Ingresos,Partida Genérica,Impuesto Especial sobre Producción y Servicios,1012852000,Cifras Definitivas.
Estadística de Finanzas Públicas Estatales y Municipales. Anual,Ciudad de México,2011,09,Ingresos,Partida Genérica,IEPS Gasolinas,1231532000,Cifras Definitivas.
Estadística de Finanzas Públicas Estatales y Municipales. Anual,Ciudad de México,2011,09,Ingresos,Concepto,Otras participaciones,663816000,Cifras Definitivas.
Estadística de Finanzas Públicas Estatales y Municipales. Anual,Ciudad de México,2011,09,Ingresos,Partida Genérica,Multas administrativas federales no fiscales,8014000,Cifras Definitivas.
Estadística de Finanzas Públicas Estatales y Municipales. Anual,Ciudad de México,2011,09,Ingresos,Partida Genérica,Incentivos por administración de impuestos,521656000,Cifras Definitivas.
Estadística de Finanzas Públicas Estatales y Municipales. Anual,Ciudad de México,2011,09,Ingresos,Partida Genérica,Participaciones diversas,134146000,Cifras Definitivas.
Estadística de Finanzas Públicas Estatales y Municipales. Anual,Ciudad de México,2011,09,Ingresos,Capítulo,Aportaciones federales,22363592000,Cifras Definitivas.
Estadística de Finanzas Públicas Estatales y Municipales. Anual,Ciudad de México,2011,09,Ingresos,Concepto,Aportaciones del ramo general 33,9766401000,Cifras Definitivas.
Estadística de Finanzas Públicas Estatales y Municipales. Anual,Ciudad de México,2011,09,Ingresos,Partida Genérica,Aportaciones a entidades federativas,5778687000,Cifras Definitivas.
Estadística de Finanzas Públicas Estatales y Municipales. Anual,Ciudad de México,2011,09,Ingresos,Subpartida Genérica,FA para los Servicios de Salud,3093489000,Cifras Definitivas.
Estadística de Finanzas Públicas Estatales y Municipales. Anual,Ciudad de México,2011,09,Ingresos,Subpartida Genérica,FA Múltiples,474198000,Cifras Definitivas.
Estadística de Finanzas Públicas Estatales y Municipales. Anual,Ciudad de México,2011,09,Ingresos,Subpartida Genérica,FA para la Seguridad Pública,463566000,Cifras Definitivas.
Estadística de Finanzas Públicas Estatales y Municipales. Anual,Ciudad de México,2011,09,Ingresos,Subpartida Genérica,FA para el Fortalecimiento de los Municipios y las Demarcaciones Territoriales de la Ciudad de México,1747434000,Cifras Definitivas.
Estadística de Finanzas Públicas Estatales y Municipales. Anual,Ciudad de México,2011,09,Ingresos,Partida Genérica,Aportaciones a municipios,3987714000,Cifras Definitivas.
Estadística de Finanzas Públicas Estatales y Municipales. Anual,Ciudad de México,2011,09,Ingresos,Subpartida Genérica,FA para el Fortalecimiento de los Municipios,3987714000,Cifras Definitivas.
Estadística de Finanzas Públicas Estatales y Municipales. Anual,Ciudad de México,2011,09,Ingresos,Concepto,Recursos federales reasignados,12597191000,Cifras Definitivas.
Estadística de Finanzas Públicas Estatales y Municipales. Anual,Ciudad de México,2011,09,Ingresos,Partida Genérica,Convenios para obras públicas,1168806000,Cifras Definitivas.
Estadística de Finanzas Públicas Estatales y Municipales. Anual,Ciudad de México,2011,09,Ingresos,Subpartida Genérica,Fondo para la estabilización de los ingresos,1168806000,Cifras Definitivas.
Estadística de Finanzas Públicas Estatales y Municipales. Anual,Ciudad de México,2011,09,Ingresos,Partida Genérica,Recursos federales diversos,11428385000,Cifras Definitivas.
Estadística de Finanzas Públicas Estatales y Municipales. Anual,Ciudad de México,2011,09,Ingresos,Subpartida Genérica,Otros recursos federales,11428385000,Cifras Definitivas.
Estadística de Finanzas Públicas Estatales y Municipales. Anual,Ciudad de México,2011,09,Ingresos,Capítulo,Otros ingresos,5380131700,Cifras Definitivas.
Estadística de Finanzas Públicas Estatales y Municipales. Anual,Ciudad de México,2011,09,Ingresos,Concepto,Otros ingresos extraordinarios,5380131700,Cifras Definitivas.
Estadística de Finanzas Públicas Estatales y Municipales. Anual,Ciudad de México,2011,09,Ingresos,Capítulo,Financiamiento,4096218200,Cifras Definitivas.
Estadística de Finanzas Públicas Estatales y Municipales. Anual,Ciudad de México,2011,09,Ingresos,Concepto,Empréstitos,4096218200,Cifras Definitivas.
Estadística de Finanzas Públicas Estatales y Municipales. Anual,Ciudad de México,2011,09,Ingresos,Partida Genérica,Empréstitos diversos,4096218200,Cifras Definitivas.
