﻿PROD_EST,COBERTURA,ANIO,ID_ENTIDAD,TEMA,CATEGORIA,DESCRIPCION_CATEGORIA,VALOR,ESTATUS
Estadística de Finanzas Públicas Estatales y Municipales. Anual,Ciudad de México,2014,09,Egresos,Tema,Total de egresos,178005750800,Cifras Definitivas.
Estadística de Finanzas Públicas Estatales y Municipales. Anual,Ciudad de México,2014,09,Egresos,Capítulo,Servicios personales,30621539723,Cifras Definitivas.
Estadística de Finanzas Públicas Estatales y Municipales. Anual,Ciudad de México,2014,09,Egresos,Concepto,Remuneraciones al personal,11333135324,Cifras Definitivas.
Estadística de Finanzas Públicas Estatales y Municipales. Anual,Ciudad de México,2014,09,Egresos,Partida Genérica,Jefatura de Gobierno,48934495,Cifras Definitivas.
Estadística de Finanzas Públicas Estatales y Municipales. Anual,Ciudad de México,2014,09,Egresos,Partida Genérica,Secretaría de Gobierno,929391376,Cifras Definitivas.
Estadística de Finanzas Públicas Estatales y Municipales. Anual,Ciudad de México,2014,09,Egresos,Partida Genérica,Secretaría de Finanzas,529469421,Cifras Definitivas.
Estadística de Finanzas Públicas Estatales y Municipales. Anual,Ciudad de México,2014,09,Egresos,Partida Genérica,Secretaría de Educación,270277965,Cifras Definitivas.
Estadística de Finanzas Públicas Estatales y Municipales. Anual,Ciudad de México,2014,09,Egresos,Partida Genérica,Secretaría de Salud,2868748753,Cifras Definitivas.
Estadística de Finanzas Públicas Estatales y Municipales. Anual,Ciudad de México,2014,09,Egresos,Partida Genérica,Secretaría de Obras Públicas y Servicios,506442685,Cifras Definitivas.
Estadística de Finanzas Públicas Estatales y Municipales. Anual,Ciudad de México,2014,09,Egresos,Partida Genérica,Secretaría de Desarrollo Económico,63027101,Cifras Definitivas.
Estadística de Finanzas Públicas Estatales y Municipales. Anual,Ciudad de México,2014,09,Egresos,Partida Genérica,Secretaría de Turismo,16589889,Cifras Definitivas.
Estadística de Finanzas Públicas Estatales y Municipales. Anual,Ciudad de México,2014,09,Egresos,Partida Genérica,Secretaría del Medio Ambiente,382898613,Cifras Definitivas.
Estadística de Finanzas Públicas Estatales y Municipales. Anual,Ciudad de México,2014,09,Egresos,Partida Genérica,Secretaría de Desarrollo Social,513638902,Cifras Definitivas.
Estadística de Finanzas Públicas Estatales y Municipales. Anual,Ciudad de México,2014,09,Egresos,Partida Genérica,Secretaría de Desarrollo Rural y Equidad para las Comunidades,19281389,Cifras Definitivas.
Estadística de Finanzas Públicas Estatales y Municipales. Anual,Ciudad de México,2014,09,Egresos,Partida Genérica,Secretaría del Trabajo y Previsión Social,80020640,Cifras Definitivas.
Estadística de Finanzas Públicas Estatales y Municipales. Anual,Ciudad de México,2014,09,Egresos,Partida Genérica,Secretaría de Seguridad Pública,3049850678,Cifras Definitivas.
Estadística de Finanzas Públicas Estatales y Municipales. Anual,Ciudad de México,2014,09,Egresos,Partida Genérica,Procuraduría General de Justicia,1123454140,Cifras Definitivas.
Estadística de Finanzas Públicas Estatales y Municipales. Anual,Ciudad de México,2014,09,Egresos,Partida Genérica,Contraloría General,91111378,Cifras Definitivas.
Estadística de Finanzas Públicas Estatales y Municipales. Anual,Ciudad de México,2014,09,Egresos,Partida Genérica,Oficialía Mayor,275542783,Cifras Definitivas.
Estadística de Finanzas Públicas Estatales y Municipales. Anual,Ciudad de México,2014,09,Egresos,Partida Genérica,Dependencias diversas,564455116,Cifras Definitivas.
Estadística de Finanzas Públicas Estatales y Municipales. Anual,Ciudad de México,2014,09,Egresos,Concepto,Remuneraciones adicionales y especiales,8240060786,Cifras Definitivas.
Estadística de Finanzas Públicas Estatales y Municipales. Anual,Ciudad de México,2014,09,Egresos,Partida Genérica,Primas por años de servicios efectivos prestados,194505981,Cifras Definitivas.
Estadística de Finanzas Públicas Estatales y Municipales. Anual,Ciudad de México,2014,09,Egresos,Partida Genérica,"Primas de vacaciones, dominical y gratificación de fin de año",1795319028,Cifras Definitivas.
Estadística de Finanzas Públicas Estatales y Municipales. Anual,Ciudad de México,2014,09,Egresos,Partida Genérica,Horas extraordinarias,182192632,Cifras Definitivas.
Estadística de Finanzas Públicas Estatales y Municipales. Anual,Ciudad de México,2014,09,Egresos,Partida Genérica,Compensaciones,6050997660,Cifras Definitivas.
Estadística de Finanzas Públicas Estatales y Municipales. Anual,Ciudad de México,2014,09,Egresos,Partida Genérica,Otras remuneraciones adicionales y especiales,17045485,Cifras Definitivas.
Estadística de Finanzas Públicas Estatales y Municipales. Anual,Ciudad de México,2014,09,Egresos,Concepto,Seguridad social,2587176576,Cifras Definitivas.
Estadística de Finanzas Públicas Estatales y Municipales. Anual,Ciudad de México,2014,09,Egresos,Partida Genérica,Aportaciones a fondos de vivienda,631606018,Cifras Definitivas.
Estadística de Finanzas Públicas Estatales y Municipales. Anual,Ciudad de México,2014,09,Egresos,Partida Genérica,Aportaciones para seguros,473794995,Cifras Definitivas.
Estadística de Finanzas Públicas Estatales y Municipales. Anual,Ciudad de México,2014,09,Egresos,Partida Genérica,Otras cuotas de seguridad social y seguros,1481775563,Cifras Definitivas.
Estadística de Finanzas Públicas Estatales y Municipales. Anual,Ciudad de México,2014,09,Egresos,Concepto,Otras prestaciones sociales y económicas,8256424826,Cifras Definitivas.
Estadística de Finanzas Públicas Estatales y Municipales. Anual,Ciudad de México,2014,09,Egresos,Partida Genérica,Cuotas para el fondo de ahorro y fondo de trabajo,589956619,Cifras Definitivas.
Estadística de Finanzas Públicas Estatales y Municipales. Anual,Ciudad de México,2014,09,Egresos,Partida Genérica,Indemnizaciones,527737614,Cifras Definitivas.
Estadística de Finanzas Públicas Estatales y Municipales. Anual,Ciudad de México,2014,09,Egresos,Partida Genérica,Prestaciones y haberes de retiro,611530068,Cifras Definitivas.
Estadística de Finanzas Públicas Estatales y Municipales. Anual,Ciudad de México,2014,09,Egresos,Partida Genérica,Apoyos a la capacitación de los servidores públicos,224493198,Cifras Definitivas.
Estadística de Finanzas Públicas Estatales y Municipales. Anual,Ciudad de México,2014,09,Egresos,Partida Genérica,Otras prestaciones sociales y económicas,6302707327,Cifras Definitivas.
Estadística de Finanzas Públicas Estatales y Municipales. Anual,Ciudad de México,2014,09,Egresos,Concepto,Pago de estímulos a servidores públicos,204742211,Cifras Definitivas.
Estadística de Finanzas Públicas Estatales y Municipales. Anual,Ciudad de México,2014,09,Egresos,Partida Genérica,Estímulos,204742211,Cifras Definitivas.
Estadística de Finanzas Públicas Estatales y Municipales. Anual,Ciudad de México,2014,09,Egresos,Capítulo,Materiales y suministros,4602607708,Cifras Definitivas.
Estadística de Finanzas Públicas Estatales y Municipales. Anual,Ciudad de México,2014,09,Egresos,Concepto,"Materiales de administración, emisión de documentos y artículos oficiales",228198613,Cifras Definitivas.
Estadística de Finanzas Públicas Estatales y Municipales. Anual,Ciudad de México,2014,09,Egresos,Partida Genérica,"Materiales, útiles y equipos menores de oficina",107903488,Cifras Definitivas.
Estadística de Finanzas Públicas Estatales y Municipales. Anual,Ciudad de México,2014,09,Egresos,Partida Genérica,Materiales y útiles de impresión y reproducción,4788912,Cifras Definitivas.
Estadística de Finanzas Públicas Estatales y Municipales. Anual,Ciudad de México,2014,09,Egresos,Partida Genérica,Material estadístico y geográfico,381452,Cifras Definitivas.
Estadística de Finanzas Públicas Estatales y Municipales. Anual,Ciudad de México,2014,09,Egresos,Partida Genérica,"Materiales, útiles y equipos menores de tecnologías de la información y comunicaciones",71675202,Cifras Definitivas.
Estadística de Finanzas Públicas Estatales y Municipales. Anual,Ciudad de México,2014,09,Egresos,Partida Genérica,Material impreso e información digital,16180274,Cifras Definitivas.
Estadística de Finanzas Públicas Estatales y Municipales. Anual,Ciudad de México,2014,09,Egresos,Partida Genérica,Material de limpieza,19481547,Cifras Definitivas.
Estadística de Finanzas Públicas Estatales y Municipales. Anual,Ciudad de México,2014,09,Egresos,Partida Genérica,Materiales y útiles de enseñanza,7778951,Cifras Definitivas.
Estadística de Finanzas Públicas Estatales y Municipales. Anual,Ciudad de México,2014,09,Egresos,Partida Genérica,Materiales para el registro e identificación de bienes y personas,8787,Cifras Definitivas.
Estadística de Finanzas Públicas Estatales y Municipales. Anual,Ciudad de México,2014,09,Egresos,Concepto,Alimentos y utensilios,1271609096,Cifras Definitivas.
Estadística de Finanzas Públicas Estatales y Municipales. Anual,Ciudad de México,2014,09,Egresos,Partida Genérica,Productos alimenticios para personas,1208863398,Cifras Definitivas.
Estadística de Finanzas Públicas Estatales y Municipales. Anual,Ciudad de México,2014,09,Egresos,Partida Genérica,Productos alimenticios para animales,56078177,Cifras Definitivas.
Estadística de Finanzas Públicas Estatales y Municipales. Anual,Ciudad de México,2014,09,Egresos,Partida Genérica,Utensilios para el servicio de alimentación,6667521,Cifras Definitivas.
Estadística de Finanzas Públicas Estatales y Municipales. Anual,Ciudad de México,2014,09,Egresos,Concepto,"Herramientas, refacciones y accesorios menores",74120355,Cifras Definitivas.
Estadística de Finanzas Públicas Estatales y Municipales. Anual,Ciudad de México,2014,09,Egresos,Partida Genérica,Herramientas menores,11511596,Cifras Definitivas.
Estadística de Finanzas Públicas Estatales y Municipales. Anual,Ciudad de México,2014,09,Egresos,Partida Genérica,Refacciones y accesorios menores de edificios,3008931,Cifras Definitivas.
Estadística de Finanzas Públicas Estatales y Municipales. Anual,Ciudad de México,2014,09,Egresos,Partida Genérica,"Refacciones y accesorios menores de mobiliario y equipo de administración, educacional y recreativo",1648029,Cifras Definitivas.
Estadística de Finanzas Públicas Estatales y Municipales. Anual,Ciudad de México,2014,09,Egresos,Partida Genérica,Refacciones y accesorios menores de equipo de cómputo y tecnologías de la información,21661230,Cifras Definitivas.
Estadística de Finanzas Públicas Estatales y Municipales. Anual,Ciudad de México,2014,09,Egresos,Partida Genérica,Refacciones y accesorios menores de equipo e instrumental médico y de laboratorio,6950322,Cifras Definitivas.
Estadística de Finanzas Públicas Estatales y Municipales. Anual,Ciudad de México,2014,09,Egresos,Partida Genérica,Refacciones y accesorios menores de equipo de transporte,26530619,Cifras Definitivas.
Estadística de Finanzas Públicas Estatales y Municipales. Anual,Ciudad de México,2014,09,Egresos,Partida Genérica,Refacciones y accesorios menores de maquinaria y otros equipos,2618097,Cifras Definitivas.
Estadística de Finanzas Públicas Estatales y Municipales. Anual,Ciudad de México,2014,09,Egresos,Partida Genérica,Refacciones y accesorios menores otros bienes muebles,191531,Cifras Definitivas.
Estadística de Finanzas Públicas Estatales y Municipales. Anual,Ciudad de México,2014,09,Egresos,Concepto,Materiales y artículos de construcción y de reparación,869835451,Cifras Definitivas.
Estadística de Finanzas Públicas Estatales y Municipales. Anual,Ciudad de México,2014,09,Egresos,Partida Genérica,Productos minerales no metálicos,2325734,Cifras Definitivas.
Estadística de Finanzas Públicas Estatales y Municipales. Anual,Ciudad de México,2014,09,Egresos,Partida Genérica,Cemento y productos de concreto,2448875,Cifras Definitivas.
Estadística de Finanzas Públicas Estatales y Municipales. Anual,Ciudad de México,2014,09,Egresos,Partida Genérica,"Cal, yeso y productos de yeso",1674743,Cifras Definitivas.
Estadística de Finanzas Públicas Estatales y Municipales. Anual,Ciudad de México,2014,09,Egresos,Partida Genérica,Madera y productos de madera,3485162,Cifras Definitivas.
Estadística de Finanzas Públicas Estatales y Municipales. Anual,Ciudad de México,2014,09,Egresos,Partida Genérica,Vidrio y productos de vidrio,1731147,Cifras Definitivas.
Estadística de Finanzas Públicas Estatales y Municipales. Anual,Ciudad de México,2014,09,Egresos,Partida Genérica,Material eléctrico y electrónico,527381155,Cifras Definitivas.
Estadística de Finanzas Públicas Estatales y Municipales. Anual,Ciudad de México,2014,09,Egresos,Partida Genérica,Artículos metálicos para la construcción,48562907,Cifras Definitivas.
Estadística de Finanzas Públicas Estatales y Municipales. Anual,Ciudad de México,2014,09,Egresos,Partida Genérica,Materiales complementarios,9603404,Cifras Definitivas.
Estadística de Finanzas Públicas Estatales y Municipales. Anual,Ciudad de México,2014,09,Egresos,Partida Genérica,Otros materiales y artículos de construcción y reparación,272622324,Cifras Definitivas.
Estadística de Finanzas Públicas Estatales y Municipales. Anual,Ciudad de México,2014,09,Egresos,Concepto,"Productos químicos, farmacéuticos, laboratorio y materias primas de producción y comercialización",984378644,Cifras Definitivas.
Estadística de Finanzas Públicas Estatales y Municipales. Anual,Ciudad de México,2014,09,Egresos,Partida Genérica,"Productos químicos, farmacéuticos y de laboratorio",972815274,Cifras Definitivas.
Estadística de Finanzas Públicas Estatales y Municipales. Anual,Ciudad de México,2014,09,Egresos,Subpartida Genérica,Productos químicos básicos,22250646,Cifras Definitivas.
Estadística de Finanzas Públicas Estatales y Municipales. Anual,Ciudad de México,2014,09,Egresos,Subpartida Genérica,"Fertilizantes, pesticidas y otros agroquímicos",3336807,Cifras Definitivas.
Estadística de Finanzas Públicas Estatales y Municipales. Anual,Ciudad de México,2014,09,Egresos,Subpartida Genérica,Medicinas y productos farmacéuticos,494785290,Cifras Definitivas.
Estadística de Finanzas Públicas Estatales y Municipales. Anual,Ciudad de México,2014,09,Egresos,Subpartida Genérica,"Materiales, accesorios y suministros médicos",359882222,Cifras Definitivas.
Estadística de Finanzas Públicas Estatales y Municipales. Anual,Ciudad de México,2014,09,Egresos,Subpartida Genérica,"Materiales, accesorios y suministros de laboratorio",42820493,Cifras Definitivas.
Estadística de Finanzas Públicas Estatales y Municipales. Anual,Ciudad de México,2014,09,Egresos,Subpartida Genérica,"Fibras sintéticas, hules, plásticos y derivados",49739816,Cifras Definitivas.
Estadística de Finanzas Públicas Estatales y Municipales. Anual,Ciudad de México,2014,09,Egresos,Partida Genérica,Materias primas y materiales de producción y comercialización,5942358,Cifras Definitivas.
Estadística de Finanzas Públicas Estatales y Municipales. Anual,Ciudad de México,2014,09,Egresos,Subpartida Genérica,"Productos alimenticios, agropecuarios y forestales adquiridos como materia prima",2137714,Cifras Definitivas.
Estadística de Finanzas Públicas Estatales y Municipales. Anual,Ciudad de México,2014,09,Egresos,Subpartida Genérica,Insumos textiles adquiridos como materia prima,318228,Cifras Definitivas.
Estadística de Finanzas Públicas Estatales y Municipales. Anual,Ciudad de México,2014,09,Egresos,Subpartida Genérica,"Productos de papel, cartón e impresos adquiridos como materia prima",1503697,Cifras Definitivas.
Estadística de Finanzas Públicas Estatales y Municipales. Anual,Ciudad de México,2014,09,Egresos,Subpartida Genérica,"Combustibles, lubricantes, aditivos, carbón y sus derivados adquiridos como materia prima",274358,Cifras Definitivas.
Estadística de Finanzas Públicas Estatales y Municipales. Anual,Ciudad de México,2014,09,Egresos,Subpartida Genérica,"Productos químicos, farmacéuticos y de laboratorio adquiridos como materia prima",475086,Cifras Definitivas.
Estadística de Finanzas Públicas Estatales y Municipales. Anual,Ciudad de México,2014,09,Egresos,Subpartida Genérica,Productos metálicos y a base de minerales no metálicos adquiridos como materia prima,340913,Cifras Definitivas.
Estadística de Finanzas Públicas Estatales y Municipales. Anual,Ciudad de México,2014,09,Egresos,Subpartida Genérica,"Productos de cuero, piel, plástico y hule adquiridos como materia prima",772738,Cifras Definitivas.
Estadística de Finanzas Públicas Estatales y Municipales. Anual,Ciudad de México,2014,09,Egresos,Subpartida Genérica,Mercancías adquiridas para su comercialización,119624,Cifras Definitivas.
Estadística de Finanzas Públicas Estatales y Municipales. Anual,Ciudad de México,2014,09,Egresos,Partida Genérica,Otros productos adquiridos como materia prima,5621012,Cifras Definitivas.
Estadística de Finanzas Públicas Estatales y Municipales. Anual,Ciudad de México,2014,09,Egresos,Concepto,"Combustibles, lubricantes y aditivos",802984858,Cifras Definitivas.
Estadística de Finanzas Públicas Estatales y Municipales. Anual,Ciudad de México,2014,09,Egresos,Partida Genérica,"Combustibles, lubricantes y aditivos",802984858,Cifras Definitivas.
Estadística de Finanzas Públicas Estatales y Municipales. Anual,Ciudad de México,2014,09,Egresos,Concepto,"Vestuario, blancos, prendas de protección y artículos deportivos",262420621,Cifras Definitivas.
Estadística de Finanzas Públicas Estatales y Municipales. Anual,Ciudad de México,2014,09,Egresos,Partida Genérica,Vestuario y uniformes,210320188,Cifras Definitivas.
Estadística de Finanzas Públicas Estatales y Municipales. Anual,Ciudad de México,2014,09,Egresos,Partida Genérica,Prendas de seguridad y protección personal,30156991,Cifras Definitivas.
Estadística de Finanzas Públicas Estatales y Municipales. Anual,Ciudad de México,2014,09,Egresos,Partida Genérica,Artículos deportivos,2939654,Cifras Definitivas.
Estadística de Finanzas Públicas Estatales y Municipales. Anual,Ciudad de México,2014,09,Egresos,Partida Genérica,Productos textiles,11705383,Cifras Definitivas.
Estadística de Finanzas Públicas Estatales y Municipales. Anual,Ciudad de México,2014,09,Egresos,Partida Genérica,"Blancos y otros productos textiles, excepto prendas de vestir",7298405,Cifras Definitivas.
Estadística de Finanzas Públicas Estatales y Municipales. Anual,Ciudad de México,2014,09,Egresos,Concepto,Materiales y suministros para seguridad,109060070,Cifras Definitivas.
Estadística de Finanzas Públicas Estatales y Municipales. Anual,Ciudad de México,2014,09,Egresos,Partida Genérica,Materiales de seguridad pública,16506835,Cifras Definitivas.
Estadística de Finanzas Públicas Estatales y Municipales. Anual,Ciudad de México,2014,09,Egresos,Partida Genérica,Prendas de protección para seguridad pública y nacional,92553235,Cifras Definitivas.
Estadística de Finanzas Públicas Estatales y Municipales. Anual,Ciudad de México,2014,09,Egresos,Capítulo,Servicios generales,13942476860,Cifras Definitivas.
Estadística de Finanzas Públicas Estatales y Municipales. Anual,Ciudad de México,2014,09,Egresos,Concepto,Servicios básicos,876048558,Cifras Definitivas.
Estadística de Finanzas Públicas Estatales y Municipales. Anual,Ciudad de México,2014,09,Egresos,Partida Genérica,Energía eléctrica,288328129,Cifras Definitivas.
Estadística de Finanzas Públicas Estatales y Municipales. Anual,Ciudad de México,2014,09,Egresos,Partida Genérica,Gas,46669577,Cifras Definitivas.
Estadística de Finanzas Públicas Estatales y Municipales. Anual,Ciudad de México,2014,09,Egresos,Partida Genérica,Agua,302422808,Cifras Definitivas.
Estadística de Finanzas Públicas Estatales y Municipales. Anual,Ciudad de México,2014,09,Egresos,Partida Genérica,Telefonía tradicional,62247365,Cifras Definitivas.
Estadística de Finanzas Públicas Estatales y Municipales. Anual,Ciudad de México,2014,09,Egresos,Partida Genérica,Servicios de telecomunicaciones y satélites,9719182,Cifras Definitivas.
Estadística de Finanzas Públicas Estatales y Municipales. Anual,Ciudad de México,2014,09,Egresos,Partida Genérica,"Servicios de acceso de Internet, redes y procesamiento de información",118566641,Cifras Definitivas.
Estadística de Finanzas Públicas Estatales y Municipales. Anual,Ciudad de México,2014,09,Egresos,Partida Genérica,Servicios postales y telegráficos,34864961,Cifras Definitivas.
Estadística de Finanzas Públicas Estatales y Municipales. Anual,Ciudad de México,2014,09,Egresos,Partida Genérica,Servicios integrales y otros servicios,13229895,Cifras Definitivas.
Estadística de Finanzas Públicas Estatales y Municipales. Anual,Ciudad de México,2014,09,Egresos,Concepto,Servicios de arrendamiento,928706695,Cifras Definitivas.
Estadística de Finanzas Públicas Estatales y Municipales. Anual,Ciudad de México,2014,09,Egresos,Partida Genérica,Arrendamiento de edificios,417372932,Cifras Definitivas.
Estadística de Finanzas Públicas Estatales y Municipales. Anual,Ciudad de México,2014,09,Egresos,Partida Genérica,"Arrendamiento de mobiliario y equipo de administración, educacional y recreativo",21892026,Cifras Definitivas.
Estadística de Finanzas Públicas Estatales y Municipales. Anual,Ciudad de México,2014,09,Egresos,Partida Genérica,Arrendamiento de equipo de transporte,417102356,Cifras Definitivas.
Estadística de Finanzas Públicas Estatales y Municipales. Anual,Ciudad de México,2014,09,Egresos,Partida Genérica,"Arrendamiento de maquinaria, otros equipos y herramientas",196798,Cifras Definitivas.
Estadística de Finanzas Públicas Estatales y Municipales. Anual,Ciudad de México,2014,09,Egresos,Partida Genérica,Arrendamiento de activos intangibles,10964746,Cifras Definitivas.
Estadística de Finanzas Públicas Estatales y Municipales. Anual,Ciudad de México,2014,09,Egresos,Partida Genérica,Otros arrendamientos,61177837,Cifras Definitivas.
Estadística de Finanzas Públicas Estatales y Municipales. Anual,Ciudad de México,2014,09,Egresos,Concepto,"Servicios profesionales, científicos, técnicos y otros servicios",4731887779,Cifras Definitivas.
Estadística de Finanzas Públicas Estatales y Municipales. Anual,Ciudad de México,2014,09,Egresos,Partida Genérica,"Servicios legales, de contabilidad, auditoría y relacionados",84041169,Cifras Definitivas.
Estadística de Finanzas Públicas Estatales y Municipales. Anual,Ciudad de México,2014,09,Egresos,Partida Genérica,"Servicios de diseño, arquitectura, ingeniería y actividades relacionadas",95661539,Cifras Definitivas.
Estadística de Finanzas Públicas Estatales y Municipales. Anual,Ciudad de México,2014,09,Egresos,Partida Genérica,"Servicios de consultoría administrativa, procesos, técnica y en tecnologías de la información",483634933,Cifras Definitivas.
Estadística de Finanzas Públicas Estatales y Municipales. Anual,Ciudad de México,2014,09,Egresos,Partida Genérica,Servicios de capacitación,47810230,Cifras Definitivas.
Estadística de Finanzas Públicas Estatales y Municipales. Anual,Ciudad de México,2014,09,Egresos,Partida Genérica,Servicios de investigación científica y desarrollo,56721757,Cifras Definitivas.
Estadística de Finanzas Públicas Estatales y Municipales. Anual,Ciudad de México,2014,09,Egresos,Partida Genérica,"Servicios de apoyo administrativo, traducción, fotocopiado e impresión",43314085,Cifras Definitivas.
Estadística de Finanzas Públicas Estatales y Municipales. Anual,Ciudad de México,2014,09,Egresos,Partida Genérica,Servicios de protección y seguridad,3507601,Cifras Definitivas.
Estadística de Finanzas Públicas Estatales y Municipales. Anual,Ciudad de México,2014,09,Egresos,Partida Genérica,Servicios de vigilancia,3406549697,Cifras Definitivas.
Estadística de Finanzas Públicas Estatales y Municipales. Anual,Ciudad de México,2014,09,Egresos,Partida Genérica,"Servicios profesionales, científicos y técnicos integrales",510646768,Cifras Definitivas.
Estadística de Finanzas Públicas Estatales y Municipales. Anual,Ciudad de México,2014,09,Egresos,Concepto,"Servicios financieros, bancarios y comerciales",714930199,Cifras Definitivas.
Estadística de Finanzas Públicas Estatales y Municipales. Anual,Ciudad de México,2014,09,Egresos,Partida Genérica,Servicios financieros y bancarios,49572281,Cifras Definitivas.
Estadística de Finanzas Públicas Estatales y Municipales. Anual,Ciudad de México,2014,09,Egresos,Partida Genérica,"Servicios de recaudación, traslado y custodia de valores",274925191,Cifras Definitivas.
Estadística de Finanzas Públicas Estatales y Municipales. Anual,Ciudad de México,2014,09,Egresos,Partida Genérica,Seguro de bienes patrimoniales,280701354,Cifras Definitivas.
Estadística de Finanzas Públicas Estatales y Municipales. Anual,Ciudad de México,2014,09,Egresos,Partida Genérica,"Almacenaje, envase y embalaje",39077,Cifras Definitivas.
Estadística de Finanzas Públicas Estatales y Municipales. Anual,Ciudad de México,2014,09,Egresos,Partida Genérica,Fletes y maniobras,98826704,Cifras Definitivas.
Estadística de Finanzas Públicas Estatales y Municipales. Anual,Ciudad de México,2014,09,Egresos,Partida Genérica,"Servicios financieros, bancarios y comerciales integrales",10865592,Cifras Definitivas.
Estadística de Finanzas Públicas Estatales y Municipales. Anual,Ciudad de México,2014,09,Egresos,Concepto,"Servicios de instalación, reparación, mantenimiento y conservación",1811017090,Cifras Definitivas.
Estadística de Finanzas Públicas Estatales y Municipales. Anual,Ciudad de México,2014,09,Egresos,Partida Genérica,Conservación y mantenimiento menor de inmuebles,367351355,Cifras Definitivas.
Estadística de Finanzas Públicas Estatales y Municipales. Anual,Ciudad de México,2014,09,Egresos,Partida Genérica,"Instalación, reparación y mantenimiento de mobiliario y equipo de administración, educacional y recreativo",13800342,Cifras Definitivas.
Estadística de Finanzas Públicas Estatales y Municipales. Anual,Ciudad de México,2014,09,Egresos,Partida Genérica,"Instalación, reparación y mantenimiento de equipo de cómputo y tecnología de la información",79741238,Cifras Definitivas.
Estadística de Finanzas Públicas Estatales y Municipales. Anual,Ciudad de México,2014,09,Egresos,Partida Genérica,Servicios de jardinería y fumigación,70936609,Cifras Definitivas.
Estadística de Finanzas Públicas Estatales y Municipales. Anual,Ciudad de México,2014,09,Egresos,Partida Genérica,Reparación y mantenimiento de equipo de transporte,274612121,Cifras Definitivas.
Estadística de Finanzas Públicas Estatales y Municipales. Anual,Ciudad de México,2014,09,Egresos,Partida Genérica,"Reparación y mantenimiento de equipo de defensa y seguridad e instalación, reparación y mantenimiento de equipo e instrumental médico y de laboratorio",120384355,Cifras Definitivas.
Estadística de Finanzas Públicas Estatales y Municipales. Anual,Ciudad de México,2014,09,Egresos,Subpartida Genérica,Reparación y mantenimiento de equipo de defensa y seguridad,3695265,Cifras Definitivas.
Estadística de Finanzas Públicas Estatales y Municipales. Anual,Ciudad de México,2014,09,Egresos,Subpartida Genérica,"Instalación, reparación y mantenimiento de equipo e instrumental médico y de laboratorio",116689090,Cifras Definitivas.
Estadística de Finanzas Públicas Estatales y Municipales. Anual,Ciudad de México,2014,09,Egresos,Partida Genérica,"Instalación, reparación y mantenimiento de maquinaria, otros equipos y herramienta",351184682,Cifras Definitivas.
Estadística de Finanzas Públicas Estatales y Municipales. Anual,Ciudad de México,2014,09,Egresos,Partida Genérica,Servicios de limpieza y manejo de desechos,533006388,Cifras Definitivas.
Estadística de Finanzas Públicas Estatales y Municipales. Anual,Ciudad de México,2014,09,Egresos,Concepto,Servicios de comunicación social y publicidad,315280472,Cifras Definitivas.
Estadística de Finanzas Públicas Estatales y Municipales. Anual,Ciudad de México,2014,09,Egresos,Partida Genérica,"Difusión por radio, televisión y otros medios de mensajes sobre programas y actividades gubernamentales",276080701,Cifras Definitivas.
Estadística de Finanzas Públicas Estatales y Municipales. Anual,Ciudad de México,2014,09,Egresos,Partida Genérica,"Difusión por radio, televisión y otros medios de mensajes comerciales para promover la venta de bienes o servicios",785061,Cifras Definitivas.
Estadística de Finanzas Públicas Estatales y Municipales. Anual,Ciudad de México,2014,09,Egresos,Partida Genérica,"Servicios de creatividad, preproducción y producción de publicidad, excepto Internet",10759175,Cifras Definitivas.
Estadística de Finanzas Públicas Estatales y Municipales. Anual,Ciudad de México,2014,09,Egresos,Partida Genérica,Servicios de revelado de fotografías,51656,Cifras Definitivas.
Estadística de Finanzas Públicas Estatales y Municipales. Anual,Ciudad de México,2014,09,Egresos,Partida Genérica,"Servicios de la industria fílmica, del sonido y del video",2675914,Cifras Definitivas.
Estadística de Finanzas Públicas Estatales y Municipales. Anual,Ciudad de México,2014,09,Egresos,Partida Genérica,Servicio de creación y difusión de contenido exclusivamente a través de Internet,21041846,Cifras Definitivas.
Estadística de Finanzas Públicas Estatales y Municipales. Anual,Ciudad de México,2014,09,Egresos,Partida Genérica,Otros servicios de información,3886119,Cifras Definitivas.
Estadística de Finanzas Públicas Estatales y Municipales. Anual,Ciudad de México,2014,09,Egresos,Concepto,Servicios de traslado y viáticos,50247282,Cifras Definitivas.
Estadística de Finanzas Públicas Estatales y Municipales. Anual,Ciudad de México,2014,09,Egresos,Partida Genérica,Pasajes aéreos,2739492,Cifras Definitivas.
Estadística de Finanzas Públicas Estatales y Municipales. Anual,Ciudad de México,2014,09,Egresos,Partida Genérica,Pasajes terrestres,40024315,Cifras Definitivas.
Estadística de Finanzas Públicas Estatales y Municipales. Anual,Ciudad de México,2014,09,Egresos,Partida Genérica,Viáticos en el país,2796599,Cifras Definitivas.
Estadística de Finanzas Públicas Estatales y Municipales. Anual,Ciudad de México,2014,09,Egresos,Partida Genérica,Viáticos en el extranjero,1011782,Cifras Definitivas.
Estadística de Finanzas Públicas Estatales y Municipales. Anual,Ciudad de México,2014,09,Egresos,Partida Genérica,Servicios integrales de traslado y viáticos,795435,Cifras Definitivas.
Estadística de Finanzas Públicas Estatales y Municipales. Anual,Ciudad de México,2014,09,Egresos,Partida Genérica,Otros servicios de traslado y hospedaje,2879659,Cifras Definitivas.
Estadística de Finanzas Públicas Estatales y Municipales. Anual,Ciudad de México,2014,09,Egresos,Concepto,Servicios oficiales,227437522,Cifras Definitivas.
Estadística de Finanzas Públicas Estatales y Municipales. Anual,Ciudad de México,2014,09,Egresos,Partida Genérica,Gastos de ceremonial,174562120,Cifras Definitivas.
Estadística de Finanzas Públicas Estatales y Municipales. Anual,Ciudad de México,2014,09,Egresos,Partida Genérica,Gastos de orden social y cultural,6870004,Cifras Definitivas.
Estadística de Finanzas Públicas Estatales y Municipales. Anual,Ciudad de México,2014,09,Egresos,Partida Genérica,Congresos y convenciones,38780812,Cifras Definitivas.
Estadística de Finanzas Públicas Estatales y Municipales. Anual,Ciudad de México,2014,09,Egresos,Partida Genérica,Exposiciones,7224586,Cifras Definitivas.
Estadística de Finanzas Públicas Estatales y Municipales. Anual,Ciudad de México,2014,09,Egresos,Concepto,Otros servicios generales,4286921263,Cifras Definitivas.
Estadística de Finanzas Públicas Estatales y Municipales. Anual,Ciudad de México,2014,09,Egresos,Partida Genérica,Servicios funerarios y de cementerios,9967552,Cifras Definitivas.
Estadística de Finanzas Públicas Estatales y Municipales. Anual,Ciudad de México,2014,09,Egresos,Partida Genérica,Impuestos y derechos,20088677,Cifras Definitivas.
Estadística de Finanzas Públicas Estatales y Municipales. Anual,Ciudad de México,2014,09,Egresos,Partida Genérica,Sentencias y resoluciones por autoridad competente,357492554,Cifras Definitivas.
Estadística de Finanzas Públicas Estatales y Municipales. Anual,Ciudad de México,2014,09,Egresos,Partida Genérica,"Penas, multas, accesorios y actualizaciones",13547,Cifras Definitivas.
Estadística de Finanzas Públicas Estatales y Municipales. Anual,Ciudad de México,2014,09,Egresos,Partida Genérica,Otros gastos por responsabilidades,26573036,Cifras Definitivas.
Estadística de Finanzas Públicas Estatales y Municipales. Anual,Ciudad de México,2014,09,Egresos,Partida Genérica,Otros servicios generales,3872785897,Cifras Definitivas.
Estadística de Finanzas Públicas Estatales y Municipales. Anual,Ciudad de México,2014,09,Egresos,Capítulo,"Transferencias, asignaciones, subsidios y otras ayudas",45977710784,Cifras Definitivas.
Estadística de Finanzas Públicas Estatales y Municipales. Anual,Ciudad de México,2014,09,Egresos,Concepto,Transferencias internas y asignaciones al sector público,45805609897,Cifras Definitivas.
Estadística de Finanzas Públicas Estatales y Municipales. Anual,Ciudad de México,2014,09,Egresos,Partida Genérica,A poderes,7441319846,Cifras Definitivas.
Estadística de Finanzas Públicas Estatales y Municipales. Anual,Ciudad de México,2014,09,Egresos,Subpartida Genérica,Legislativo,2178306843,Cifras Definitivas.
Estadística de Finanzas Públicas Estatales y Municipales. Anual,Ciudad de México,2014,09,Egresos,Subpartida Genérica,Judicial,5263013003,Cifras Definitivas.
Estadística de Finanzas Públicas Estatales y Municipales. Anual,Ciudad de México,2014,09,Egresos,Partida Genérica,A instituciones del gobierno según función,32643591759,Cifras Definitivas.
Estadística de Finanzas Públicas Estatales y Municipales. Anual,Ciudad de México,2014,09,Egresos,Subpartida Genérica,Instituciones y programas de educación,1508674186,Cifras Definitivas.
Estadística de Finanzas Públicas Estatales y Municipales. Anual,Ciudad de México,2014,09,Egresos,Subpartida Genérica,Instituciones y programas de salud,90527976,Cifras Definitivas.
Estadística de Finanzas Públicas Estatales y Municipales. Anual,Ciudad de México,2014,09,Egresos,Subpartida Genérica,Instituciones y programas de asistencia social,6879614709,Cifras Definitivas.
Estadística de Finanzas Públicas Estatales y Municipales. Anual,Ciudad de México,2014,09,Egresos,Subpartida Genérica,Instituciones y programas de cultura y deporte,202314928,Cifras Definitivas.
Estadística de Finanzas Públicas Estatales y Municipales. Anual,Ciudad de México,2014,09,Egresos,Subpartida Genérica,Instituciones y programas de seguridad pública,10576791548,Cifras Definitivas.
Estadística de Finanzas Públicas Estatales y Municipales. Anual,Ciudad de México,2014,09,Egresos,Subpartida Genérica,Instituciones y programas del sector turismo,150391385,Cifras Definitivas.
Estadística de Finanzas Públicas Estatales y Municipales. Anual,Ciudad de México,2014,09,Egresos,Subpartida Genérica,Instituciones y programas del sector agropecuario,261290416,Cifras Definitivas.
Estadística de Finanzas Públicas Estatales y Municipales. Anual,Ciudad de México,2014,09,Egresos,Subpartida Genérica,Instituciones y programas del sector económico,432866244,Cifras Definitivas.
Estadística de Finanzas Públicas Estatales y Municipales. Anual,Ciudad de México,2014,09,Egresos,Subpartida Genérica,Instituciones y programas ecológicos,15000000,Cifras Definitivas.
Estadística de Finanzas Públicas Estatales y Municipales. Anual,Ciudad de México,2014,09,Egresos,Subpartida Genérica,Instituciones y programas de infraestructura,12526120367,Cifras Definitivas.
Estadística de Finanzas Públicas Estatales y Municipales. Anual,Ciudad de México,2014,09,Egresos,Partida Genérica,Órganos autónomos y electorales,2543138582,Cifras Definitivas.
Estadística de Finanzas Públicas Estatales y Municipales. Anual,Ciudad de México,2014,09,Egresos,Subpartida Genérica,Instituto electoral,1268409071,Cifras Definitivas.
Estadística de Finanzas Públicas Estatales y Municipales. Anual,Ciudad de México,2014,09,Egresos,Subpartida Genérica,Comisión de derechos humanos,364335013,Cifras Definitivas.
Estadística de Finanzas Públicas Estatales y Municipales. Anual,Ciudad de México,2014,09,Egresos,Subpartida Genérica,Instituciones de transparencia,132953270,Cifras Definitivas.
Estadística de Finanzas Públicas Estatales y Municipales. Anual,Ciudad de México,2014,09,Egresos,Subpartida Genérica,Diversos órganos autónomos y electorales,777441228,Cifras Definitivas.
Estadística de Finanzas Públicas Estatales y Municipales. Anual,Ciudad de México,2014,09,Egresos,Partida Genérica,Diversas transferencias,3177559710,Cifras Definitivas.
Estadística de Finanzas Públicas Estatales y Municipales. Anual,Ciudad de México,2014,09,Egresos,Subpartida Genérica,Otras transferencias,3177559710,Cifras Definitivas.
Estadística de Finanzas Públicas Estatales y Municipales. Anual,Ciudad de México,2014,09,Egresos,Concepto,Ayudas sociales,93617941,Cifras Definitivas.
Estadística de Finanzas Públicas Estatales y Municipales. Anual,Ciudad de México,2014,09,Egresos,Partida Genérica,Becas y otras ayudas para programas de capacitación,93617941,Cifras Definitivas.
Estadística de Finanzas Públicas Estatales y Municipales. Anual,Ciudad de México,2014,09,Egresos,Concepto,Subsidios y subvenciones,78456957,Cifras Definitivas.
Estadística de Finanzas Públicas Estatales y Municipales. Anual,Ciudad de México,2014,09,Egresos,Partida Genérica,Subsidios a la inversión,78456957,Cifras Definitivas.
Estadística de Finanzas Públicas Estatales y Municipales. Anual,Ciudad de México,2014,09,Egresos,Concepto,Pensiones y jubilaciones,25989,Cifras Definitivas.
Estadística de Finanzas Públicas Estatales y Municipales. Anual,Ciudad de México,2014,09,Egresos,Partida Genérica,Pensiones,25989,Cifras Definitivas.
Estadística de Finanzas Públicas Estatales y Municipales. Anual,Ciudad de México,2014,09,Egresos,Capítulo,"Bienes muebles, inmuebles e intangibles",2925934298,Cifras Definitivas.
Estadística de Finanzas Públicas Estatales y Municipales. Anual,Ciudad de México,2014,09,Egresos,Concepto,Mobiliario y equipo de administración,264525269,Cifras Definitivas.
Estadística de Finanzas Públicas Estatales y Municipales. Anual,Ciudad de México,2014,09,Egresos,Partida Genérica,Muebles de oficina y estantería,39370038,Cifras Definitivas.
Estadística de Finanzas Públicas Estatales y Municipales. Anual,Ciudad de México,2014,09,Egresos,Partida Genérica,"Muebles, excepto de oficina y estantería",1560453,Cifras Definitivas.
Estadística de Finanzas Públicas Estatales y Municipales. Anual,Ciudad de México,2014,09,Egresos,Partida Genérica,Equipo de cómputo y de tecnologías de la información,222252771,Cifras Definitivas.
Estadística de Finanzas Públicas Estatales y Municipales. Anual,Ciudad de México,2014,09,Egresos,Partida Genérica,Otros mobiliarios y equipos de administración,1342007,Cifras Definitivas.
Estadística de Finanzas Públicas Estatales y Municipales. Anual,Ciudad de México,2014,09,Egresos,Concepto,Mobiliario y equipo educacional y recreativo,92704326,Cifras Definitivas.
Estadística de Finanzas Públicas Estatales y Municipales. Anual,Ciudad de México,2014,09,Egresos,Partida Genérica,Equipos y aparatos audiovisuales,33314728,Cifras Definitivas.
Estadística de Finanzas Públicas Estatales y Municipales. Anual,Ciudad de México,2014,09,Egresos,Partida Genérica,Aparatos deportivos,840019,Cifras Definitivas.
Estadística de Finanzas Públicas Estatales y Municipales. Anual,Ciudad de México,2014,09,Egresos,Partida Genérica,Cámaras fotográficas y de video,988782,Cifras Definitivas.
Estadística de Finanzas Públicas Estatales y Municipales. Anual,Ciudad de México,2014,09,Egresos,Partida Genérica,Otro mobiliario y equipo educacional y recreativo,57560797,Cifras Definitivas.
Estadística de Finanzas Públicas Estatales y Municipales. Anual,Ciudad de México,2014,09,Egresos,Concepto,Vehículos y equipo de transporte,1389607856,Cifras Definitivas.
Estadística de Finanzas Públicas Estatales y Municipales. Anual,Ciudad de México,2014,09,Egresos,Partida Genérica,Vehículos y equipo terrestre,1002418747,Cifras Definitivas.
Estadística de Finanzas Públicas Estatales y Municipales. Anual,Ciudad de México,2014,09,Egresos,Partida Genérica,Carrocerías y remolques,3352223,Cifras Definitivas.
Estadística de Finanzas Públicas Estatales y Municipales. Anual,Ciudad de México,2014,09,Egresos,Partida Genérica,Equipo aeroespacial,369696725,Cifras Definitivas.
Estadística de Finanzas Públicas Estatales y Municipales. Anual,Ciudad de México,2014,09,Egresos,Partida Genérica,Otros equipos de transporte,14140161,Cifras Definitivas.
Estadística de Finanzas Públicas Estatales y Municipales. Anual,Ciudad de México,2014,09,Egresos,Concepto,Equipo de defensa y seguridad y equipo e instrumental médico y laboratorio,677097233,Cifras Definitivas.
Estadística de Finanzas Públicas Estatales y Municipales. Anual,Ciudad de México,2014,09,Egresos,Partida Genérica,Equipo de defensa y seguridad,471342341,Cifras Definitivas.
Estadística de Finanzas Públicas Estatales y Municipales. Anual,Ciudad de México,2014,09,Egresos,Partida Genérica,Equipo médico y de laboratorio,205260049,Cifras Definitivas.
Estadística de Finanzas Públicas Estatales y Municipales. Anual,Ciudad de México,2014,09,Egresos,Partida Genérica,Instrumental médico y de laboratorio,494843,Cifras Definitivas.
Estadística de Finanzas Públicas Estatales y Municipales. Anual,Ciudad de México,2014,09,Egresos,Concepto,"Maquinaria, otros equipos y herramientas",176820406,Cifras Definitivas.
Estadística de Finanzas Públicas Estatales y Municipales. Anual,Ciudad de México,2014,09,Egresos,Partida Genérica,Maquinaria y equipo agropecuario,2182790,Cifras Definitivas.
Estadística de Finanzas Públicas Estatales y Municipales. Anual,Ciudad de México,2014,09,Egresos,Partida Genérica,Maquinaria y equipo industrial,28177470,Cifras Definitivas.
Estadística de Finanzas Públicas Estatales y Municipales. Anual,Ciudad de México,2014,09,Egresos,Partida Genérica,Maquinaria y equipo de construcción,11720300,Cifras Definitivas.
Estadística de Finanzas Públicas Estatales y Municipales. Anual,Ciudad de México,2014,09,Egresos,Partida Genérica,"Sistemas de aire acondicionado, calefacción y de refrigeración industrial y comercial",14829392,Cifras Definitivas.
Estadística de Finanzas Públicas Estatales y Municipales. Anual,Ciudad de México,2014,09,Egresos,Partida Genérica,Equipo de comunicación y telecomunicación,26369019,Cifras Definitivas.
Estadística de Finanzas Públicas Estatales y Municipales. Anual,Ciudad de México,2014,09,Egresos,Partida Genérica,"Equipos de generación eléctrica, aparatos y accesorios eléctricos",23418041,Cifras Definitivas.
Estadística de Finanzas Públicas Estatales y Municipales. Anual,Ciudad de México,2014,09,Egresos,Partida Genérica,Herramientas y máquinas-herramienta,317851,Cifras Definitivas.
Estadística de Finanzas Públicas Estatales y Municipales. Anual,Ciudad de México,2014,09,Egresos,Partida Genérica,Otros equipos,69805543,Cifras Definitivas.
Estadística de Finanzas Públicas Estatales y Municipales. Anual,Ciudad de México,2014,09,Egresos,Concepto,Activos biológicos,7892000,Cifras Definitivas.
Estadística de Finanzas Públicas Estatales y Municipales. Anual,Ciudad de México,2014,09,Egresos,Partida Genérica,Especies menores y de zoológico,5877000,Cifras Definitivas.
Estadística de Finanzas Públicas Estatales y Municipales. Anual,Ciudad de México,2014,09,Egresos,Partida Genérica,Árboles y plantas,2015000,Cifras Definitivas.
Estadística de Finanzas Públicas Estatales y Municipales. Anual,Ciudad de México,2014,09,Egresos,Concepto,Bienes inmuebles,262429359,Cifras Definitivas.
Estadística de Finanzas Públicas Estatales y Municipales. Anual,Ciudad de México,2014,09,Egresos,Partida Genérica,Terrenos,141754719,Cifras Definitivas.
Estadística de Finanzas Públicas Estatales y Municipales. Anual,Ciudad de México,2014,09,Egresos,Partida Genérica,Viviendas,120674640,Cifras Definitivas.
Estadística de Finanzas Públicas Estatales y Municipales. Anual,Ciudad de México,2014,09,Egresos,Concepto,Activos intangibles,54857849,Cifras Definitivas.
Estadística de Finanzas Públicas Estatales y Municipales. Anual,Ciudad de México,2014,09,Egresos,Partida Genérica,Software,30384918,Cifras Definitivas.
Estadística de Finanzas Públicas Estatales y Municipales. Anual,Ciudad de México,2014,09,Egresos,Partida Genérica,Licencias informáticas e intelectuales,24472931,Cifras Definitivas.
Estadística de Finanzas Públicas Estatales y Municipales. Anual,Ciudad de México,2014,09,Egresos,Capítulo,Inversión pública,5773492808,Cifras Definitivas.
Estadística de Finanzas Públicas Estatales y Municipales. Anual,Ciudad de México,2014,09,Egresos,Concepto,Obra pública en bienes de dominio público,3835321327,Cifras Definitivas.
Estadística de Finanzas Públicas Estatales y Municipales. Anual,Ciudad de México,2014,09,Egresos,Partida Genérica,Edificación no habitacional,883247737,Cifras Definitivas.
Estadística de Finanzas Públicas Estatales y Municipales. Anual,Ciudad de México,2014,09,Egresos,Subpartida Genérica,Edificios públicos diversos,883247737,Cifras Definitivas.
Estadística de Finanzas Públicas Estatales y Municipales. Anual,Ciudad de México,2014,09,Egresos,Partida Genérica,División de terrenos y construcción de obras de urbanización,569636090,Cifras Definitivas.
Estadística de Finanzas Públicas Estatales y Municipales. Anual,Ciudad de México,2014,09,Egresos,Partida Genérica,Construcción de vías de comunicación,1439470839,Cifras Definitivas.
Estadística de Finanzas Públicas Estatales y Municipales. Anual,Ciudad de México,2014,09,Egresos,Partida Genérica,Otras construcciones de ingeniería civil u obra pesada,942966661,Cifras Definitivas.
Estadística de Finanzas Públicas Estatales y Municipales. Anual,Ciudad de México,2014,09,Egresos,Concepto,Obra pública en bienes propios,233025210,Cifras Definitivas.
Estadística de Finanzas Públicas Estatales y Municipales. Anual,Ciudad de México,2014,09,Egresos,Partida Genérica,Edificación no habitacional,232434790,Cifras Definitivas.
Estadística de Finanzas Públicas Estatales y Municipales. Anual,Ciudad de México,2014,09,Egresos,Subpartida Genérica,Edificios públicos diversos,232434790,Cifras Definitivas.
Estadística de Finanzas Públicas Estatales y Municipales. Anual,Ciudad de México,2014,09,Egresos,Partida Genérica,Trabajos de acabados en edificaciones y otros trabajos especializados,590420,Cifras Definitivas.
Estadística de Finanzas Públicas Estatales y Municipales. Anual,Ciudad de México,2014,09,Egresos,Concepto,Proyectos productivos y acciones de fomento,1705146271,Cifras Definitivas.
Estadística de Finanzas Públicas Estatales y Municipales. Anual,Ciudad de México,2014,09,Egresos,Partida Genérica,Diversos proyectos productivos y acciones de fomento,1705146271,Cifras Definitivas.
Estadística de Finanzas Públicas Estatales y Municipales. Anual,Ciudad de México,2014,09,Egresos,Capítulo,Inversiones financieras y otras provisiones,82095260,Cifras Definitivas.
Estadística de Finanzas Públicas Estatales y Municipales. Anual,Ciudad de México,2014,09,Egresos,Concepto,Inversiones para el fomento de actividades productivas,82095260,Cifras Definitivas.
Estadística de Finanzas Públicas Estatales y Municipales. Anual,Ciudad de México,2014,09,Egresos,Partida Genérica,Diversos créditos,82095260,Cifras Definitivas.
Estadística de Finanzas Públicas Estatales y Municipales. Anual,Ciudad de México,2014,09,Egresos,Capítulo,Recursos asignados a alcaldías de la Ciudad de México y sector paraestatal,60695499257,Cifras Definitivas.
Estadística de Finanzas Públicas Estatales y Municipales. Anual,Ciudad de México,2014,09,Egresos,Concepto,Alcaldías de la Ciudad de México,33715639886,Cifras Definitivas.
Estadística de Finanzas Públicas Estatales y Municipales. Anual,Ciudad de México,2014,09,Egresos,Partida Genérica,Azcapotzalco,1643252444,Cifras Definitivas.
Estadística de Finanzas Públicas Estatales y Municipales. Anual,Ciudad de México,2014,09,Egresos,Partida Genérica,Coyoacán,2258969574,Cifras Definitivas.
Estadística de Finanzas Públicas Estatales y Municipales. Anual,Ciudad de México,2014,09,Egresos,Partida Genérica,Cuajimalpa de Morelos,1158213364,Cifras Definitivas.
Estadística de Finanzas Públicas Estatales y Municipales. Anual,Ciudad de México,2014,09,Egresos,Partida Genérica,Gustavo A. Madero,3709080577,Cifras Definitivas.
Estadística de Finanzas Públicas Estatales y Municipales. Anual,Ciudad de México,2014,09,Egresos,Partida Genérica,Iztacalco,1615460911,Cifras Definitivas.
Estadística de Finanzas Públicas Estatales y Municipales. Anual,Ciudad de México,2014,09,Egresos,Partida Genérica,Iztapalapa,4496700087,Cifras Definitivas.
Estadística de Finanzas Públicas Estatales y Municipales. Anual,Ciudad de México,2014,09,Egresos,Partida Genérica,Magdalena Contreras,1366529579,Cifras Definitivas.
Estadística de Finanzas Públicas Estatales y Municipales. Anual,Ciudad de México,2014,09,Egresos,Partida Genérica,Milpa Alta,1002865638,Cifras Definitivas.
Estadística de Finanzas Públicas Estatales y Municipales. Anual,Ciudad de México,2014,09,Egresos,Partida Genérica,Álvaro Obregón,2398529366,Cifras Definitivas.
Estadística de Finanzas Públicas Estatales y Municipales. Anual,Ciudad de México,2014,09,Egresos,Partida Genérica,Tláhuac,1259177082,Cifras Definitivas.
Estadística de Finanzas Públicas Estatales y Municipales. Anual,Ciudad de México,2014,09,Egresos,Partida Genérica,Tlalpan,2042184404,Cifras Definitivas.
Estadística de Finanzas Públicas Estatales y Municipales. Anual,Ciudad de México,2014,09,Egresos,Partida Genérica,Xochimilco,1496927323,Cifras Definitivas.
Estadística de Finanzas Públicas Estatales y Municipales. Anual,Ciudad de México,2014,09,Egresos,Partida Genérica,Benito Juárez,1699670796,Cifras Definitivas.
Estadística de Finanzas Públicas Estatales y Municipales. Anual,Ciudad de México,2014,09,Egresos,Partida Genérica,Cuauhtémoc,2906704693,Cifras Definitivas.
Estadística de Finanzas Públicas Estatales y Municipales. Anual,Ciudad de México,2014,09,Egresos,Partida Genérica,Miguel Hidalgo,2287844230,Cifras Definitivas.
Estadística de Finanzas Públicas Estatales y Municipales. Anual,Ciudad de México,2014,09,Egresos,Partida Genérica,Venustiano Carranza,2373529818,Cifras Definitivas.
Estadística de Finanzas Públicas Estatales y Municipales. Anual,Ciudad de México,2014,09,Egresos,Concepto,Sector Paraestatal del Gobierno de la Ciudad de México,26979859371,Cifras Definitivas.
Estadística de Finanzas Públicas Estatales y Municipales. Anual,Ciudad de México,2014,09,Egresos,Partida Genérica,Heroico Cuerpo de Bomberos de la Ciudad de México,745561121,Cifras Definitivas.
Estadística de Finanzas Públicas Estatales y Municipales. Anual,Ciudad de México,2014,09,Egresos,Partida Genérica,Instituto de Vivienda de la Ciudad de México,1425162147,Cifras Definitivas.
Estadística de Finanzas Públicas Estatales y Municipales. Anual,Ciudad de México,2014,09,Egresos,Partida Genérica,Fondo para el Desarrollo Social de la Ciudad de México,82904739,Cifras Definitivas.
Estadística de Finanzas Públicas Estatales y Municipales. Anual,Ciudad de México,2014,09,Egresos,Partida Genérica,Fideicomiso de Recuperación Crediticia de la Ciudad de México FIDERE III,13312614,Cifras Definitivas.
Estadística de Finanzas Públicas Estatales y Municipales. Anual,Ciudad de México,2014,09,Egresos,Partida Genérica,Fondo Mixto de Promoción Turística de la Ciudad de México,256792270,Cifras Definitivas.
Estadística de Finanzas Públicas Estatales y Municipales. Anual,Ciudad de México,2014,09,Egresos,Partida Genérica,Fondo Ambiental Público de la Ciudad de México,263149020,Cifras Definitivas.
Estadística de Finanzas Públicas Estatales y Municipales. Anual,Ciudad de México,2014,09,Egresos,Partida Genérica,Sistema para el Desarrollo Integral de la Familia,2970708308,Cifras Definitivas.
Estadística de Finanzas Públicas Estatales y Municipales. Anual,Ciudad de México,2014,09,Egresos,Partida Genérica,Instituto de Educación Media Superior de la Ciudad de México,773205582,Cifras Definitivas.
Estadística de Finanzas Públicas Estatales y Municipales. Anual,Ciudad de México,2014,09,Egresos,Partida Genérica,Instituto de la Juventud de la Ciudad de México,94001169,Cifras Definitivas.
Estadística de Finanzas Públicas Estatales y Municipales. Anual,Ciudad de México,2014,09,Egresos,Partida Genérica,Instituto de las Mujeres de la Ciudad de México,109456210,Cifras Definitivas.
Estadística de Finanzas Públicas Estatales y Municipales. Anual,Ciudad de México,2014,09,Egresos,Partida Genérica,Fideicomiso del Centro Histórico de la Ciudad de México,104105797,Cifras Definitivas.
Estadística de Finanzas Públicas Estatales y Municipales. Anual,Ciudad de México,2014,09,Egresos,Partida Genérica,Sistema de Transporte Colectivo (Metro),7901847410,Cifras Definitivas.
Estadística de Finanzas Públicas Estatales y Municipales. Anual,Ciudad de México,2014,09,Egresos,Partida Genérica,Servicio de Transportes Eléctricos de la Ciudad de México,1097351319,Cifras Definitivas.
Estadística de Finanzas Públicas Estatales y Municipales. Anual,Ciudad de México,2014,09,Egresos,Partida Genérica,Sistema de Movilidad 1,1339041768,Cifras Definitivas.
Estadística de Finanzas Públicas Estatales y Municipales. Anual,Ciudad de México,2014,09,Egresos,Partida Genérica,Caja de Previsión para Trabajadores a Lista de Raya de la Ciudad de México,637942663,Cifras Definitivas.
Estadística de Finanzas Públicas Estatales y Municipales. Anual,Ciudad de México,2014,09,Egresos,Partida Genérica,Caja de Previsión de la Policía Preventiva de la Ciudad de México,1000000000,Cifras Definitivas.
Estadística de Finanzas Públicas Estatales y Municipales. Anual,Ciudad de México,2014,09,Egresos,Partida Genérica,Servicios de Salud Pública de la Ciudad de México,4889512430,Cifras Definitivas.
Estadística de Finanzas Públicas Estatales y Municipales. Anual,Ciudad de México,2014,09,Egresos,Partida Genérica,Procuraduría Social de la Ciudad de México,373653860,Cifras Definitivas.
Estadística de Finanzas Públicas Estatales y Municipales. Anual,Ciudad de México,2014,09,Egresos,Partida Genérica,Procuraduría Ambiental y del Ordenamiento Territorial de la Ciudad de México,130267479,Cifras Definitivas.
Estadística de Finanzas Públicas Estatales y Municipales. Anual,Ciudad de México,2014,09,Egresos,Partida Genérica,Fondo para la Atención y Apoyo a las Víctimas del Delito,1000000,Cifras Definitivas.
Estadística de Finanzas Públicas Estatales y Municipales. Anual,Ciudad de México,2014,09,Egresos,Partida Genérica,Metrobús,87984512,Cifras Definitivas.
Estadística de Finanzas Públicas Estatales y Municipales. Anual,Ciudad de México,2014,09,Egresos,Partida Genérica,Fideicomiso Museo de Arte Popular Mexicano,7699603,Cifras Definitivas.
Estadística de Finanzas Públicas Estatales y Municipales. Anual,Ciudad de México,2014,09,Egresos,Partida Genérica,Fideicomiso Museo del Estanquillo,11106435,Cifras Definitivas.
Estadística de Finanzas Públicas Estatales y Municipales. Anual,Ciudad de México,2014,09,Egresos,Partida Genérica,Fideicomiso Educación Garantizada,1837565292,Cifras Definitivas.
Estadística de Finanzas Públicas Estatales y Municipales. Anual,Ciudad de México,2014,09,Egresos,Partida Genérica,Consejo de Evaluación del Desarrollo Social de la Ciudad de México,19430325,Cifras Definitivas.
Estadística de Finanzas Públicas Estatales y Municipales. Anual,Ciudad de México,2014,09,Egresos,Partida Genérica,Instituto del Deporte de la Ciudad de México,149011824,Cifras Definitivas.
Estadística de Finanzas Públicas Estatales y Municipales. Anual,Ciudad de México,2014,09,Egresos,Partida Genérica,Fondo de Apoyo a la Procuración de Justicia,3587760,Cifras Definitivas.
Estadística de Finanzas Públicas Estatales y Municipales. Anual,Ciudad de México,2014,09,Egresos,Partida Genérica,Diversas Entidades Paraestatales de la Ciudad de México,654497714,Cifras Definitivas.
Estadística de Finanzas Públicas Estatales y Municipales. Anual,Ciudad de México,2014,09,Egresos,Capítulo,Deuda pública,6936538845,Cifras Definitivas.
Estadística de Finanzas Públicas Estatales y Municipales. Anual,Ciudad de México,2014,09,Egresos,Concepto,Amortización de la deuda pública,2636767242,Cifras Definitivas.
Estadística de Finanzas Públicas Estatales y Municipales. Anual,Ciudad de México,2014,09,Egresos,Partida Genérica,Amortización de la deuda interna con instituciones de crédito,827310853,Cifras Definitivas.
Estadística de Finanzas Públicas Estatales y Municipales. Anual,Ciudad de México,2014,09,Egresos,Partida Genérica,Amortización de la deuda interna por emisión de títulos y valores,1809456389,Cifras Definitivas.
Estadística de Finanzas Públicas Estatales y Municipales. Anual,Ciudad de México,2014,09,Egresos,Concepto,Intereses de la deuda pública,3736717993,Cifras Definitivas.
Estadística de Finanzas Públicas Estatales y Municipales. Anual,Ciudad de México,2014,09,Egresos,Partida Genérica,Intereses de la deuda interna con instituciones de crédito,2850195395,Cifras Definitivas.
Estadística de Finanzas Públicas Estatales y Municipales. Anual,Ciudad de México,2014,09,Egresos,Partida Genérica,Intereses derivados de la colocación de títulos y valores,886522598,Cifras Definitivas.
Estadística de Finanzas Públicas Estatales y Municipales. Anual,Ciudad de México,2014,09,Egresos,Concepto,Costo por coberturas,25225778,Cifras Definitivas.
Estadística de Finanzas Públicas Estatales y Municipales. Anual,Ciudad de México,2014,09,Egresos,Partida Genérica,Costos por coberturas,25225778,Cifras Definitivas.
Estadística de Finanzas Públicas Estatales y Municipales. Anual,Ciudad de México,2014,09,Egresos,Concepto,Adeudos de ejercicios fiscales anteriores (ADEFAS),537827832,Cifras Definitivas.
Estadística de Finanzas Públicas Estatales y Municipales. Anual,Ciudad de México,2014,09,Egresos,Partida Genérica,ADEFAS,537827832,Cifras Definitivas.
Estadística de Finanzas Públicas Estatales y Municipales. Anual,Ciudad de México,2014,09,Egresos,Capítulo,Disponibilidad final,6447855257,Cifras Definitivas.
Estadística de Finanzas Públicas Estatales y Municipales. Anual,Ciudad de México,2014,09,Ingresos,Tema,Total de ingresos,178005750800,Cifras Definitivas.
Estadística de Finanzas Públicas Estatales y Municipales. Anual,Ciudad de México,2014,09,Ingresos,Capítulo,Impuestos,42804491900,Cifras Definitivas.
Estadística de Finanzas Públicas Estatales y Municipales. Anual,Ciudad de México,2014,09,Ingresos,Concepto,Impuesto sobre los Ingresos,18229877900,Cifras Definitivas.
Estadística de Finanzas Públicas Estatales y Municipales. Anual,Ciudad de México,2014,09,Ingresos,Partida Genérica,Impuesto sobre nómina,18229877900,Cifras Definitivas.
Estadística de Finanzas Públicas Estatales y Municipales. Anual,Ciudad de México,2014,09,Ingresos,Concepto,Impuestos sobre el Patrimonio,23604006900,Cifras Definitivas.
Estadística de Finanzas Públicas Estatales y Municipales. Anual,Ciudad de México,2014,09,Ingresos,Partida Genérica,Impuesto predial,11849930700,Cifras Definitivas.
Estadística de Finanzas Públicas Estatales y Municipales. Anual,Ciudad de México,2014,09,Ingresos,Partida Genérica,Impuesto sobre tenencia o uso de vehículos,5808947400,Cifras Definitivas.
Estadística de Finanzas Públicas Estatales y Municipales. Anual,Ciudad de México,2014,09,Ingresos,Partida Genérica,Adquisición de bienes inmuebles,5945128800,Cifras Definitivas.
Estadística de Finanzas Públicas Estatales y Municipales. Anual,Ciudad de México,2014,09,Ingresos,Concepto,"Impuesto sobre la producción, el consumo y las transacciones",912558500,Cifras Definitivas.
Estadística de Finanzas Públicas Estatales y Municipales. Anual,Ciudad de México,2014,09,Ingresos,Partida Genérica,Impuesto sobre hospedaje,289118000,Cifras Definitivas.
Estadística de Finanzas Públicas Estatales y Municipales. Anual,Ciudad de México,2014,09,Ingresos,Partida Genérica,Diversiones y espectáculos públicos,244459000,Cifras Definitivas.
Estadística de Finanzas Públicas Estatales y Municipales. Anual,Ciudad de México,2014,09,Ingresos,Partida Genérica,"Loterías, rifas, sorteos y juegos permitidos",378981500,Cifras Definitivas.
Estadística de Finanzas Públicas Estatales y Municipales. Anual,Ciudad de México,2014,09,Ingresos,Concepto,Accesorios,58048600,Cifras Definitivas.
Estadística de Finanzas Públicas Estatales y Municipales. Anual,Ciudad de México,2014,09,Ingresos,Capítulo,Derechos,20593153100,Cifras Definitivas.
Estadística de Finanzas Públicas Estatales y Municipales. Anual,Ciudad de México,2014,09,Ingresos,Concepto,"Derechos por el uso, goce, aprovechamiento o explotación de bienes de dominio público",11827412300,Cifras Definitivas.
Estadística de Finanzas Públicas Estatales y Municipales. Anual,Ciudad de México,2014,09,Ingresos,Partida Genérica,Registros,1536118900,Cifras Definitivas.
Estadística de Finanzas Públicas Estatales y Municipales. Anual,Ciudad de México,2014,09,Ingresos,Subpartida Genérica,Registro civil,213753400,Cifras Definitivas.
Estadística de Finanzas Públicas Estatales y Municipales. Anual,Ciudad de México,2014,09,Ingresos,Subpartida Genérica,Registro público de la propiedad y del comercio,1322365500,Cifras Definitivas.
Estadística de Finanzas Públicas Estatales y Municipales. Anual,Ciudad de México,2014,09,Ingresos,Partida Genérica,Certificaciones y constancias,2489100,Cifras Definitivas.
Estadística de Finanzas Públicas Estatales y Municipales. Anual,Ciudad de México,2014,09,Ingresos,Subpartida Genérica,Ecología e impacto ambiental,2489100,Cifras Definitivas.
Estadística de Finanzas Públicas Estatales y Municipales. Anual,Ciudad de México,2014,09,Ingresos,Partida Genérica,Licencias y permisos,648441000,Cifras Definitivas.
Estadística de Finanzas Públicas Estatales y Municipales. Anual,Ciudad de México,2014,09,Ingresos,Subpartida Genérica,Licencias y permisos diversos,648441000,Cifras Definitivas.
Estadística de Finanzas Públicas Estatales y Municipales. Anual,Ciudad de México,2014,09,Ingresos,Partida Genérica,Servicios de vialidad y transporte,2615380800,Cifras Definitivas.
Estadística de Finanzas Públicas Estatales y Municipales. Anual,Ciudad de México,2014,09,Ingresos,Subpartida Genérica,Servicios de grúa y almacenaje de vehículos,214742800,Cifras Definitivas.
Estadística de Finanzas Públicas Estatales y Municipales. Anual,Ciudad de México,2014,09,Ingresos,Subpartida Genérica,Control vehicular,2400638000,Cifras Definitivas.
Estadística de Finanzas Públicas Estatales y Municipales. Anual,Ciudad de México,2014,09,Ingresos,Partida Genérica,Uso y suministro de agua potable,6859115700,Cifras Definitivas.
Estadística de Finanzas Públicas Estatales y Municipales. Anual,Ciudad de México,2014,09,Ingresos,Partida Genérica,Servicios de desarrollo urbano y obras públicas,165866800,Cifras Definitivas.
Estadística de Finanzas Públicas Estatales y Municipales. Anual,Ciudad de México,2014,09,Ingresos,Subpartida Genérica,Urbanización,67799600,Cifras Definitivas.
Estadística de Finanzas Públicas Estatales y Municipales. Anual,Ciudad de México,2014,09,Ingresos,Subpartida Genérica,Por servicios de fraccionamiento,98067200,Cifras Definitivas.
Estadística de Finanzas Públicas Estatales y Municipales. Anual,Ciudad de México,2014,09,Ingresos,Concepto,Derechos por prestación de servicios,8568557900,Cifras Definitivas.
Estadística de Finanzas Públicas Estatales y Municipales. Anual,Ciudad de México,2014,09,Ingresos,Partida Genérica,Estacionamientos,75657500,Cifras Definitivas.
Estadística de Finanzas Públicas Estatales y Municipales. Anual,Ciudad de México,2014,09,Ingresos,Partida Genérica,Seguridad pública,8466110600,Cifras Definitivas.
Estadística de Finanzas Públicas Estatales y Municipales. Anual,Ciudad de México,2014,09,Ingresos,Partida Genérica,Servicios de limpia y recolección de basura,18553900,Cifras Definitivas.
Estadística de Finanzas Públicas Estatales y Municipales. Anual,Ciudad de México,2014,09,Ingresos,Partida Genérica,Diversos derechos por prestación de servicios,8235900,Cifras Definitivas.
Estadística de Finanzas Públicas Estatales y Municipales. Anual,Ciudad de México,2014,09,Ingresos,Concepto,Otros Derechos,197182900,Cifras Definitivas.
Estadística de Finanzas Públicas Estatales y Municipales. Anual,Ciudad de México,2014,09,Ingresos,Capítulo,Productos,1979433700,Cifras Definitivas.
Estadística de Finanzas Públicas Estatales y Municipales. Anual,Ciudad de México,2014,09,Ingresos,Concepto,Productos de tipo corriente,1602124800,Cifras Definitivas.
Estadística de Finanzas Públicas Estatales y Municipales. Anual,Ciudad de México,2014,09,Ingresos,Partida Genérica,Intereses,750039700,Cifras Definitivas.
Estadística de Finanzas Públicas Estatales y Municipales. Anual,Ciudad de México,2014,09,Ingresos,Partida Genérica,Establecimientos y empresas,852085100,Cifras Definitivas.
Estadística de Finanzas Públicas Estatales y Municipales. Anual,Ciudad de México,2014,09,Ingresos,Subpartida Genérica,Talleres gráficos,348202400,Cifras Definitivas.
Estadística de Finanzas Públicas Estatales y Municipales. Anual,Ciudad de México,2014,09,Ingresos,Subpartida Genérica,Establecimientos diversos,503882700,Cifras Definitivas.
Estadística de Finanzas Públicas Estatales y Municipales. Anual,Ciudad de México,2014,09,Ingresos,Concepto,Productos de tipo capital,371557800,Cifras Definitivas.
Estadística de Finanzas Públicas Estatales y Municipales. Anual,Ciudad de México,2014,09,Ingresos,Partida Genérica,Enajenación o venta de bienes,371557800,Cifras Definitivas.
Estadística de Finanzas Públicas Estatales y Municipales. Anual,Ciudad de México,2014,09,Ingresos,Subpartida Genérica,Bienes muebles e inmuebles,360762600,Cifras Definitivas.
Estadística de Finanzas Públicas Estatales y Municipales. Anual,Ciudad de México,2014,09,Ingresos,Subpartida Genérica,Bienes inmuebles,10795200,Cifras Definitivas.
Estadística de Finanzas Públicas Estatales y Municipales. Anual,Ciudad de México,2014,09,Ingresos,Concepto,Otros productos,5751100,Cifras Definitivas.
Estadística de Finanzas Públicas Estatales y Municipales. Anual,Ciudad de México,2014,09,Ingresos,Capítulo,Aprovechamientos,2700756200,Cifras Definitivas.
Estadística de Finanzas Públicas Estatales y Municipales. Anual,Ciudad de México,2014,09,Ingresos,Concepto,Aprovechamientos de tipo corriente,1255640700,Cifras Definitivas.
Estadística de Finanzas Públicas Estatales y Municipales. Anual,Ciudad de México,2014,09,Ingresos,Partida Genérica,Multas,1169348200,Cifras Definitivas.
Estadística de Finanzas Públicas Estatales y Municipales. Anual,Ciudad de México,2014,09,Ingresos,Partida Genérica,Fianzas y depósitos,71167500,Cifras Definitivas.
Estadística de Finanzas Públicas Estatales y Municipales. Anual,Ciudad de México,2014,09,Ingresos,Partida Genérica,Donaciones y aprovechamientos a favor del estado,15125000,Cifras Definitivas.
Estadística de Finanzas Públicas Estatales y Municipales. Anual,Ciudad de México,2014,09,Ingresos,Concepto,Aprovechamientos de tipo capital,264263900,Cifras Definitivas.
Estadística de Finanzas Públicas Estatales y Municipales. Anual,Ciudad de México,2014,09,Ingresos,Partida Genérica,Concesiones para la explotación de bienes patrimoniales,264263900,Cifras Definitivas.
Estadística de Finanzas Públicas Estatales y Municipales. Anual,Ciudad de México,2014,09,Ingresos,Concepto,Otros aprovechamientos,1180851600,Cifras Definitivas.
Estadística de Finanzas Públicas Estatales y Municipales. Anual,Ciudad de México,2014,09,Ingresos,Capítulo,Participaciones federales,72863225300,Cifras Definitivas.
Estadística de Finanzas Públicas Estatales y Municipales. Anual,Ciudad de México,2014,09,Ingresos,Concepto,Fondos participables,57626335500,Cifras Definitivas.
Estadística de Finanzas Públicas Estatales y Municipales. Anual,Ciudad de México,2014,09,Ingresos,Partida Genérica,Fondo General de Participaciones,52023578800,Cifras Definitivas.
Estadística de Finanzas Públicas Estatales y Municipales. Anual,Ciudad de México,2014,09,Ingresos,Partida Genérica,Fondo de Fomento Municipal,2768733600,Cifras Definitivas.
Estadística de Finanzas Públicas Estatales y Municipales. Anual,Ciudad de México,2014,09,Ingresos,Partida Genérica,Fondo de Fiscalización,2834023100,Cifras Definitivas.
Estadística de Finanzas Públicas Estatales y Municipales. Anual,Ciudad de México,2014,09,Ingresos,Concepto,Impuestos participables,4689419900,Cifras Definitivas.
Estadística de Finanzas Públicas Estatales y Municipales. Anual,Ciudad de México,2014,09,Ingresos,Partida Genérica,Impuesto sobre Tenencia o Uso de Vehículos,62755200,Cifras Definitivas.
Estadística de Finanzas Públicas Estatales y Municipales. Anual,Ciudad de México,2014,09,Ingresos,Partida Genérica,Impuesto sobre Automóviles Nuevos,1930503600,Cifras Definitivas.
Estadística de Finanzas Públicas Estatales y Municipales. Anual,Ciudad de México,2014,09,Ingresos,Partida Genérica,Impuesto Especial sobre Producción y Servicios,1453279900,Cifras Definitivas.
Estadística de Finanzas Públicas Estatales y Municipales. Anual,Ciudad de México,2014,09,Ingresos,Partida Genérica,IEPS Gasolinas,1242881200,Cifras Definitivas.
Estadística de Finanzas Públicas Estatales y Municipales. Anual,Ciudad de México,2014,09,Ingresos,Concepto,Otras participaciones,10547469900,Cifras Definitivas.
Estadística de Finanzas Públicas Estatales y Municipales. Anual,Ciudad de México,2014,09,Ingresos,Partida Genérica,Multas administrativas federales no fiscales,29435200,Cifras Definitivas.
Estadística de Finanzas Públicas Estatales y Municipales. Anual,Ciudad de México,2014,09,Ingresos,Partida Genérica,Incentivos por administración de impuestos,1299365100,Cifras Definitivas.
Estadística de Finanzas Públicas Estatales y Municipales. Anual,Ciudad de México,2014,09,Ingresos,Partida Genérica,Participaciones diversas,9218669600,Cifras Definitivas.
Estadística de Finanzas Públicas Estatales y Municipales. Anual,Ciudad de México,2014,09,Ingresos,Capítulo,Aportaciones federales,27574133100,Cifras Definitivas.
Estadística de Finanzas Públicas Estatales y Municipales. Anual,Ciudad de México,2014,09,Ingresos,Concepto,Aportaciones del ramo general 33,12344977000,Cifras Definitivas.
Estadística de Finanzas Públicas Estatales y Municipales. Anual,Ciudad de México,2014,09,Ingresos,Partida Genérica,Aportaciones a entidades federativas,6793639760,Cifras Definitivas.
Estadística de Finanzas Públicas Estatales y Municipales. Anual,Ciudad de México,2014,09,Ingresos,Subpartida Genérica,FA para los Servicios de Salud,3668273200,Cifras Definitivas.
Estadística de Finanzas Públicas Estatales y Municipales. Anual,Ciudad de México,2014,09,Ingresos,Subpartida Genérica,FA para Infraestructura Social Estatal,106957360,Cifras Definitivas.
Estadística de Finanzas Públicas Estatales y Municipales. Anual,Ciudad de México,2014,09,Ingresos,Subpartida Genérica,FA Múltiples,595536400,Cifras Definitivas.
Estadística de Finanzas Públicas Estatales y Municipales. Anual,Ciudad de México,2014,09,Ingresos,Subpartida Genérica,FA para la Seguridad Pública,504081300,Cifras Definitivas.
Estadística de Finanzas Públicas Estatales y Municipales. Anual,Ciudad de México,2014,09,Ingresos,Subpartida Genérica,FA para el Fortalecimiento de los Municipios y las Demarcaciones Territoriales de la Ciudad de México,1918791500,Cifras Definitivas.
Estadística de Finanzas Públicas Estatales y Municipales. Anual,Ciudad de México,2014,09,Ingresos,Partida Genérica,Aportaciones a municipios,5551337240,Cifras Definitivas.
Estadística de Finanzas Públicas Estatales y Municipales. Anual,Ciudad de México,2014,09,Ingresos,Subpartida Genérica,FA para la Infraestructura Social Municipal,673829340,Cifras Definitivas.
Estadística de Finanzas Públicas Estatales y Municipales. Anual,Ciudad de México,2014,09,Ingresos,Subpartida Genérica,FA para el Fortalecimiento de los Municipios,4877507900,Cifras Definitivas.
Estadística de Finanzas Públicas Estatales y Municipales. Anual,Ciudad de México,2014,09,Ingresos,Concepto,Recursos federales reasignados,15229156100,Cifras Definitivas.
Estadística de Finanzas Públicas Estatales y Municipales. Anual,Ciudad de México,2014,09,Ingresos,Partida Genérica,Convenios para obras públicas,158140500,Cifras Definitivas.
Estadística de Finanzas Públicas Estatales y Municipales. Anual,Ciudad de México,2014,09,Ingresos,Subpartida Genérica,Fideicomiso para la infraestructura,154572800,Cifras Definitivas.
Estadística de Finanzas Públicas Estatales y Municipales. Anual,Ciudad de México,2014,09,Ingresos,Subpartida Genérica,Fondo para la estabilización de los ingresos,3567700,Cifras Definitivas.
Estadística de Finanzas Públicas Estatales y Municipales. Anual,Ciudad de México,2014,09,Ingresos,Partida Genérica,Recursos federales diversos,15071015600,Cifras Definitivas.
Estadística de Finanzas Públicas Estatales y Municipales. Anual,Ciudad de México,2014,09,Ingresos,Subpartida Genérica,Otros recursos federales,15071015600,Cifras Definitivas.
Estadística de Finanzas Públicas Estatales y Municipales. Anual,Ciudad de México,2014,09,Ingresos,Capítulo,Otros ingresos,5177938400,Cifras Definitivas.
Estadística de Finanzas Públicas Estatales y Municipales. Anual,Ciudad de México,2014,09,Ingresos,Concepto,Otros ingresos extraordinarios,5177938400,Cifras Definitivas.
Estadística de Finanzas Públicas Estatales y Municipales. Anual,Ciudad de México,2014,09,Ingresos,Capítulo,Financiamiento,4312619100,Cifras Definitivas.
Estadística de Finanzas Públicas Estatales y Municipales. Anual,Ciudad de México,2014,09,Ingresos,Concepto,Empréstitos,4312619100,Cifras Definitivas.
Estadística de Finanzas Públicas Estatales y Municipales. Anual,Ciudad de México,2014,09,Ingresos,Partida Genérica,Empréstitos diversos,4312619100,Cifras Definitivas.
