﻿PROD_EST,COBERTURA,ANIO,ID_ENTIDAD,TEMA,CATEGORIA,DESCRIPCION_CATEGORIA,VALOR,ESTATUS
Estadística de Finanzas Públicas Estatales y Municipales. Anual,Ciudad de México,2018,09,Egresos,Tema,Total de egresos,232997023500,Cifras Definitivas.
Estadística de Finanzas Públicas Estatales y Municipales. Anual,Ciudad de México,2018,09,Egresos,Capítulo,Servicios personales,36730060927,Cifras Definitivas.
Estadística de Finanzas Públicas Estatales y Municipales. Anual,Ciudad de México,2018,09,Egresos,Concepto,Remuneraciones al personal,12680388037,Cifras Definitivas.
Estadística de Finanzas Públicas Estatales y Municipales. Anual,Ciudad de México,2018,09,Egresos,Partida Genérica,Jefatura de Gobierno,54926472,Cifras Definitivas.
Estadística de Finanzas Públicas Estatales y Municipales. Anual,Ciudad de México,2018,09,Egresos,Partida Genérica,Secretaría de Gobierno,1027018907,Cifras Definitivas.
Estadística de Finanzas Públicas Estatales y Municipales. Anual,Ciudad de México,2018,09,Egresos,Partida Genérica,Secretaría de Finanzas,784442006,Cifras Definitivas.
Estadística de Finanzas Públicas Estatales y Municipales. Anual,Ciudad de México,2018,09,Egresos,Partida Genérica,Secretaría de Educación,315205955,Cifras Definitivas.
Estadística de Finanzas Públicas Estatales y Municipales. Anual,Ciudad de México,2018,09,Egresos,Partida Genérica,Secretaría de Salud,2949952521,Cifras Definitivas.
Estadística de Finanzas Públicas Estatales y Municipales. Anual,Ciudad de México,2018,09,Egresos,Partida Genérica,Secretaría de Obras Públicas y Servicios,517718349,Cifras Definitivas.
Estadística de Finanzas Públicas Estatales y Municipales. Anual,Ciudad de México,2018,09,Egresos,Partida Genérica,Secretaría de Desarrollo Económico,68184399,Cifras Definitivas.
Estadística de Finanzas Públicas Estatales y Municipales. Anual,Ciudad de México,2018,09,Egresos,Partida Genérica,Secretaría de Turismo,16455985,Cifras Definitivas.
Estadística de Finanzas Públicas Estatales y Municipales. Anual,Ciudad de México,2018,09,Egresos,Partida Genérica,Secretaría del Medio Ambiente,458165984,Cifras Definitivas.
Estadística de Finanzas Públicas Estatales y Municipales. Anual,Ciudad de México,2018,09,Egresos,Partida Genérica,Secretaría de Desarrollo Social,620077197,Cifras Definitivas.
Estadística de Finanzas Públicas Estatales y Municipales. Anual,Ciudad de México,2018,09,Egresos,Partida Genérica,Secretaría de Desarrollo Rural y Equidad para las Comunidades,19244734,Cifras Definitivas.
Estadística de Finanzas Públicas Estatales y Municipales. Anual,Ciudad de México,2018,09,Egresos,Partida Genérica,Secretaría del Trabajo y Previsión Social,91129070,Cifras Definitivas.
Estadística de Finanzas Públicas Estatales y Municipales. Anual,Ciudad de México,2018,09,Egresos,Partida Genérica,Secretaría de Seguridad Pública,3345956786,Cifras Definitivas.
Estadística de Finanzas Públicas Estatales y Municipales. Anual,Ciudad de México,2018,09,Egresos,Partida Genérica,Procuraduría General de Justicia,1383466263,Cifras Definitivas.
Estadística de Finanzas Públicas Estatales y Municipales. Anual,Ciudad de México,2018,09,Egresos,Partida Genérica,Contraloría General,108926188,Cifras Definitivas.
Estadística de Finanzas Públicas Estatales y Municipales. Anual,Ciudad de México,2018,09,Egresos,Partida Genérica,Oficialía Mayor,155468571,Cifras Definitivas.
Estadística de Finanzas Públicas Estatales y Municipales. Anual,Ciudad de México,2018,09,Egresos,Partida Genérica,Dependencias diversas,764048650,Cifras Definitivas.
Estadística de Finanzas Públicas Estatales y Municipales. Anual,Ciudad de México,2018,09,Egresos,Concepto,Remuneraciones adicionales y especiales,9863786849,Cifras Definitivas.
Estadística de Finanzas Públicas Estatales y Municipales. Anual,Ciudad de México,2018,09,Egresos,Partida Genérica,Primas por años de servicios efectivos prestados,217098524,Cifras Definitivas.
Estadística de Finanzas Públicas Estatales y Municipales. Anual,Ciudad de México,2018,09,Egresos,Partida Genérica,"Primas de vacaciones, dominical y gratificación de fin de año",2142086277,Cifras Definitivas.
Estadística de Finanzas Públicas Estatales y Municipales. Anual,Ciudad de México,2018,09,Egresos,Partida Genérica,Horas extraordinarias,176048011,Cifras Definitivas.
Estadística de Finanzas Públicas Estatales y Municipales. Anual,Ciudad de México,2018,09,Egresos,Partida Genérica,Compensaciones,7328554037,Cifras Definitivas.
Estadística de Finanzas Públicas Estatales y Municipales. Anual,Ciudad de México,2018,09,Egresos,Concepto,Seguridad social,3120828639,Cifras Definitivas.
Estadística de Finanzas Públicas Estatales y Municipales. Anual,Ciudad de México,2018,09,Egresos,Partida Genérica,Aportaciones a fondos de vivienda,722225719,Cifras Definitivas.
Estadística de Finanzas Públicas Estatales y Municipales. Anual,Ciudad de México,2018,09,Egresos,Partida Genérica,Aportaciones para seguros,625198510,Cifras Definitivas.
Estadística de Finanzas Públicas Estatales y Municipales. Anual,Ciudad de México,2018,09,Egresos,Partida Genérica,Otras cuotas de seguridad social y seguros,1773404410,Cifras Definitivas.
Estadística de Finanzas Públicas Estatales y Municipales. Anual,Ciudad de México,2018,09,Egresos,Concepto,Otras prestaciones sociales y económicas,10630743642,Cifras Definitivas.
Estadística de Finanzas Públicas Estatales y Municipales. Anual,Ciudad de México,2018,09,Egresos,Partida Genérica,Cuotas para el fondo de ahorro y fondo de trabajo,825630816,Cifras Definitivas.
Estadística de Finanzas Públicas Estatales y Municipales. Anual,Ciudad de México,2018,09,Egresos,Partida Genérica,Indemnizaciones,907784622,Cifras Definitivas.
Estadística de Finanzas Públicas Estatales y Municipales. Anual,Ciudad de México,2018,09,Egresos,Partida Genérica,Prestaciones y haberes de retiro,685410526,Cifras Definitivas.
Estadística de Finanzas Públicas Estatales y Municipales. Anual,Ciudad de México,2018,09,Egresos,Partida Genérica,Apoyos a la capacitación de los servidores públicos,38625932,Cifras Definitivas.
Estadística de Finanzas Públicas Estatales y Municipales. Anual,Ciudad de México,2018,09,Egresos,Partida Genérica,Otras prestaciones sociales y económicas,8173291746,Cifras Definitivas.
Estadística de Finanzas Públicas Estatales y Municipales. Anual,Ciudad de México,2018,09,Egresos,Concepto,Pago de estímulos a servidores públicos,434313760,Cifras Definitivas.
Estadística de Finanzas Públicas Estatales y Municipales. Anual,Ciudad de México,2018,09,Egresos,Partida Genérica,Estímulos,434313760,Cifras Definitivas.
Estadística de Finanzas Públicas Estatales y Municipales. Anual,Ciudad de México,2018,09,Egresos,Capítulo,Materiales y suministros,4853963950,Cifras Definitivas.
Estadística de Finanzas Públicas Estatales y Municipales. Anual,Ciudad de México,2018,09,Egresos,Concepto,"Materiales de administración, emisión de documentos y artículos oficiales",267427466,Cifras Definitivas.
Estadística de Finanzas Públicas Estatales y Municipales. Anual,Ciudad de México,2018,09,Egresos,Partida Genérica,"Materiales, útiles y equipos menores de oficina",139647713,Cifras Definitivas.
Estadística de Finanzas Públicas Estatales y Municipales. Anual,Ciudad de México,2018,09,Egresos,Partida Genérica,Materiales y útiles de impresión y reproducción,4500338,Cifras Definitivas.
Estadística de Finanzas Públicas Estatales y Municipales. Anual,Ciudad de México,2018,09,Egresos,Partida Genérica,Material estadístico y geográfico,11254,Cifras Definitivas.
Estadística de Finanzas Públicas Estatales y Municipales. Anual,Ciudad de México,2018,09,Egresos,Partida Genérica,"Materiales, útiles y equipos menores de tecnologías de la información y comunicaciones",72717382,Cifras Definitivas.
Estadística de Finanzas Públicas Estatales y Municipales. Anual,Ciudad de México,2018,09,Egresos,Partida Genérica,Material impreso e información digital,11037675,Cifras Definitivas.
Estadística de Finanzas Públicas Estatales y Municipales. Anual,Ciudad de México,2018,09,Egresos,Partida Genérica,Material de limpieza,32014392,Cifras Definitivas.
Estadística de Finanzas Públicas Estatales y Municipales. Anual,Ciudad de México,2018,09,Egresos,Partida Genérica,Materiales y útiles de enseñanza,7455342,Cifras Definitivas.
Estadística de Finanzas Públicas Estatales y Municipales. Anual,Ciudad de México,2018,09,Egresos,Partida Genérica,Materiales para el registro e identificación de bienes y personas,43370,Cifras Definitivas.
Estadística de Finanzas Públicas Estatales y Municipales. Anual,Ciudad de México,2018,09,Egresos,Concepto,Alimentos y utensilios,1198703163,Cifras Definitivas.
Estadística de Finanzas Públicas Estatales y Municipales. Anual,Ciudad de México,2018,09,Egresos,Partida Genérica,Productos alimenticios para personas,1131495465,Cifras Definitivas.
Estadística de Finanzas Públicas Estatales y Municipales. Anual,Ciudad de México,2018,09,Egresos,Partida Genérica,Productos alimenticios para animales,65973454,Cifras Definitivas.
Estadística de Finanzas Públicas Estatales y Municipales. Anual,Ciudad de México,2018,09,Egresos,Partida Genérica,Utensilios para el servicio de alimentación,1234244,Cifras Definitivas.
Estadística de Finanzas Públicas Estatales y Municipales. Anual,Ciudad de México,2018,09,Egresos,Concepto,"Herramientas, refacciones y accesorios menores",78665942,Cifras Definitivas.
Estadística de Finanzas Públicas Estatales y Municipales. Anual,Ciudad de México,2018,09,Egresos,Partida Genérica,Herramientas menores,8046938,Cifras Definitivas.
Estadística de Finanzas Públicas Estatales y Municipales. Anual,Ciudad de México,2018,09,Egresos,Partida Genérica,Refacciones y accesorios menores de edificios,3912791,Cifras Definitivas.
Estadística de Finanzas Públicas Estatales y Municipales. Anual,Ciudad de México,2018,09,Egresos,Partida Genérica,"Refacciones y accesorios menores de mobiliario y equipo de administración, educacional y recreativo",1157590,Cifras Definitivas.
Estadística de Finanzas Públicas Estatales y Municipales. Anual,Ciudad de México,2018,09,Egresos,Partida Genérica,Refacciones y accesorios menores de equipo de cómputo y tecnologías de la información,13529574,Cifras Definitivas.
Estadística de Finanzas Públicas Estatales y Municipales. Anual,Ciudad de México,2018,09,Egresos,Partida Genérica,Refacciones y accesorios menores de equipo e instrumental médico y de laboratorio,4346526,Cifras Definitivas.
Estadística de Finanzas Públicas Estatales y Municipales. Anual,Ciudad de México,2018,09,Egresos,Partida Genérica,Refacciones y accesorios menores de equipo de transporte,40163625,Cifras Definitivas.
Estadística de Finanzas Públicas Estatales y Municipales. Anual,Ciudad de México,2018,09,Egresos,Partida Genérica,Refacciones y accesorios menores de maquinaria y otros equipos,5324176,Cifras Definitivas.
Estadística de Finanzas Públicas Estatales y Municipales. Anual,Ciudad de México,2018,09,Egresos,Partida Genérica,Refacciones y accesorios menores otros bienes muebles,2184722,Cifras Definitivas.
Estadística de Finanzas Públicas Estatales y Municipales. Anual,Ciudad de México,2018,09,Egresos,Concepto,Materiales y artículos de construcción y de reparación,78036694,Cifras Definitivas.
Estadística de Finanzas Públicas Estatales y Municipales. Anual,Ciudad de México,2018,09,Egresos,Partida Genérica,Productos minerales no metálicos,2992780,Cifras Definitivas.
Estadística de Finanzas Públicas Estatales y Municipales. Anual,Ciudad de México,2018,09,Egresos,Partida Genérica,Cemento y productos de concreto,1532929,Cifras Definitivas.
Estadística de Finanzas Públicas Estatales y Municipales. Anual,Ciudad de México,2018,09,Egresos,Partida Genérica,"Cal, yeso y productos de yeso",1124849,Cifras Definitivas.
Estadística de Finanzas Públicas Estatales y Municipales. Anual,Ciudad de México,2018,09,Egresos,Partida Genérica,Madera y productos de madera,3702890,Cifras Definitivas.
Estadística de Finanzas Públicas Estatales y Municipales. Anual,Ciudad de México,2018,09,Egresos,Partida Genérica,Vidrio y productos de vidrio,872475,Cifras Definitivas.
Estadística de Finanzas Públicas Estatales y Municipales. Anual,Ciudad de México,2018,09,Egresos,Partida Genérica,Material eléctrico y electrónico,36693810,Cifras Definitivas.
Estadística de Finanzas Públicas Estatales y Municipales. Anual,Ciudad de México,2018,09,Egresos,Partida Genérica,Artículos metálicos para la construcción,11705156,Cifras Definitivas.
Estadística de Finanzas Públicas Estatales y Municipales. Anual,Ciudad de México,2018,09,Egresos,Partida Genérica,Materiales complementarios,5689866,Cifras Definitivas.
Estadística de Finanzas Públicas Estatales y Municipales. Anual,Ciudad de México,2018,09,Egresos,Partida Genérica,Otros materiales y artículos de construcción y reparación,13721939,Cifras Definitivas.
Estadística de Finanzas Públicas Estatales y Municipales. Anual,Ciudad de México,2018,09,Egresos,Concepto,"Productos químicos, farmacéuticos, laboratorio y materias primas de producción y comercialización",1559996512,Cifras Definitivas.
Estadística de Finanzas Públicas Estatales y Municipales. Anual,Ciudad de México,2018,09,Egresos,Partida Genérica,"Productos químicos, farmacéuticos y de laboratorio",1557489652,Cifras Definitivas.
Estadística de Finanzas Públicas Estatales y Municipales. Anual,Ciudad de México,2018,09,Egresos,Subpartida Genérica,Productos químicos básicos,75166666,Cifras Definitivas.
Estadística de Finanzas Públicas Estatales y Municipales. Anual,Ciudad de México,2018,09,Egresos,Subpartida Genérica,"Fertilizantes, pesticidas y otros agroquímicos",625366,Cifras Definitivas.
Estadística de Finanzas Públicas Estatales y Municipales. Anual,Ciudad de México,2018,09,Egresos,Subpartida Genérica,Medicinas y productos farmacéuticos,847468143,Cifras Definitivas.
Estadística de Finanzas Públicas Estatales y Municipales. Anual,Ciudad de México,2018,09,Egresos,Subpartida Genérica,"Materiales, accesorios y suministros médicos",601100084,Cifras Definitivas.
Estadística de Finanzas Públicas Estatales y Municipales. Anual,Ciudad de México,2018,09,Egresos,Subpartida Genérica,"Materiales, accesorios y suministros de laboratorio",17650511,Cifras Definitivas.
Estadística de Finanzas Públicas Estatales y Municipales. Anual,Ciudad de México,2018,09,Egresos,Subpartida Genérica,"Fibras sintéticas, hules, plásticos y derivados",4386964,Cifras Definitivas.
Estadística de Finanzas Públicas Estatales y Municipales. Anual,Ciudad de México,2018,09,Egresos,Subpartida Genérica,Otros productos químicos,11091918,Cifras Definitivas.
Estadística de Finanzas Públicas Estatales y Municipales. Anual,Ciudad de México,2018,09,Egresos,Partida Genérica,Materias primas y materiales de producción y comercialización,1918515,Cifras Definitivas.
Estadística de Finanzas Públicas Estatales y Municipales. Anual,Ciudad de México,2018,09,Egresos,Subpartida Genérica,"Productos alimenticios, agropecuarios y forestales adquiridos como materia prima",505912,Cifras Definitivas.
Estadística de Finanzas Públicas Estatales y Municipales. Anual,Ciudad de México,2018,09,Egresos,Subpartida Genérica,"Productos de papel, cartón e impresos adquiridos como materia prima",875901,Cifras Definitivas.
Estadística de Finanzas Públicas Estatales y Municipales. Anual,Ciudad de México,2018,09,Egresos,Subpartida Genérica,"Productos químicos, farmacéuticos y de laboratorio adquiridos como materia prima",487436,Cifras Definitivas.
Estadística de Finanzas Públicas Estatales y Municipales. Anual,Ciudad de México,2018,09,Egresos,Subpartida Genérica,"Productos de cuero, piel, plástico y hule adquiridos como materia prima",38712,Cifras Definitivas.
Estadística de Finanzas Públicas Estatales y Municipales. Anual,Ciudad de México,2018,09,Egresos,Subpartida Genérica,Mercancías adquiridas para su comercialización,10554,Cifras Definitivas.
Estadística de Finanzas Públicas Estatales y Municipales. Anual,Ciudad de México,2018,09,Egresos,Partida Genérica,Otros productos adquiridos como materia prima,588345,Cifras Definitivas.
Estadística de Finanzas Públicas Estatales y Municipales. Anual,Ciudad de México,2018,09,Egresos,Concepto,"Combustibles, lubricantes y aditivos",1158303431,Cifras Definitivas.
Estadística de Finanzas Públicas Estatales y Municipales. Anual,Ciudad de México,2018,09,Egresos,Partida Genérica,"Combustibles, lubricantes y aditivos",1158303431,Cifras Definitivas.
Estadística de Finanzas Públicas Estatales y Municipales. Anual,Ciudad de México,2018,09,Egresos,Concepto,"Vestuario, blancos, prendas de protección y artículos deportivos",342332138,Cifras Definitivas.
Estadística de Finanzas Públicas Estatales y Municipales. Anual,Ciudad de México,2018,09,Egresos,Partida Genérica,Vestuario y uniformes,298933381,Cifras Definitivas.
Estadística de Finanzas Públicas Estatales y Municipales. Anual,Ciudad de México,2018,09,Egresos,Partida Genérica,Prendas de seguridad y protección personal,9348692,Cifras Definitivas.
Estadística de Finanzas Públicas Estatales y Municipales. Anual,Ciudad de México,2018,09,Egresos,Partida Genérica,Artículos deportivos,935841,Cifras Definitivas.
Estadística de Finanzas Públicas Estatales y Municipales. Anual,Ciudad de México,2018,09,Egresos,Partida Genérica,Productos textiles,18950038,Cifras Definitivas.
Estadística de Finanzas Públicas Estatales y Municipales. Anual,Ciudad de México,2018,09,Egresos,Partida Genérica,"Blancos y otros productos textiles, excepto prendas de vestir",14164186,Cifras Definitivas.
Estadística de Finanzas Públicas Estatales y Municipales. Anual,Ciudad de México,2018,09,Egresos,Concepto,Materiales y suministros para seguridad,170498604,Cifras Definitivas.
Estadística de Finanzas Públicas Estatales y Municipales. Anual,Ciudad de México,2018,09,Egresos,Partida Genérica,Materiales de seguridad pública,17791609,Cifras Definitivas.
Estadística de Finanzas Públicas Estatales y Municipales. Anual,Ciudad de México,2018,09,Egresos,Partida Genérica,Prendas de protección para seguridad pública y nacional,152706995,Cifras Definitivas.
Estadística de Finanzas Públicas Estatales y Municipales. Anual,Ciudad de México,2018,09,Egresos,Capítulo,Servicios generales,17873713256,Cifras Definitivas.
Estadística de Finanzas Públicas Estatales y Municipales. Anual,Ciudad de México,2018,09,Egresos,Concepto,Servicios básicos,868659137,Cifras Definitivas.
Estadística de Finanzas Públicas Estatales y Municipales. Anual,Ciudad de México,2018,09,Egresos,Partida Genérica,Energía eléctrica,289933472,Cifras Definitivas.
Estadística de Finanzas Públicas Estatales y Municipales. Anual,Ciudad de México,2018,09,Egresos,Partida Genérica,Gas,53339670,Cifras Definitivas.
Estadística de Finanzas Públicas Estatales y Municipales. Anual,Ciudad de México,2018,09,Egresos,Partida Genérica,Agua,289786932,Cifras Definitivas.
Estadística de Finanzas Públicas Estatales y Municipales. Anual,Ciudad de México,2018,09,Egresos,Partida Genérica,Telefonía tradicional,31501723,Cifras Definitivas.
Estadística de Finanzas Públicas Estatales y Municipales. Anual,Ciudad de México,2018,09,Egresos,Partida Genérica,Servicios de telecomunicaciones y satélites,19194067,Cifras Definitivas.
Estadística de Finanzas Públicas Estatales y Municipales. Anual,Ciudad de México,2018,09,Egresos,Partida Genérica,"Servicios de acceso de Internet, redes y procesamiento de información",140970859,Cifras Definitivas.
Estadística de Finanzas Públicas Estatales y Municipales. Anual,Ciudad de México,2018,09,Egresos,Partida Genérica,Servicios postales y telegráficos,33180140,Cifras Definitivas.
Estadística de Finanzas Públicas Estatales y Municipales. Anual,Ciudad de México,2018,09,Egresos,Partida Genérica,Servicios integrales y otros servicios,10752274,Cifras Definitivas.
Estadística de Finanzas Públicas Estatales y Municipales. Anual,Ciudad de México,2018,09,Egresos,Concepto,Servicios de arrendamiento,854607635,Cifras Definitivas.
Estadística de Finanzas Públicas Estatales y Municipales. Anual,Ciudad de México,2018,09,Egresos,Partida Genérica,Arrendamiento de edificios,575593101,Cifras Definitivas.
Estadística de Finanzas Públicas Estatales y Municipales. Anual,Ciudad de México,2018,09,Egresos,Partida Genérica,"Arrendamiento de mobiliario y equipo de administración, educacional y recreativo",65775254,Cifras Definitivas.
Estadística de Finanzas Públicas Estatales y Municipales. Anual,Ciudad de México,2018,09,Egresos,Partida Genérica,Arrendamiento de equipo de transporte,8302719,Cifras Definitivas.
Estadística de Finanzas Públicas Estatales y Municipales. Anual,Ciudad de México,2018,09,Egresos,Partida Genérica,"Arrendamiento de maquinaria, otros equipos y herramientas",5800,Cifras Definitivas.
Estadística de Finanzas Públicas Estatales y Municipales. Anual,Ciudad de México,2018,09,Egresos,Partida Genérica,Arrendamiento de activos intangibles,39433637,Cifras Definitivas.
Estadística de Finanzas Públicas Estatales y Municipales. Anual,Ciudad de México,2018,09,Egresos,Partida Genérica,Otros arrendamientos,165497124,Cifras Definitivas.
Estadística de Finanzas Públicas Estatales y Municipales. Anual,Ciudad de México,2018,09,Egresos,Concepto,"Servicios profesionales, científicos, técnicos y otros servicios",5804027211,Cifras Definitivas.
Estadística de Finanzas Públicas Estatales y Municipales. Anual,Ciudad de México,2018,09,Egresos,Partida Genérica,"Servicios legales, de contabilidad, auditoría y relacionados",931005282,Cifras Definitivas.
Estadística de Finanzas Públicas Estatales y Municipales. Anual,Ciudad de México,2018,09,Egresos,Partida Genérica,"Servicios de diseño, arquitectura, ingeniería y actividades relacionadas",71206459,Cifras Definitivas.
Estadística de Finanzas Públicas Estatales y Municipales. Anual,Ciudad de México,2018,09,Egresos,Partida Genérica,"Servicios de consultoría administrativa, procesos, técnica y en tecnologías de la información",463807255,Cifras Definitivas.
Estadística de Finanzas Públicas Estatales y Municipales. Anual,Ciudad de México,2018,09,Egresos,Partida Genérica,Servicios de capacitación,82249970,Cifras Definitivas.
Estadística de Finanzas Públicas Estatales y Municipales. Anual,Ciudad de México,2018,09,Egresos,Partida Genérica,Servicios de investigación científica y desarrollo,33837384,Cifras Definitivas.
Estadística de Finanzas Públicas Estatales y Municipales. Anual,Ciudad de México,2018,09,Egresos,Partida Genérica,"Servicios de apoyo administrativo, traducción, fotocopiado e impresión",479140789,Cifras Definitivas.
Estadística de Finanzas Públicas Estatales y Municipales. Anual,Ciudad de México,2018,09,Egresos,Partida Genérica,Servicios de protección y seguridad,3178104,Cifras Definitivas.
Estadística de Finanzas Públicas Estatales y Municipales. Anual,Ciudad de México,2018,09,Egresos,Partida Genérica,Servicios de vigilancia,3559341181,Cifras Definitivas.
Estadística de Finanzas Públicas Estatales y Municipales. Anual,Ciudad de México,2018,09,Egresos,Partida Genérica,"Servicios profesionales, científicos y técnicos integrales",180260787,Cifras Definitivas.
Estadística de Finanzas Públicas Estatales y Municipales. Anual,Ciudad de México,2018,09,Egresos,Concepto,"Servicios financieros, bancarios y comerciales",992122769,Cifras Definitivas.
Estadística de Finanzas Públicas Estatales y Municipales. Anual,Ciudad de México,2018,09,Egresos,Partida Genérica,Servicios financieros y bancarios,67168881,Cifras Definitivas.
Estadística de Finanzas Públicas Estatales y Municipales. Anual,Ciudad de México,2018,09,Egresos,Partida Genérica,"Servicios de recaudación, traslado y custodia de valores",343711002,Cifras Definitivas.
Estadística de Finanzas Públicas Estatales y Municipales. Anual,Ciudad de México,2018,09,Egresos,Partida Genérica,Seguro de bienes patrimoniales,443345779,Cifras Definitivas.
Estadística de Finanzas Públicas Estatales y Municipales. Anual,Ciudad de México,2018,09,Egresos,Partida Genérica,"Almacenaje, envase y embalaje",916573,Cifras Definitivas.
Estadística de Finanzas Públicas Estatales y Municipales. Anual,Ciudad de México,2018,09,Egresos,Partida Genérica,Fletes y maniobras,136980534,Cifras Definitivas.
Estadística de Finanzas Públicas Estatales y Municipales. Anual,Ciudad de México,2018,09,Egresos,Concepto,"Servicios de instalación, reparación, mantenimiento y conservación",1906881166,Cifras Definitivas.
Estadística de Finanzas Públicas Estatales y Municipales. Anual,Ciudad de México,2018,09,Egresos,Partida Genérica,Conservación y mantenimiento menor de inmuebles,418679294,Cifras Definitivas.
Estadística de Finanzas Públicas Estatales y Municipales. Anual,Ciudad de México,2018,09,Egresos,Partida Genérica,"Instalación, reparación y mantenimiento de mobiliario y equipo de administración, educacional y recreativo",11865880,Cifras Definitivas.
Estadística de Finanzas Públicas Estatales y Municipales. Anual,Ciudad de México,2018,09,Egresos,Partida Genérica,"Instalación, reparación y mantenimiento de equipo de cómputo y tecnología de la información",89636358,Cifras Definitivas.
Estadística de Finanzas Públicas Estatales y Municipales. Anual,Ciudad de México,2018,09,Egresos,Partida Genérica,Servicios de jardinería y fumigación,60117982,Cifras Definitivas.
Estadística de Finanzas Públicas Estatales y Municipales. Anual,Ciudad de México,2018,09,Egresos,Partida Genérica,Reparación y mantenimiento de equipo de transporte,480618664,Cifras Definitivas.
Estadística de Finanzas Públicas Estatales y Municipales. Anual,Ciudad de México,2018,09,Egresos,Partida Genérica,"Reparación y mantenimiento de equipo de defensa y seguridad e instalación, reparación y mantenimiento de equipo e instrumental médico y de laboratorio",134696463,Cifras Definitivas.
Estadística de Finanzas Públicas Estatales y Municipales. Anual,Ciudad de México,2018,09,Egresos,Subpartida Genérica,"Instalación, reparación y mantenimiento de equipo e instrumental médico y de laboratorio",134696463,Cifras Definitivas.
Estadística de Finanzas Públicas Estatales y Municipales. Anual,Ciudad de México,2018,09,Egresos,Partida Genérica,"Instalación, reparación y mantenimiento de maquinaria, otros equipos y herramienta",347668364,Cifras Definitivas.
Estadística de Finanzas Públicas Estatales y Municipales. Anual,Ciudad de México,2018,09,Egresos,Partida Genérica,Servicios de limpieza y manejo de desechos,363598161,Cifras Definitivas.
Estadística de Finanzas Públicas Estatales y Municipales. Anual,Ciudad de México,2018,09,Egresos,Concepto,Servicios de comunicación social y publicidad,472752177,Cifras Definitivas.
Estadística de Finanzas Públicas Estatales y Municipales. Anual,Ciudad de México,2018,09,Egresos,Partida Genérica,"Difusión por radio, televisión y otros medios de mensajes sobre programas y actividades gubernamentales",381163948,Cifras Definitivas.
Estadística de Finanzas Públicas Estatales y Municipales. Anual,Ciudad de México,2018,09,Egresos,Partida Genérica,"Difusión por radio, televisión y otros medios de mensajes comerciales para promover la venta de bienes o servicios",118239,Cifras Definitivas.
Estadística de Finanzas Públicas Estatales y Municipales. Anual,Ciudad de México,2018,09,Egresos,Partida Genérica,"Servicios de creatividad, preproducción y producción de publicidad, excepto Internet",64516467,Cifras Definitivas.
Estadística de Finanzas Públicas Estatales y Municipales. Anual,Ciudad de México,2018,09,Egresos,Partida Genérica,"Servicios de la industria fílmica, del sonido y del video",1731044,Cifras Definitivas.
Estadística de Finanzas Públicas Estatales y Municipales. Anual,Ciudad de México,2018,09,Egresos,Partida Genérica,Servicio de creación y difusión de contenido exclusivamente a través de Internet,21399680,Cifras Definitivas.
Estadística de Finanzas Públicas Estatales y Municipales. Anual,Ciudad de México,2018,09,Egresos,Partida Genérica,Otros servicios de información,3822799,Cifras Definitivas.
Estadística de Finanzas Públicas Estatales y Municipales. Anual,Ciudad de México,2018,09,Egresos,Concepto,Servicios de traslado y viáticos,53376314,Cifras Definitivas.
Estadística de Finanzas Públicas Estatales y Municipales. Anual,Ciudad de México,2018,09,Egresos,Partida Genérica,Pasajes aéreos,2342692,Cifras Definitivas.
Estadística de Finanzas Públicas Estatales y Municipales. Anual,Ciudad de México,2018,09,Egresos,Partida Genérica,Pasajes terrestres,42929527,Cifras Definitivas.
Estadística de Finanzas Públicas Estatales y Municipales. Anual,Ciudad de México,2018,09,Egresos,Partida Genérica,Viáticos en el país,2865590,Cifras Definitivas.
Estadística de Finanzas Públicas Estatales y Municipales. Anual,Ciudad de México,2018,09,Egresos,Partida Genérica,Viáticos en el extranjero,903972,Cifras Definitivas.
Estadística de Finanzas Públicas Estatales y Municipales. Anual,Ciudad de México,2018,09,Egresos,Partida Genérica,Otros servicios de traslado y hospedaje,4334533,Cifras Definitivas.
Estadística de Finanzas Públicas Estatales y Municipales. Anual,Ciudad de México,2018,09,Egresos,Concepto,Servicios oficiales,338279570,Cifras Definitivas.
Estadística de Finanzas Públicas Estatales y Municipales. Anual,Ciudad de México,2018,09,Egresos,Partida Genérica,Gastos de ceremonial,3454372,Cifras Definitivas.
Estadística de Finanzas Públicas Estatales y Municipales. Anual,Ciudad de México,2018,09,Egresos,Partida Genérica,Gastos de orden social y cultural,209218402,Cifras Definitivas.
Estadística de Finanzas Públicas Estatales y Municipales. Anual,Ciudad de México,2018,09,Egresos,Partida Genérica,Congresos y convenciones,80772414,Cifras Definitivas.
Estadística de Finanzas Públicas Estatales y Municipales. Anual,Ciudad de México,2018,09,Egresos,Partida Genérica,Exposiciones,44834382,Cifras Definitivas.
Estadística de Finanzas Públicas Estatales y Municipales. Anual,Ciudad de México,2018,09,Egresos,Concepto,Otros servicios generales,6583007277,Cifras Definitivas.
Estadística de Finanzas Públicas Estatales y Municipales. Anual,Ciudad de México,2018,09,Egresos,Partida Genérica,Servicios funerarios y de cementerios,10187331,Cifras Definitivas.
Estadística de Finanzas Públicas Estatales y Municipales. Anual,Ciudad de México,2018,09,Egresos,Partida Genérica,Impuestos y derechos,25427047,Cifras Definitivas.
Estadística de Finanzas Públicas Estatales y Municipales. Anual,Ciudad de México,2018,09,Egresos,Partida Genérica,Sentencias y resoluciones por autoridad competente,2977171245,Cifras Definitivas.
Estadística de Finanzas Públicas Estatales y Municipales. Anual,Ciudad de México,2018,09,Egresos,Partida Genérica,"Penas, multas, accesorios y actualizaciones",332277,Cifras Definitivas.
Estadística de Finanzas Públicas Estatales y Municipales. Anual,Ciudad de México,2018,09,Egresos,Partida Genérica,Otros gastos por responsabilidades,35649224,Cifras Definitivas.
Estadística de Finanzas Públicas Estatales y Municipales. Anual,Ciudad de México,2018,09,Egresos,Partida Genérica,Impuesto sobre nóminas y otros que se deriven de una relación laboral,1187349695,Cifras Definitivas.
Estadística de Finanzas Públicas Estatales y Municipales. Anual,Ciudad de México,2018,09,Egresos,Partida Genérica,Otros servicios generales,2346890458,Cifras Definitivas.
Estadística de Finanzas Públicas Estatales y Municipales. Anual,Ciudad de México,2018,09,Egresos,Capítulo,"Transferencias, asignaciones, subsidios y otras ayudas",66621533921,Cifras Definitivas.
Estadística de Finanzas Públicas Estatales y Municipales. Anual,Ciudad de México,2018,09,Egresos,Concepto,Transferencias internas y asignaciones al sector público,62862196631,Cifras Definitivas.
Estadística de Finanzas Públicas Estatales y Municipales. Anual,Ciudad de México,2018,09,Egresos,Partida Genérica,A poderes,9722662955,Cifras Definitivas.
Estadística de Finanzas Públicas Estatales y Municipales. Anual,Ciudad de México,2018,09,Egresos,Subpartida Genérica,Legislativo,3091243667,Cifras Definitivas.
Estadística de Finanzas Públicas Estatales y Municipales. Anual,Ciudad de México,2018,09,Egresos,Subpartida Genérica,Judicial,6631419288,Cifras Definitivas.
Estadística de Finanzas Públicas Estatales y Municipales. Anual,Ciudad de México,2018,09,Egresos,Partida Genérica,A instituciones del gobierno según función,48921104325,Cifras Definitivas.
Estadística de Finanzas Públicas Estatales y Municipales. Anual,Ciudad de México,2018,09,Egresos,Subpartida Genérica,Instituciones y programas de educación,1781653294,Cifras Definitivas.
Estadística de Finanzas Públicas Estatales y Municipales. Anual,Ciudad de México,2018,09,Egresos,Subpartida Genérica,Instituciones y programas de salud,102488061,Cifras Definitivas.
Estadística de Finanzas Públicas Estatales y Municipales. Anual,Ciudad de México,2018,09,Egresos,Subpartida Genérica,Instituciones y programas de asistencia social,9291931855,Cifras Definitivas.
Estadística de Finanzas Públicas Estatales y Municipales. Anual,Ciudad de México,2018,09,Egresos,Subpartida Genérica,Instituciones y programas de cultura y deporte,176309299,Cifras Definitivas.
Estadística de Finanzas Públicas Estatales y Municipales. Anual,Ciudad de México,2018,09,Egresos,Subpartida Genérica,Instituciones y programas de seguridad pública,14144725170,Cifras Definitivas.
Estadística de Finanzas Públicas Estatales y Municipales. Anual,Ciudad de México,2018,09,Egresos,Subpartida Genérica,Instituciones y programas del sector turismo,38368168,Cifras Definitivas.
Estadística de Finanzas Públicas Estatales y Municipales. Anual,Ciudad de México,2018,09,Egresos,Subpartida Genérica,Instituciones y programas del sector agropecuario,402579544,Cifras Definitivas.
Estadística de Finanzas Públicas Estatales y Municipales. Anual,Ciudad de México,2018,09,Egresos,Subpartida Genérica,Instituciones y programas del sector económico,474863244,Cifras Definitivas.
Estadística de Finanzas Públicas Estatales y Municipales. Anual,Ciudad de México,2018,09,Egresos,Subpartida Genérica,Instituciones y programas ecológicos,44139446,Cifras Definitivas.
Estadística de Finanzas Públicas Estatales y Municipales. Anual,Ciudad de México,2018,09,Egresos,Subpartida Genérica,Instituciones y programas de infraestructura,22464046244,Cifras Definitivas.
Estadística de Finanzas Públicas Estatales y Municipales. Anual,Ciudad de México,2018,09,Egresos,Partida Genérica,Órganos autónomos y electorales,3950671444,Cifras Definitivas.
Estadística de Finanzas Públicas Estatales y Municipales. Anual,Ciudad de México,2018,09,Egresos,Subpartida Genérica,Instituto electoral,2028180768,Cifras Definitivas.
Estadística de Finanzas Públicas Estatales y Municipales. Anual,Ciudad de México,2018,09,Egresos,Subpartida Genérica,Comisión de derechos humanos,445447554,Cifras Definitivas.
Estadística de Finanzas Públicas Estatales y Municipales. Anual,Ciudad de México,2018,09,Egresos,Subpartida Genérica,Instituciones de transparencia,124241370,Cifras Definitivas.
Estadística de Finanzas Públicas Estatales y Municipales. Anual,Ciudad de México,2018,09,Egresos,Subpartida Genérica,Diversos órganos autónomos y electorales,1352801752,Cifras Definitivas.
Estadística de Finanzas Públicas Estatales y Municipales. Anual,Ciudad de México,2018,09,Egresos,Partida Genérica,Diversas transferencias,267757907,Cifras Definitivas.
Estadística de Finanzas Públicas Estatales y Municipales. Anual,Ciudad de México,2018,09,Egresos,Subpartida Genérica,Otras transferencias,267757907,Cifras Definitivas.
Estadística de Finanzas Públicas Estatales y Municipales. Anual,Ciudad de México,2018,09,Egresos,Concepto,Ayudas sociales,75463779,Cifras Definitivas.
Estadística de Finanzas Públicas Estatales y Municipales. Anual,Ciudad de México,2018,09,Egresos,Partida Genérica,Becas y otras ayudas para programas de capacitación,75463779,Cifras Definitivas.
Estadística de Finanzas Públicas Estatales y Municipales. Anual,Ciudad de México,2018,09,Egresos,Concepto,Subsidios y subvenciones,3683873511,Cifras Definitivas.
Estadística de Finanzas Públicas Estatales y Municipales. Anual,Ciudad de México,2018,09,Egresos,Partida Genérica,Subsidios diversos,3683873511,Cifras Definitivas.
Estadística de Finanzas Públicas Estatales y Municipales. Anual,Ciudad de México,2018,09,Egresos,Capítulo,"Bienes muebles, inmuebles e intangibles",2743969414,Cifras Definitivas.
Estadística de Finanzas Públicas Estatales y Municipales. Anual,Ciudad de México,2018,09,Egresos,Concepto,Mobiliario y equipo de administración,392734586,Cifras Definitivas.
Estadística de Finanzas Públicas Estatales y Municipales. Anual,Ciudad de México,2018,09,Egresos,Partida Genérica,Muebles de oficina y estantería,201818484,Cifras Definitivas.
Estadística de Finanzas Públicas Estatales y Municipales. Anual,Ciudad de México,2018,09,Egresos,Partida Genérica,"Muebles, excepto de oficina y estantería",3022180,Cifras Definitivas.
Estadística de Finanzas Públicas Estatales y Municipales. Anual,Ciudad de México,2018,09,Egresos,Partida Genérica,"Bienes artísticos, culturales y científicos",344789,Cifras Definitivas.
Estadística de Finanzas Públicas Estatales y Municipales. Anual,Ciudad de México,2018,09,Egresos,Partida Genérica,Equipo de cómputo y de tecnologías de la información,96934252,Cifras Definitivas.
Estadística de Finanzas Públicas Estatales y Municipales. Anual,Ciudad de México,2018,09,Egresos,Partida Genérica,Otros mobiliarios y equipos de administración,90614881,Cifras Definitivas.
Estadística de Finanzas Públicas Estatales y Municipales. Anual,Ciudad de México,2018,09,Egresos,Concepto,Mobiliario y equipo educacional y recreativo,24133299,Cifras Definitivas.
Estadística de Finanzas Públicas Estatales y Municipales. Anual,Ciudad de México,2018,09,Egresos,Partida Genérica,Equipos y aparatos audiovisuales,3916473,Cifras Definitivas.
Estadística de Finanzas Públicas Estatales y Municipales. Anual,Ciudad de México,2018,09,Egresos,Partida Genérica,Aparatos deportivos,507689,Cifras Definitivas.
Estadística de Finanzas Públicas Estatales y Municipales. Anual,Ciudad de México,2018,09,Egresos,Partida Genérica,Cámaras fotográficas y de video,14976417,Cifras Definitivas.
Estadística de Finanzas Públicas Estatales y Municipales. Anual,Ciudad de México,2018,09,Egresos,Partida Genérica,Otro mobiliario y equipo educacional y recreativo,4732720,Cifras Definitivas.
Estadística de Finanzas Públicas Estatales y Municipales. Anual,Ciudad de México,2018,09,Egresos,Concepto,Vehículos y equipo de transporte,676340902,Cifras Definitivas.
Estadística de Finanzas Públicas Estatales y Municipales. Anual,Ciudad de México,2018,09,Egresos,Partida Genérica,Vehículos y equipo terrestre,650926972,Cifras Definitivas.
Estadística de Finanzas Públicas Estatales y Municipales. Anual,Ciudad de México,2018,09,Egresos,Partida Genérica,Equipo aeroespacial,20000000,Cifras Definitivas.
Estadística de Finanzas Públicas Estatales y Municipales. Anual,Ciudad de México,2018,09,Egresos,Partida Genérica,Embarcaciones,4714000,Cifras Definitivas.
Estadística de Finanzas Públicas Estatales y Municipales. Anual,Ciudad de México,2018,09,Egresos,Partida Genérica,Otros equipos de transporte,699930,Cifras Definitivas.
Estadística de Finanzas Públicas Estatales y Municipales. Anual,Ciudad de México,2018,09,Egresos,Concepto,Equipo de defensa y seguridad y equipo e instrumental médico y laboratorio,855165743,Cifras Definitivas.
Estadística de Finanzas Públicas Estatales y Municipales. Anual,Ciudad de México,2018,09,Egresos,Partida Genérica,Equipo de defensa y seguridad,524096536,Cifras Definitivas.
Estadística de Finanzas Públicas Estatales y Municipales. Anual,Ciudad de México,2018,09,Egresos,Partida Genérica,Equipo médico y de laboratorio,321489822,Cifras Definitivas.
Estadística de Finanzas Públicas Estatales y Municipales. Anual,Ciudad de México,2018,09,Egresos,Partida Genérica,Instrumental médico y de laboratorio,9579385,Cifras Definitivas.
Estadística de Finanzas Públicas Estatales y Municipales. Anual,Ciudad de México,2018,09,Egresos,Concepto,"Maquinaria, otros equipos y herramientas",143192600,Cifras Definitivas.
Estadística de Finanzas Públicas Estatales y Municipales. Anual,Ciudad de México,2018,09,Egresos,Partida Genérica,Maquinaria y equipo industrial,14860267,Cifras Definitivas.
Estadística de Finanzas Públicas Estatales y Municipales. Anual,Ciudad de México,2018,09,Egresos,Partida Genérica,"Sistemas de aire acondicionado, calefacción y de refrigeración industrial y comercial",263207,Cifras Definitivas.
Estadística de Finanzas Públicas Estatales y Municipales. Anual,Ciudad de México,2018,09,Egresos,Partida Genérica,Equipo de comunicación y telecomunicación,93084821,Cifras Definitivas.
Estadística de Finanzas Públicas Estatales y Municipales. Anual,Ciudad de México,2018,09,Egresos,Partida Genérica,"Equipos de generación eléctrica, aparatos y accesorios eléctricos",8923714,Cifras Definitivas.
Estadística de Finanzas Públicas Estatales y Municipales. Anual,Ciudad de México,2018,09,Egresos,Partida Genérica,Herramientas y máquinas-herramienta,125386,Cifras Definitivas.
Estadística de Finanzas Públicas Estatales y Municipales. Anual,Ciudad de México,2018,09,Egresos,Partida Genérica,Otros equipos,25935205,Cifras Definitivas.
Estadística de Finanzas Públicas Estatales y Municipales. Anual,Ciudad de México,2018,09,Egresos,Concepto,Bienes inmuebles,480235961,Cifras Definitivas.
Estadística de Finanzas Públicas Estatales y Municipales. Anual,Ciudad de México,2018,09,Egresos,Partida Genérica,Terrenos,279547,Cifras Definitivas.
Estadística de Finanzas Públicas Estatales y Municipales. Anual,Ciudad de México,2018,09,Egresos,Partida Genérica,Otros bienes inmuebles,479956414,Cifras Definitivas.
Estadística de Finanzas Públicas Estatales y Municipales. Anual,Ciudad de México,2018,09,Egresos,Concepto,Activos intangibles,172166323,Cifras Definitivas.
Estadística de Finanzas Públicas Estatales y Municipales. Anual,Ciudad de México,2018,09,Egresos,Partida Genérica,Software,107899747,Cifras Definitivas.
Estadística de Finanzas Públicas Estatales y Municipales. Anual,Ciudad de México,2018,09,Egresos,Partida Genérica,Licencias informáticas e intelectuales,64266576,Cifras Definitivas.
Estadística de Finanzas Públicas Estatales y Municipales. Anual,Ciudad de México,2018,09,Egresos,Capítulo,Inversión pública,8425038370,Cifras Definitivas.
Estadística de Finanzas Públicas Estatales y Municipales. Anual,Ciudad de México,2018,09,Egresos,Concepto,Obra pública en bienes de dominio público,6239831897,Cifras Definitivas.
Estadística de Finanzas Públicas Estatales y Municipales. Anual,Ciudad de México,2018,09,Egresos,Partida Genérica,Edificación no habitacional,198445656,Cifras Definitivas.
Estadística de Finanzas Públicas Estatales y Municipales. Anual,Ciudad de México,2018,09,Egresos,Subpartida Genérica,Edificios públicos diversos,198445656,Cifras Definitivas.
Estadística de Finanzas Públicas Estatales y Municipales. Anual,Ciudad de México,2018,09,Egresos,Partida Genérica,División de terrenos y construcción de obras de urbanización,46979601,Cifras Definitivas.
Estadística de Finanzas Públicas Estatales y Municipales. Anual,Ciudad de México,2018,09,Egresos,Partida Genérica,Construcción de vías de comunicación,748033612,Cifras Definitivas.
Estadística de Finanzas Públicas Estatales y Municipales. Anual,Ciudad de México,2018,09,Egresos,Partida Genérica,Otras construcciones de ingeniería civil u obra pesada,5246373028,Cifras Definitivas.
Estadística de Finanzas Públicas Estatales y Municipales. Anual,Ciudad de México,2018,09,Egresos,Concepto,Obra pública en bienes propios,318685255,Cifras Definitivas.
Estadística de Finanzas Públicas Estatales y Municipales. Anual,Ciudad de México,2018,09,Egresos,Partida Genérica,Edificación no habitacional,318685255,Cifras Definitivas.
Estadística de Finanzas Públicas Estatales y Municipales. Anual,Ciudad de México,2018,09,Egresos,Subpartida Genérica,Edificios públicos diversos,318685255,Cifras Definitivas.
Estadística de Finanzas Públicas Estatales y Municipales. Anual,Ciudad de México,2018,09,Egresos,Concepto,Proyectos productivos y acciones de fomento,1866521218,Cifras Definitivas.
Estadística de Finanzas Públicas Estatales y Municipales. Anual,Ciudad de México,2018,09,Egresos,Partida Genérica,Diversos proyectos productivos y acciones de fomento,1866521218,Cifras Definitivas.
Estadística de Finanzas Públicas Estatales y Municipales. Anual,Ciudad de México,2018,09,Egresos,Capítulo,Inversiones financieras y otras provisiones,692828743,Cifras Definitivas.
Estadística de Finanzas Públicas Estatales y Municipales. Anual,Ciudad de México,2018,09,Egresos,Concepto,"Inversiones en fideicomisos, mandatos y otros análogos",692828743,Cifras Definitivas.
Estadística de Finanzas Públicas Estatales y Municipales. Anual,Ciudad de México,2018,09,Egresos,Partida Genérica,Otras inversiones en fideicomisos,692828743,Cifras Definitivas.
Estadística de Finanzas Públicas Estatales y Municipales. Anual,Ciudad de México,2018,09,Egresos,Capítulo,Recursos asignados a alcaldías de la Ciudad de México y sector paraestatal,81864957589,Cifras Definitivas.
Estadística de Finanzas Públicas Estatales y Municipales. Anual,Ciudad de México,2018,09,Egresos,Concepto,Alcaldías de la Ciudad de México,42022606170,Cifras Definitivas.
Estadística de Finanzas Públicas Estatales y Municipales. Anual,Ciudad de México,2018,09,Egresos,Partida Genérica,Azcapotzalco,1853300226,Cifras Definitivas.
Estadística de Finanzas Públicas Estatales y Municipales. Anual,Ciudad de México,2018,09,Egresos,Partida Genérica,Coyoacán,2974260896,Cifras Definitivas.
Estadística de Finanzas Públicas Estatales y Municipales. Anual,Ciudad de México,2018,09,Egresos,Partida Genérica,Cuajimalpa de Morelos,1866892747,Cifras Definitivas.
Estadística de Finanzas Públicas Estatales y Municipales. Anual,Ciudad de México,2018,09,Egresos,Partida Genérica,Gustavo A. Madero,4336751436,Cifras Definitivas.
Estadística de Finanzas Públicas Estatales y Municipales. Anual,Ciudad de México,2018,09,Egresos,Partida Genérica,Iztacalco,2200844164,Cifras Definitivas.
Estadística de Finanzas Públicas Estatales y Municipales. Anual,Ciudad de México,2018,09,Egresos,Partida Genérica,Iztapalapa,5624408898,Cifras Definitivas.
Estadística de Finanzas Públicas Estatales y Municipales. Anual,Ciudad de México,2018,09,Egresos,Partida Genérica,Magdalena Contreras,1688139680,Cifras Definitivas.
Estadística de Finanzas Públicas Estatales y Municipales. Anual,Ciudad de México,2018,09,Egresos,Partida Genérica,Milpa Alta,1398789203,Cifras Definitivas.
Estadística de Finanzas Públicas Estatales y Municipales. Anual,Ciudad de México,2018,09,Egresos,Partida Genérica,Álvaro Obregón,2605311252,Cifras Definitivas.
Estadística de Finanzas Públicas Estatales y Municipales. Anual,Ciudad de México,2018,09,Egresos,Partida Genérica,Tláhuac,1875753640,Cifras Definitivas.
Estadística de Finanzas Públicas Estatales y Municipales. Anual,Ciudad de México,2018,09,Egresos,Partida Genérica,Tlalpan,2339606543,Cifras Definitivas.
Estadística de Finanzas Públicas Estatales y Municipales. Anual,Ciudad de México,2018,09,Egresos,Partida Genérica,Xochimilco,1962854883,Cifras Definitivas.
Estadística de Finanzas Públicas Estatales y Municipales. Anual,Ciudad de México,2018,09,Egresos,Partida Genérica,Benito Juárez,2508300569,Cifras Definitivas.
Estadística de Finanzas Públicas Estatales y Municipales. Anual,Ciudad de México,2018,09,Egresos,Partida Genérica,Cuauhtémoc,3426219436,Cifras Definitivas.
Estadística de Finanzas Públicas Estatales y Municipales. Anual,Ciudad de México,2018,09,Egresos,Partida Genérica,Miguel Hidalgo,2357228777,Cifras Definitivas.
Estadística de Finanzas Públicas Estatales y Municipales. Anual,Ciudad de México,2018,09,Egresos,Partida Genérica,Venustiano Carranza,3003943820,Cifras Definitivas.
Estadística de Finanzas Públicas Estatales y Municipales. Anual,Ciudad de México,2018,09,Egresos,Concepto,Sector Paraestatal del Gobierno de la Ciudad de México,39842351419,Cifras Definitivas.
Estadística de Finanzas Públicas Estatales y Municipales. Anual,Ciudad de México,2018,09,Egresos,Partida Genérica,Heroico Cuerpo de Bomberos de la Ciudad de México,1205065068,Cifras Definitivas.
Estadística de Finanzas Públicas Estatales y Municipales. Anual,Ciudad de México,2018,09,Egresos,Partida Genérica,Instituto de Vivienda de la Ciudad de México,4240985755,Cifras Definitivas.
Estadística de Finanzas Públicas Estatales y Municipales. Anual,Ciudad de México,2018,09,Egresos,Partida Genérica,Fondo para el Desarrollo Social de la Ciudad de México,74768797,Cifras Definitivas.
Estadística de Finanzas Públicas Estatales y Municipales. Anual,Ciudad de México,2018,09,Egresos,Partida Genérica,Fideicomiso de Recuperación Crediticia de la Ciudad de México FIDERE III,30642933,Cifras Definitivas.
Estadística de Finanzas Públicas Estatales y Municipales. Anual,Ciudad de México,2018,09,Egresos,Partida Genérica,Fondo Mixto de Promoción Turística de la Ciudad de México,479585449,Cifras Definitivas.
Estadística de Finanzas Públicas Estatales y Municipales. Anual,Ciudad de México,2018,09,Egresos,Partida Genérica,Fondo Ambiental Público de la Ciudad de México,346470818,Cifras Definitivas.
Estadística de Finanzas Públicas Estatales y Municipales. Anual,Ciudad de México,2018,09,Egresos,Partida Genérica,Sistema para el Desarrollo Integral de la Familia,3327447310,Cifras Definitivas.
Estadística de Finanzas Públicas Estatales y Municipales. Anual,Ciudad de México,2018,09,Egresos,Partida Genérica,Instituto de Educación Media Superior de la Ciudad de México,943816476,Cifras Definitivas.
Estadística de Finanzas Públicas Estatales y Municipales. Anual,Ciudad de México,2018,09,Egresos,Partida Genérica,Instituto de la Juventud de la Ciudad de México,123468180,Cifras Definitivas.
Estadística de Finanzas Públicas Estatales y Municipales. Anual,Ciudad de México,2018,09,Egresos,Partida Genérica,Instituto de las Mujeres de la Ciudad de México,152244855,Cifras Definitivas.
Estadística de Finanzas Públicas Estatales y Municipales. Anual,Ciudad de México,2018,09,Egresos,Partida Genérica,Fideicomiso del Centro Histórico de la Ciudad de México,90855151,Cifras Definitivas.
Estadística de Finanzas Públicas Estatales y Municipales. Anual,Ciudad de México,2018,09,Egresos,Partida Genérica,Sistema de Transporte Colectivo (Metro),9400775193,Cifras Definitivas.
Estadística de Finanzas Públicas Estatales y Municipales. Anual,Ciudad de México,2018,09,Egresos,Partida Genérica,Servicio de Transportes Eléctricos de la Ciudad de México,1072945234,Cifras Definitivas.
Estadística de Finanzas Públicas Estatales y Municipales. Anual,Ciudad de México,2018,09,Egresos,Partida Genérica,Sistema de Movilidad 1,1297371517,Cifras Definitivas.
Estadística de Finanzas Públicas Estatales y Municipales. Anual,Ciudad de México,2018,09,Egresos,Partida Genérica,Fideicomiso para el Fondo de Promoción del Transporte Público,46300000,Cifras Definitivas.
Estadística de Finanzas Públicas Estatales y Municipales. Anual,Ciudad de México,2018,09,Egresos,Partida Genérica,Caja de Previsión para Trabajadores a Lista de Raya de la Ciudad de México,999957606,Cifras Definitivas.
Estadística de Finanzas Públicas Estatales y Municipales. Anual,Ciudad de México,2018,09,Egresos,Partida Genérica,Caja de Previsión de la Policía Preventiva de la Ciudad de México,120585730,Cifras Definitivas.
Estadística de Finanzas Públicas Estatales y Municipales. Anual,Ciudad de México,2018,09,Egresos,Partida Genérica,Servicios de Salud Pública de la Ciudad de México,5887451179,Cifras Definitivas.
Estadística de Finanzas Públicas Estatales y Municipales. Anual,Ciudad de México,2018,09,Egresos,Partida Genérica,Procuraduría Social de la Ciudad de México,257815718,Cifras Definitivas.
Estadística de Finanzas Públicas Estatales y Municipales. Anual,Ciudad de México,2018,09,Egresos,Partida Genérica,Procuraduría Ambiental y del Ordenamiento Territorial de la Ciudad de México,110354268,Cifras Definitivas.
Estadística de Finanzas Públicas Estatales y Municipales. Anual,Ciudad de México,2018,09,Egresos,Partida Genérica,Metrobús,1141533507,Cifras Definitivas.
Estadística de Finanzas Públicas Estatales y Municipales. Anual,Ciudad de México,2018,09,Egresos,Partida Genérica,Fideicomiso Museo de Arte Popular Mexicano,15100937,Cifras Definitivas.
Estadística de Finanzas Públicas Estatales y Municipales. Anual,Ciudad de México,2018,09,Egresos,Partida Genérica,Fideicomiso Museo del Estanquillo,14992885,Cifras Definitivas.
Estadística de Finanzas Públicas Estatales y Municipales. Anual,Ciudad de México,2018,09,Egresos,Partida Genérica,Fideicomiso Educación Garantizada,1963690830,Cifras Definitivas.
Estadística de Finanzas Públicas Estatales y Municipales. Anual,Ciudad de México,2018,09,Egresos,Partida Genérica,Consejo de Evaluación del Desarrollo Social de la Ciudad de México,21993767,Cifras Definitivas.
Estadística de Finanzas Públicas Estatales y Municipales. Anual,Ciudad de México,2018,09,Egresos,Partida Genérica,Instituto del Deporte de la Ciudad de México,175301334,Cifras Definitivas.
Estadística de Finanzas Públicas Estatales y Municipales. Anual,Ciudad de México,2018,09,Egresos,Partida Genérica,Fondo de Apoyo a la Procuración de Justicia,14297040,Cifras Definitivas.
Estadística de Finanzas Públicas Estatales y Municipales. Anual,Ciudad de México,2018,09,Egresos,Partida Genérica,Instituto Local de la Infraestructura Física Educativa de la Ciudad de México,329154602,Cifras Definitivas.
Estadística de Finanzas Públicas Estatales y Municipales. Anual,Ciudad de México,2018,09,Egresos,Partida Genérica,Diversas Entidades Paraestatales de la Ciudad de México,5957379280,Cifras Definitivas.
Estadística de Finanzas Públicas Estatales y Municipales. Anual,Ciudad de México,2018,09,Egresos,Capítulo,Deuda pública,10277109485,Cifras Definitivas.
Estadística de Finanzas Públicas Estatales y Municipales. Anual,Ciudad de México,2018,09,Egresos,Concepto,Amortización de la deuda pública,3813799451,Cifras Definitivas.
Estadística de Finanzas Públicas Estatales y Municipales. Anual,Ciudad de México,2018,09,Egresos,Partida Genérica,Amortización de la deuda interna con instituciones de crédito,3813799451,Cifras Definitivas.
Estadística de Finanzas Públicas Estatales y Municipales. Anual,Ciudad de México,2018,09,Egresos,Concepto,Intereses de la deuda pública,6318819020,Cifras Definitivas.
Estadística de Finanzas Públicas Estatales y Municipales. Anual,Ciudad de México,2018,09,Egresos,Partida Genérica,Intereses de la deuda interna con instituciones de crédito,5060786937,Cifras Definitivas.
Estadística de Finanzas Públicas Estatales y Municipales. Anual,Ciudad de México,2018,09,Egresos,Partida Genérica,Intereses derivados de la colocación de títulos y valores,1258032083,Cifras Definitivas.
Estadística de Finanzas Públicas Estatales y Municipales. Anual,Ciudad de México,2018,09,Egresos,Concepto,Adeudos de ejercicios fiscales anteriores (ADEFAS),144491014,Cifras Definitivas.
Estadística de Finanzas Públicas Estatales y Municipales. Anual,Ciudad de México,2018,09,Egresos,Partida Genérica,ADEFAS,144491014,Cifras Definitivas.
Estadística de Finanzas Públicas Estatales y Municipales. Anual,Ciudad de México,2018,09,Egresos,Capítulo,Disponibilidad final,2913847845,Cifras Definitivas.
Estadística de Finanzas Públicas Estatales y Municipales. Anual,Ciudad de México,2018,09,Ingresos,Tema,Total de ingresos,232997023500,Cifras Definitivas.
Estadística de Finanzas Públicas Estatales y Municipales. Anual,Ciudad de México,2018,09,Ingresos,Capítulo,Impuestos,58185652200,Cifras Definitivas.
Estadística de Finanzas Públicas Estatales y Municipales. Anual,Ciudad de México,2018,09,Ingresos,Concepto,Impuesto sobre los Ingresos,24859477600,Cifras Definitivas.
Estadística de Finanzas Públicas Estatales y Municipales. Anual,Ciudad de México,2018,09,Ingresos,Partida Genérica,Impuesto sobre nómina,24859477600,Cifras Definitivas.
Estadística de Finanzas Públicas Estatales y Municipales. Anual,Ciudad de México,2018,09,Ingresos,Concepto,Impuestos sobre el Patrimonio,31738264900,Cifras Definitivas.
Estadística de Finanzas Públicas Estatales y Municipales. Anual,Ciudad de México,2018,09,Ingresos,Partida Genérica,Impuesto predial,17794654800,Cifras Definitivas.
Estadística de Finanzas Públicas Estatales y Municipales. Anual,Ciudad de México,2018,09,Ingresos,Partida Genérica,Impuesto sobre tenencia o uso de vehículos,5257335800,Cifras Definitivas.
Estadística de Finanzas Públicas Estatales y Municipales. Anual,Ciudad de México,2018,09,Ingresos,Partida Genérica,Adquisición de bienes inmuebles,8686274300,Cifras Definitivas.
Estadística de Finanzas Públicas Estatales y Municipales. Anual,Ciudad de México,2018,09,Ingresos,Concepto,"Impuesto sobre la producción, el consumo y las transacciones",1570240100,Cifras Definitivas.
Estadística de Finanzas Públicas Estatales y Municipales. Anual,Ciudad de México,2018,09,Ingresos,Partida Genérica,Impuesto sobre hospedaje,491734300,Cifras Definitivas.
Estadística de Finanzas Públicas Estatales y Municipales. Anual,Ciudad de México,2018,09,Ingresos,Partida Genérica,Diversiones y espectáculos públicos,632105000,Cifras Definitivas.
Estadística de Finanzas Públicas Estatales y Municipales. Anual,Ciudad de México,2018,09,Ingresos,Partida Genérica,"Loterías, rifas, sorteos y juegos permitidos",446400800,Cifras Definitivas.
Estadística de Finanzas Públicas Estatales y Municipales. Anual,Ciudad de México,2018,09,Ingresos,Concepto,Accesorios,17669600,Cifras Definitivas.
Estadística de Finanzas Públicas Estatales y Municipales. Anual,Ciudad de México,2018,09,Ingresos,Capítulo,Derechos,25617262100,Cifras Definitivas.
Estadística de Finanzas Públicas Estatales y Municipales. Anual,Ciudad de México,2018,09,Ingresos,Concepto,"Derechos por el uso, goce, aprovechamiento o explotación de bienes de dominio público",13696520900,Cifras Definitivas.
Estadística de Finanzas Públicas Estatales y Municipales. Anual,Ciudad de México,2018,09,Ingresos,Partida Genérica,Registros,1748154300,Cifras Definitivas.
Estadística de Finanzas Públicas Estatales y Municipales. Anual,Ciudad de México,2018,09,Ingresos,Subpartida Genérica,Registro civil,250471400,Cifras Definitivas.
Estadística de Finanzas Públicas Estatales y Municipales. Anual,Ciudad de México,2018,09,Ingresos,Subpartida Genérica,Registro público de la propiedad y del comercio,1497682900,Cifras Definitivas.
Estadística de Finanzas Públicas Estatales y Municipales. Anual,Ciudad de México,2018,09,Ingresos,Partida Genérica,Certificaciones y constancias,3026500,Cifras Definitivas.
Estadística de Finanzas Públicas Estatales y Municipales. Anual,Ciudad de México,2018,09,Ingresos,Subpartida Genérica,Ecología e impacto ambiental,3026500,Cifras Definitivas.
Estadística de Finanzas Públicas Estatales y Municipales. Anual,Ciudad de México,2018,09,Ingresos,Partida Genérica,Licencias y permisos,916318300,Cifras Definitivas.
Estadística de Finanzas Públicas Estatales y Municipales. Anual,Ciudad de México,2018,09,Ingresos,Subpartida Genérica,Licencias y permisos diversos,916318300,Cifras Definitivas.
Estadística de Finanzas Públicas Estatales y Municipales. Anual,Ciudad de México,2018,09,Ingresos,Partida Genérica,Servicios de vialidad y transporte,2676053300,Cifras Definitivas.
Estadística de Finanzas Públicas Estatales y Municipales. Anual,Ciudad de México,2018,09,Ingresos,Subpartida Genérica,Servicios de grúa y almacenaje de vehículos,84997800,Cifras Definitivas.
Estadística de Finanzas Públicas Estatales y Municipales. Anual,Ciudad de México,2018,09,Ingresos,Subpartida Genérica,Control vehicular,2591055500,Cifras Definitivas.
Estadística de Finanzas Públicas Estatales y Municipales. Anual,Ciudad de México,2018,09,Ingresos,Partida Genérica,Uso y suministro de agua potable,7998814400,Cifras Definitivas.
Estadística de Finanzas Públicas Estatales y Municipales. Anual,Ciudad de México,2018,09,Ingresos,Partida Genérica,Servicios de desarrollo urbano y obras públicas,354154100,Cifras Definitivas.
Estadística de Finanzas Públicas Estatales y Municipales. Anual,Ciudad de México,2018,09,Ingresos,Subpartida Genérica,Urbanización,272598200,Cifras Definitivas.
Estadística de Finanzas Públicas Estatales y Municipales. Anual,Ciudad de México,2018,09,Ingresos,Subpartida Genérica,Por servicios de fraccionamiento,81555900,Cifras Definitivas.
Estadística de Finanzas Públicas Estatales y Municipales. Anual,Ciudad de México,2018,09,Ingresos,Concepto,Derechos por prestación de servicios,11599466700,Cifras Definitivas.
Estadística de Finanzas Públicas Estatales y Municipales. Anual,Ciudad de México,2018,09,Ingresos,Partida Genérica,Estacionamientos,100140400,Cifras Definitivas.
Estadística de Finanzas Públicas Estatales y Municipales. Anual,Ciudad de México,2018,09,Ingresos,Partida Genérica,Seguridad pública,11467997400,Cifras Definitivas.
Estadística de Finanzas Públicas Estatales y Municipales. Anual,Ciudad de México,2018,09,Ingresos,Partida Genérica,Servicios de limpia y recolección de basura,19409200,Cifras Definitivas.
Estadística de Finanzas Públicas Estatales y Municipales. Anual,Ciudad de México,2018,09,Ingresos,Partida Genérica,Diversos derechos por prestación de servicios,11919700,Cifras Definitivas.
Estadística de Finanzas Públicas Estatales y Municipales. Anual,Ciudad de México,2018,09,Ingresos,Concepto,Otros Derechos,321274500,Cifras Definitivas.
Estadística de Finanzas Públicas Estatales y Municipales. Anual,Ciudad de México,2018,09,Ingresos,Capítulo,Productos,5962323100,Cifras Definitivas.
Estadística de Finanzas Públicas Estatales y Municipales. Anual,Ciudad de México,2018,09,Ingresos,Concepto,Productos de tipo corriente,2789797200,Cifras Definitivas.
Estadística de Finanzas Públicas Estatales y Municipales. Anual,Ciudad de México,2018,09,Ingresos,Partida Genérica,Intereses,2052965300,Cifras Definitivas.
Estadística de Finanzas Públicas Estatales y Municipales. Anual,Ciudad de México,2018,09,Ingresos,Partida Genérica,Establecimientos y empresas,736831900,Cifras Definitivas.
Estadística de Finanzas Públicas Estatales y Municipales. Anual,Ciudad de México,2018,09,Ingresos,Subpartida Genérica,Talleres gráficos,177310800,Cifras Definitivas.
Estadística de Finanzas Públicas Estatales y Municipales. Anual,Ciudad de México,2018,09,Ingresos,Subpartida Genérica,Establecimientos diversos,559521100,Cifras Definitivas.
Estadística de Finanzas Públicas Estatales y Municipales. Anual,Ciudad de México,2018,09,Ingresos,Concepto,Productos de tipo capital,3162718100,Cifras Definitivas.
Estadística de Finanzas Públicas Estatales y Municipales. Anual,Ciudad de México,2018,09,Ingresos,Partida Genérica,Enajenación o venta de bienes,3162718100,Cifras Definitivas.
Estadística de Finanzas Públicas Estatales y Municipales. Anual,Ciudad de México,2018,09,Ingresos,Subpartida Genérica,Bienes muebles e inmuebles,3158015600,Cifras Definitivas.
Estadística de Finanzas Públicas Estatales y Municipales. Anual,Ciudad de México,2018,09,Ingresos,Subpartida Genérica,Bienes inmuebles,4702500,Cifras Definitivas.
Estadística de Finanzas Públicas Estatales y Municipales. Anual,Ciudad de México,2018,09,Ingresos,Concepto,Otros productos,9807800,Cifras Definitivas.
Estadística de Finanzas Públicas Estatales y Municipales. Anual,Ciudad de México,2018,09,Ingresos,Capítulo,Aprovechamientos,5649918700,Cifras Definitivas.
Estadística de Finanzas Públicas Estatales y Municipales. Anual,Ciudad de México,2018,09,Ingresos,Concepto,Aprovechamientos de tipo corriente,1612099500,Cifras Definitivas.
Estadística de Finanzas Públicas Estatales y Municipales. Anual,Ciudad de México,2018,09,Ingresos,Partida Genérica,Multas,1500069100,Cifras Definitivas.
Estadística de Finanzas Públicas Estatales y Municipales. Anual,Ciudad de México,2018,09,Ingresos,Partida Genérica,Fianzas y depósitos,14300000,Cifras Definitivas.
Estadística de Finanzas Públicas Estatales y Municipales. Anual,Ciudad de México,2018,09,Ingresos,Partida Genérica,Donaciones y aprovechamientos a favor del estado,37769700,Cifras Definitivas.
Estadística de Finanzas Públicas Estatales y Municipales. Anual,Ciudad de México,2018,09,Ingresos,Partida Genérica,Indemnizaciones a favor del estado,59960700,Cifras Definitivas.
Estadística de Finanzas Públicas Estatales y Municipales. Anual,Ciudad de México,2018,09,Ingresos,Concepto,Aprovechamientos de tipo capital,490476400,Cifras Definitivas.
Estadística de Finanzas Públicas Estatales y Municipales. Anual,Ciudad de México,2018,09,Ingresos,Partida Genérica,Concesiones para la explotación de bienes patrimoniales,490476400,Cifras Definitivas.
Estadística de Finanzas Públicas Estatales y Municipales. Anual,Ciudad de México,2018,09,Ingresos,Concepto,Otros aprovechamientos,3547342800,Cifras Definitivas.
Estadística de Finanzas Públicas Estatales y Municipales. Anual,Ciudad de México,2018,09,Ingresos,Capítulo,Participaciones federales,92818767000,Cifras Definitivas.
Estadística de Finanzas Públicas Estatales y Municipales. Anual,Ciudad de México,2018,09,Ingresos,Concepto,Fondos participables,80983148600,Cifras Definitivas.
Estadística de Finanzas Públicas Estatales y Municipales. Anual,Ciudad de México,2018,09,Ingresos,Partida Genérica,Fondo General de Participaciones,64090682800,Cifras Definitivas.
Estadística de Finanzas Públicas Estatales y Municipales. Anual,Ciudad de México,2018,09,Ingresos,Partida Genérica,Fondo de Fomento Municipal,3808952200,Cifras Definitivas.
Estadística de Finanzas Públicas Estatales y Municipales. Anual,Ciudad de México,2018,09,Ingresos,Partida Genérica,Fondo de Fiscalización,3368724700,Cifras Definitivas.
Estadística de Finanzas Públicas Estatales y Municipales. Anual,Ciudad de México,2018,09,Ingresos,Partida Genérica,Fondo del Impuesto Sobre la Renta,9714788900,Cifras Definitivas.
Estadística de Finanzas Públicas Estatales y Municipales. Anual,Ciudad de México,2018,09,Ingresos,Concepto,Impuestos participables,6775534900,Cifras Definitivas.
Estadística de Finanzas Públicas Estatales y Municipales. Anual,Ciudad de México,2018,09,Ingresos,Partida Genérica,Impuesto sobre Tenencia o Uso de Vehículos,1626000,Cifras Definitivas.
Estadística de Finanzas Públicas Estatales y Municipales. Anual,Ciudad de México,2018,09,Ingresos,Partida Genérica,Impuesto sobre Automóviles Nuevos,2700944200,Cifras Definitivas.
Estadística de Finanzas Públicas Estatales y Municipales. Anual,Ciudad de México,2018,09,Ingresos,Partida Genérica,Impuesto Especial sobre Producción y Servicios,2754334200,Cifras Definitivas.
Estadística de Finanzas Públicas Estatales y Municipales. Anual,Ciudad de México,2018,09,Ingresos,Partida Genérica,IEPS Gasolinas,1318630500,Cifras Definitivas.
Estadística de Finanzas Públicas Estatales y Municipales. Anual,Ciudad de México,2018,09,Ingresos,Concepto,Otras participaciones,5060083500,Cifras Definitivas.
Estadística de Finanzas Públicas Estatales y Municipales. Anual,Ciudad de México,2018,09,Ingresos,Partida Genérica,Multas administrativas federales no fiscales,29672400,Cifras Definitivas.
Estadística de Finanzas Públicas Estatales y Municipales. Anual,Ciudad de México,2018,09,Ingresos,Partida Genérica,Incentivos por administración de impuestos,5030411100,Cifras Definitivas.
Estadística de Finanzas Públicas Estatales y Municipales. Anual,Ciudad de México,2018,09,Ingresos,Capítulo,Aportaciones federales,29061304000,Cifras Definitivas.
Estadística de Finanzas Públicas Estatales y Municipales. Anual,Ciudad de México,2018,09,Ingresos,Concepto,Aportaciones del ramo general 33,14819006900,Cifras Definitivas.
Estadística de Finanzas Públicas Estatales y Municipales. Anual,Ciudad de México,2018,09,Ingresos,Partida Genérica,Aportaciones a entidades federativas,7748079800,Cifras Definitivas.
Estadística de Finanzas Públicas Estatales y Municipales. Anual,Ciudad de México,2018,09,Ingresos,Subpartida Genérica,FA para los Servicios de Salud,4376958600,Cifras Definitivas.
Estadística de Finanzas Públicas Estatales y Municipales. Anual,Ciudad de México,2018,09,Ingresos,Subpartida Genérica,FA para Infraestructura Social Estatal,122680000,Cifras Definitivas.
Estadística de Finanzas Públicas Estatales y Municipales. Anual,Ciudad de México,2018,09,Ingresos,Subpartida Genérica,FA Múltiples,815137100,Cifras Definitivas.
Estadística de Finanzas Públicas Estatales y Municipales. Anual,Ciudad de México,2018,09,Ingresos,Subpartida Genérica,FA para la Seguridad Pública,441099500,Cifras Definitivas.
Estadística de Finanzas Públicas Estatales y Municipales. Anual,Ciudad de México,2018,09,Ingresos,Subpartida Genérica,FA para el Fortalecimiento de los Municipios y las Demarcaciones Territoriales de la Ciudad de México,1992204600,Cifras Definitivas.
Estadística de Finanzas Públicas Estatales y Municipales. Anual,Ciudad de México,2018,09,Ingresos,Partida Genérica,Aportaciones a municipios,7070927100,Cifras Definitivas.
Estadística de Finanzas Públicas Estatales y Municipales. Anual,Ciudad de México,2018,09,Ingresos,Subpartida Genérica,FA para la Infraestructura Social Municipal,889400000,Cifras Definitivas.
Estadística de Finanzas Públicas Estatales y Municipales. Anual,Ciudad de México,2018,09,Ingresos,Subpartida Genérica,FA para el Fortalecimiento de los Municipios,6181527100,Cifras Definitivas.
Estadística de Finanzas Públicas Estatales y Municipales. Anual,Ciudad de México,2018,09,Ingresos,Concepto,Recursos federales reasignados,14242297100,Cifras Definitivas.
Estadística de Finanzas Públicas Estatales y Municipales. Anual,Ciudad de México,2018,09,Ingresos,Partida Genérica,Convenios para obras públicas,338567300,Cifras Definitivas.
Estadística de Finanzas Públicas Estatales y Municipales. Anual,Ciudad de México,2018,09,Ingresos,Subpartida Genérica,Fideicomiso para la infraestructura,338303000,Cifras Definitivas.
Estadística de Finanzas Públicas Estatales y Municipales. Anual,Ciudad de México,2018,09,Ingresos,Subpartida Genérica,Fondo para la estabilización de los ingresos,264300,Cifras Definitivas.
Estadística de Finanzas Públicas Estatales y Municipales. Anual,Ciudad de México,2018,09,Ingresos,Partida Genérica,Recursos federales diversos,13903729800,Cifras Definitivas.
Estadística de Finanzas Públicas Estatales y Municipales. Anual,Ciudad de México,2018,09,Ingresos,Subpartida Genérica,Otros recursos federales,13903729800,Cifras Definitivas.
Estadística de Finanzas Públicas Estatales y Municipales. Anual,Ciudad de México,2018,09,Ingresos,Capítulo,Otros ingresos,11844680500,Cifras Definitivas.
Estadística de Finanzas Públicas Estatales y Municipales. Anual,Ciudad de México,2018,09,Ingresos,Concepto,Otros ingresos extraordinarios,11844680500,Cifras Definitivas.
Estadística de Finanzas Públicas Estatales y Municipales. Anual,Ciudad de México,2018,09,Ingresos,Capítulo,Financiamiento,3857115900,Cifras Definitivas.
Estadística de Finanzas Públicas Estatales y Municipales. Anual,Ciudad de México,2018,09,Ingresos,Concepto,Empréstitos,3857115900,Cifras Definitivas.
Estadística de Finanzas Públicas Estatales y Municipales. Anual,Ciudad de México,2018,09,Ingresos,Partida Genérica,Empréstitos diversos,3857115900,Cifras Definitivas.
