﻿PROD_EST,COBERTURA,ANIO,ID_ENTIDAD,TEMA,CATEGORIA,DESCRIPCION_CATEGORIA,VALOR,ESTATUS
Estadística de Finanzas Públicas Estatales y Municipales. Anual,Ciudad de México,2016,09,Egresos,Tema,Total de egresos,210844683185,Cifras Definitivas.
Estadística de Finanzas Públicas Estatales y Municipales. Anual,Ciudad de México,2016,09,Egresos,Capítulo,Servicios personales,34161573188,Cifras Definitivas.
Estadística de Finanzas Públicas Estatales y Municipales. Anual,Ciudad de México,2016,09,Egresos,Concepto,Remuneraciones al personal,12595735850,Cifras Definitivas.
Estadística de Finanzas Públicas Estatales y Municipales. Anual,Ciudad de México,2016,09,Egresos,Partida Genérica,Jefatura de Gobierno,50954303,Cifras Definitivas.
Estadística de Finanzas Públicas Estatales y Municipales. Anual,Ciudad de México,2016,09,Egresos,Partida Genérica,Secretaría de Gobierno,1017842473,Cifras Definitivas.
Estadística de Finanzas Públicas Estatales y Municipales. Anual,Ciudad de México,2016,09,Egresos,Partida Genérica,Secretaría de Finanzas,549388731,Cifras Definitivas.
Estadística de Finanzas Públicas Estatales y Municipales. Anual,Ciudad de México,2016,09,Egresos,Partida Genérica,Secretaría de Educación,313224111,Cifras Definitivas.
Estadística de Finanzas Públicas Estatales y Municipales. Anual,Ciudad de México,2016,09,Egresos,Partida Genérica,Secretaría de Salud,3146058124,Cifras Definitivas.
Estadística de Finanzas Públicas Estatales y Municipales. Anual,Ciudad de México,2016,09,Egresos,Partida Genérica,Secretaría de Obras Públicas y Servicios,647120225,Cifras Definitivas.
Estadística de Finanzas Públicas Estatales y Municipales. Anual,Ciudad de México,2016,09,Egresos,Partida Genérica,Secretaría de Desarrollo Económico,67491174,Cifras Definitivas.
Estadística de Finanzas Públicas Estatales y Municipales. Anual,Ciudad de México,2016,09,Egresos,Partida Genérica,Secretaría de Turismo,16338317,Cifras Definitivas.
Estadística de Finanzas Públicas Estatales y Municipales. Anual,Ciudad de México,2016,09,Egresos,Partida Genérica,Secretaría del Medio Ambiente,539686090,Cifras Definitivas.
Estadística de Finanzas Públicas Estatales y Municipales. Anual,Ciudad de México,2016,09,Egresos,Partida Genérica,Secretaría de Desarrollo Social,670223172,Cifras Definitivas.
Estadística de Finanzas Públicas Estatales y Municipales. Anual,Ciudad de México,2016,09,Egresos,Partida Genérica,Secretaría de Desarrollo Rural y Equidad para las Comunidades,17964934,Cifras Definitivas.
Estadística de Finanzas Públicas Estatales y Municipales. Anual,Ciudad de México,2016,09,Egresos,Partida Genérica,Secretaría del Trabajo y Previsión Social,82447344,Cifras Definitivas.
Estadística de Finanzas Públicas Estatales y Municipales. Anual,Ciudad de México,2016,09,Egresos,Partida Genérica,Secretaría de Seguridad Pública,3215232005,Cifras Definitivas.
Estadística de Finanzas Públicas Estatales y Municipales. Anual,Ciudad de México,2016,09,Egresos,Partida Genérica,Procuraduría General de Justicia,1258512077,Cifras Definitivas.
Estadística de Finanzas Públicas Estatales y Municipales. Anual,Ciudad de México,2016,09,Egresos,Partida Genérica,Contraloría General,95437035,Cifras Definitivas.
Estadística de Finanzas Públicas Estatales y Municipales. Anual,Ciudad de México,2016,09,Egresos,Partida Genérica,Oficialía Mayor,283195199,Cifras Definitivas.
Estadística de Finanzas Públicas Estatales y Municipales. Anual,Ciudad de México,2016,09,Egresos,Partida Genérica,Dependencias diversas,624620536,Cifras Definitivas.
Estadística de Finanzas Públicas Estatales y Municipales. Anual,Ciudad de México,2016,09,Egresos,Concepto,Remuneraciones adicionales y especiales,9116386053,Cifras Definitivas.
Estadística de Finanzas Públicas Estatales y Municipales. Anual,Ciudad de México,2016,09,Egresos,Partida Genérica,Primas por años de servicios efectivos prestados,207545018,Cifras Definitivas.
Estadística de Finanzas Públicas Estatales y Municipales. Anual,Ciudad de México,2016,09,Egresos,Partida Genérica,"Primas de vacaciones, dominical y gratificación de fin de año",2045266954,Cifras Definitivas.
Estadística de Finanzas Públicas Estatales y Municipales. Anual,Ciudad de México,2016,09,Egresos,Partida Genérica,Horas extraordinarias,198188551,Cifras Definitivas.
Estadística de Finanzas Públicas Estatales y Municipales. Anual,Ciudad de México,2016,09,Egresos,Partida Genérica,Compensaciones,6665385530,Cifras Definitivas.
Estadística de Finanzas Públicas Estatales y Municipales. Anual,Ciudad de México,2016,09,Egresos,Concepto,Seguridad social,2856390273,Cifras Definitivas.
Estadística de Finanzas Públicas Estatales y Municipales. Anual,Ciudad de México,2016,09,Egresos,Partida Genérica,Aportaciones a fondos de vivienda,710793405,Cifras Definitivas.
Estadística de Finanzas Públicas Estatales y Municipales. Anual,Ciudad de México,2016,09,Egresos,Partida Genérica,Aportaciones para seguros,458585198,Cifras Definitivas.
Estadística de Finanzas Públicas Estatales y Municipales. Anual,Ciudad de México,2016,09,Egresos,Partida Genérica,Otras cuotas de seguridad social y seguros,1687011670,Cifras Definitivas.
Estadística de Finanzas Públicas Estatales y Municipales. Anual,Ciudad de México,2016,09,Egresos,Concepto,Otras prestaciones sociales y económicas,9192898207,Cifras Definitivas.
Estadística de Finanzas Públicas Estatales y Municipales. Anual,Ciudad de México,2016,09,Egresos,Partida Genérica,Cuotas para el fondo de ahorro y fondo de trabajo,730853547,Cifras Definitivas.
Estadística de Finanzas Públicas Estatales y Municipales. Anual,Ciudad de México,2016,09,Egresos,Partida Genérica,Indemnizaciones,731082488,Cifras Definitivas.
Estadística de Finanzas Públicas Estatales y Municipales. Anual,Ciudad de México,2016,09,Egresos,Partida Genérica,Prestaciones y haberes de retiro,676208789,Cifras Definitivas.
Estadística de Finanzas Públicas Estatales y Municipales. Anual,Ciudad de México,2016,09,Egresos,Partida Genérica,Apoyos a la capacitación de los servidores públicos,39547512,Cifras Definitivas.
Estadística de Finanzas Públicas Estatales y Municipales. Anual,Ciudad de México,2016,09,Egresos,Partida Genérica,Otras prestaciones sociales y económicas,7015205871,Cifras Definitivas.
Estadística de Finanzas Públicas Estatales y Municipales. Anual,Ciudad de México,2016,09,Egresos,Concepto,Pago de estímulos a servidores públicos,400162805,Cifras Definitivas.
Estadística de Finanzas Públicas Estatales y Municipales. Anual,Ciudad de México,2016,09,Egresos,Partida Genérica,Estímulos,400162805,Cifras Definitivas.
Estadística de Finanzas Públicas Estatales y Municipales. Anual,Ciudad de México,2016,09,Egresos,Capítulo,Materiales y suministros,4605981414,Cifras Definitivas.
Estadística de Finanzas Públicas Estatales y Municipales. Anual,Ciudad de México,2016,09,Egresos,Concepto,"Materiales de administración, emisión de documentos y artículos oficiales",372032274,Cifras Definitivas.
Estadística de Finanzas Públicas Estatales y Municipales. Anual,Ciudad de México,2016,09,Egresos,Partida Genérica,"Materiales, útiles y equipos menores de oficina",156642313,Cifras Definitivas.
Estadística de Finanzas Públicas Estatales y Municipales. Anual,Ciudad de México,2016,09,Egresos,Partida Genérica,Materiales y útiles de impresión y reproducción,11251801,Cifras Definitivas.
Estadística de Finanzas Públicas Estatales y Municipales. Anual,Ciudad de México,2016,09,Egresos,Partida Genérica,Material estadístico y geográfico,7230,Cifras Definitivas.
Estadística de Finanzas Públicas Estatales y Municipales. Anual,Ciudad de México,2016,09,Egresos,Partida Genérica,"Materiales, útiles y equipos menores de tecnologías de la información y comunicaciones",88836991,Cifras Definitivas.
Estadística de Finanzas Públicas Estatales y Municipales. Anual,Ciudad de México,2016,09,Egresos,Partida Genérica,Material impreso e información digital,68970903,Cifras Definitivas.
Estadística de Finanzas Públicas Estatales y Municipales. Anual,Ciudad de México,2016,09,Egresos,Partida Genérica,Material de limpieza,30317029,Cifras Definitivas.
Estadística de Finanzas Públicas Estatales y Municipales. Anual,Ciudad de México,2016,09,Egresos,Partida Genérica,Materiales y útiles de enseñanza,16006007,Cifras Definitivas.
Estadística de Finanzas Públicas Estatales y Municipales. Anual,Ciudad de México,2016,09,Egresos,Concepto,Alimentos y utensilios,1293788363,Cifras Definitivas.
Estadística de Finanzas Públicas Estatales y Municipales. Anual,Ciudad de México,2016,09,Egresos,Partida Genérica,Productos alimenticios para personas,1236746610,Cifras Definitivas.
Estadística de Finanzas Públicas Estatales y Municipales. Anual,Ciudad de México,2016,09,Egresos,Partida Genérica,Productos alimenticios para animales,54946609,Cifras Definitivas.
Estadística de Finanzas Públicas Estatales y Municipales. Anual,Ciudad de México,2016,09,Egresos,Partida Genérica,Utensilios para el servicio de alimentación,2095144,Cifras Definitivas.
Estadística de Finanzas Públicas Estatales y Municipales. Anual,Ciudad de México,2016,09,Egresos,Concepto,"Herramientas, refacciones y accesorios menores",124326261,Cifras Definitivas.
Estadística de Finanzas Públicas Estatales y Municipales. Anual,Ciudad de México,2016,09,Egresos,Partida Genérica,Herramientas menores,21495440,Cifras Definitivas.
Estadística de Finanzas Públicas Estatales y Municipales. Anual,Ciudad de México,2016,09,Egresos,Partida Genérica,Refacciones y accesorios menores de edificios,3248110,Cifras Definitivas.
Estadística de Finanzas Públicas Estatales y Municipales. Anual,Ciudad de México,2016,09,Egresos,Partida Genérica,"Refacciones y accesorios menores de mobiliario y equipo de administración, educacional y recreativo",1795796,Cifras Definitivas.
Estadística de Finanzas Públicas Estatales y Municipales. Anual,Ciudad de México,2016,09,Egresos,Partida Genérica,Refacciones y accesorios menores de equipo de cómputo y tecnologías de la información,24055214,Cifras Definitivas.
Estadística de Finanzas Públicas Estatales y Municipales. Anual,Ciudad de México,2016,09,Egresos,Partida Genérica,Refacciones y accesorios menores de equipo e instrumental médico y de laboratorio,11793982,Cifras Definitivas.
Estadística de Finanzas Públicas Estatales y Municipales. Anual,Ciudad de México,2016,09,Egresos,Partida Genérica,Refacciones y accesorios menores de equipo de transporte,47249621,Cifras Definitivas.
Estadística de Finanzas Públicas Estatales y Municipales. Anual,Ciudad de México,2016,09,Egresos,Partida Genérica,Refacciones y accesorios menores de maquinaria y otros equipos,2727038,Cifras Definitivas.
Estadística de Finanzas Públicas Estatales y Municipales. Anual,Ciudad de México,2016,09,Egresos,Partida Genérica,Refacciones y accesorios menores otros bienes muebles,11961060,Cifras Definitivas.
Estadística de Finanzas Públicas Estatales y Municipales. Anual,Ciudad de México,2016,09,Egresos,Concepto,Materiales y artículos de construcción y de reparación,140969433,Cifras Definitivas.
Estadística de Finanzas Públicas Estatales y Municipales. Anual,Ciudad de México,2016,09,Egresos,Partida Genérica,Productos minerales no metálicos,26009497,Cifras Definitivas.
Estadística de Finanzas Públicas Estatales y Municipales. Anual,Ciudad de México,2016,09,Egresos,Partida Genérica,Cemento y productos de concreto,2698744,Cifras Definitivas.
Estadística de Finanzas Públicas Estatales y Municipales. Anual,Ciudad de México,2016,09,Egresos,Partida Genérica,"Cal, yeso y productos de yeso",2298279,Cifras Definitivas.
Estadística de Finanzas Públicas Estatales y Municipales. Anual,Ciudad de México,2016,09,Egresos,Partida Genérica,Madera y productos de madera,3153522,Cifras Definitivas.
Estadística de Finanzas Públicas Estatales y Municipales. Anual,Ciudad de México,2016,09,Egresos,Partida Genérica,Vidrio y productos de vidrio,1670554,Cifras Definitivas.
Estadística de Finanzas Públicas Estatales y Municipales. Anual,Ciudad de México,2016,09,Egresos,Partida Genérica,Material eléctrico y electrónico,59192203,Cifras Definitivas.
Estadística de Finanzas Públicas Estatales y Municipales. Anual,Ciudad de México,2016,09,Egresos,Partida Genérica,Artículos metálicos para la construcción,10759118,Cifras Definitivas.
Estadística de Finanzas Públicas Estatales y Municipales. Anual,Ciudad de México,2016,09,Egresos,Partida Genérica,Materiales complementarios,9579027,Cifras Definitivas.
Estadística de Finanzas Públicas Estatales y Municipales. Anual,Ciudad de México,2016,09,Egresos,Partida Genérica,Otros materiales y artículos de construcción y reparación,25608489,Cifras Definitivas.
Estadística de Finanzas Públicas Estatales y Municipales. Anual,Ciudad de México,2016,09,Egresos,Concepto,"Productos químicos, farmacéuticos, laboratorio y materias primas de producción y comercialización",1316454185,Cifras Definitivas.
Estadística de Finanzas Públicas Estatales y Municipales. Anual,Ciudad de México,2016,09,Egresos,Partida Genérica,"Productos químicos, farmacéuticos y de laboratorio",1181054356,Cifras Definitivas.
Estadística de Finanzas Públicas Estatales y Municipales. Anual,Ciudad de México,2016,09,Egresos,Subpartida Genérica,Productos químicos básicos,23177510,Cifras Definitivas.
Estadística de Finanzas Públicas Estatales y Municipales. Anual,Ciudad de México,2016,09,Egresos,Subpartida Genérica,"Fertilizantes, pesticidas y otros agroquímicos",1602449,Cifras Definitivas.
Estadística de Finanzas Públicas Estatales y Municipales. Anual,Ciudad de México,2016,09,Egresos,Subpartida Genérica,Medicinas y productos farmacéuticos,625513603,Cifras Definitivas.
Estadística de Finanzas Públicas Estatales y Municipales. Anual,Ciudad de México,2016,09,Egresos,Subpartida Genérica,"Materiales, accesorios y suministros médicos",499970217,Cifras Definitivas.
Estadística de Finanzas Públicas Estatales y Municipales. Anual,Ciudad de México,2016,09,Egresos,Subpartida Genérica,"Materiales, accesorios y suministros de laboratorio",26652322,Cifras Definitivas.
Estadística de Finanzas Públicas Estatales y Municipales. Anual,Ciudad de México,2016,09,Egresos,Subpartida Genérica,"Fibras sintéticas, hules, plásticos y derivados",4138255,Cifras Definitivas.
Estadística de Finanzas Públicas Estatales y Municipales. Anual,Ciudad de México,2016,09,Egresos,Partida Genérica,Materias primas y materiales de producción y comercialización,131199703,Cifras Definitivas.
Estadística de Finanzas Públicas Estatales y Municipales. Anual,Ciudad de México,2016,09,Egresos,Subpartida Genérica,"Productos alimenticios, agropecuarios y forestales adquiridos como materia prima",6013,Cifras Definitivas.
Estadística de Finanzas Públicas Estatales y Municipales. Anual,Ciudad de México,2016,09,Egresos,Subpartida Genérica,Insumos textiles adquiridos como materia prima,20553,Cifras Definitivas.
Estadística de Finanzas Públicas Estatales y Municipales. Anual,Ciudad de México,2016,09,Egresos,Subpartida Genérica,"Productos de papel, cartón e impresos adquiridos como materia prima",293384,Cifras Definitivas.
Estadística de Finanzas Públicas Estatales y Municipales. Anual,Ciudad de México,2016,09,Egresos,Subpartida Genérica,"Combustibles, lubricantes, aditivos, carbón y sus derivados adquiridos como materia prima",3009,Cifras Definitivas.
Estadística de Finanzas Públicas Estatales y Municipales. Anual,Ciudad de México,2016,09,Egresos,Subpartida Genérica,"Productos químicos, farmacéuticos y de laboratorio adquiridos como materia prima",342132,Cifras Definitivas.
Estadística de Finanzas Públicas Estatales y Municipales. Anual,Ciudad de México,2016,09,Egresos,Subpartida Genérica,Productos metálicos y a base de minerales no metálicos adquiridos como materia prima,130014842,Cifras Definitivas.
Estadística de Finanzas Públicas Estatales y Municipales. Anual,Ciudad de México,2016,09,Egresos,Subpartida Genérica,"Productos de cuero, piel, plástico y hule adquiridos como materia prima",463546,Cifras Definitivas.
Estadística de Finanzas Públicas Estatales y Municipales. Anual,Ciudad de México,2016,09,Egresos,Subpartida Genérica,Mercancías adquiridas para su comercialización,56224,Cifras Definitivas.
Estadística de Finanzas Públicas Estatales y Municipales. Anual,Ciudad de México,2016,09,Egresos,Partida Genérica,Otros productos adquiridos como materia prima,4200126,Cifras Definitivas.
Estadística de Finanzas Públicas Estatales y Municipales. Anual,Ciudad de México,2016,09,Egresos,Concepto,"Combustibles, lubricantes y aditivos",913391345,Cifras Definitivas.
Estadística de Finanzas Públicas Estatales y Municipales. Anual,Ciudad de México,2016,09,Egresos,Partida Genérica,"Combustibles, lubricantes y aditivos",913391345,Cifras Definitivas.
Estadística de Finanzas Públicas Estatales y Municipales. Anual,Ciudad de México,2016,09,Egresos,Concepto,"Vestuario, blancos, prendas de protección y artículos deportivos",355201827,Cifras Definitivas.
Estadística de Finanzas Públicas Estatales y Municipales. Anual,Ciudad de México,2016,09,Egresos,Partida Genérica,Vestuario y uniformes,295750443,Cifras Definitivas.
Estadística de Finanzas Públicas Estatales y Municipales. Anual,Ciudad de México,2016,09,Egresos,Partida Genérica,Prendas de seguridad y protección personal,29951271,Cifras Definitivas.
Estadística de Finanzas Públicas Estatales y Municipales. Anual,Ciudad de México,2016,09,Egresos,Partida Genérica,Artículos deportivos,15757688,Cifras Definitivas.
Estadística de Finanzas Públicas Estatales y Municipales. Anual,Ciudad de México,2016,09,Egresos,Partida Genérica,Productos textiles,10216737,Cifras Definitivas.
Estadística de Finanzas Públicas Estatales y Municipales. Anual,Ciudad de México,2016,09,Egresos,Partida Genérica,"Blancos y otros productos textiles, excepto prendas de vestir",3525688,Cifras Definitivas.
Estadística de Finanzas Públicas Estatales y Municipales. Anual,Ciudad de México,2016,09,Egresos,Concepto,Materiales y suministros para seguridad,89817726,Cifras Definitivas.
Estadística de Finanzas Públicas Estatales y Municipales. Anual,Ciudad de México,2016,09,Egresos,Partida Genérica,Materiales de seguridad pública,18715658,Cifras Definitivas.
Estadística de Finanzas Públicas Estatales y Municipales. Anual,Ciudad de México,2016,09,Egresos,Partida Genérica,Prendas de protección para seguridad pública y nacional,71102068,Cifras Definitivas.
Estadística de Finanzas Públicas Estatales y Municipales. Anual,Ciudad de México,2016,09,Egresos,Capítulo,Servicios generales,16611212377,Cifras Definitivas.
Estadística de Finanzas Públicas Estatales y Municipales. Anual,Ciudad de México,2016,09,Egresos,Concepto,Servicios básicos,906963795,Cifras Definitivas.
Estadística de Finanzas Públicas Estatales y Municipales. Anual,Ciudad de México,2016,09,Egresos,Partida Genérica,Energía eléctrica,263095392,Cifras Definitivas.
Estadística de Finanzas Públicas Estatales y Municipales. Anual,Ciudad de México,2016,09,Egresos,Partida Genérica,Gas,42634709,Cifras Definitivas.
Estadística de Finanzas Públicas Estatales y Municipales. Anual,Ciudad de México,2016,09,Egresos,Partida Genérica,Agua,380520666,Cifras Definitivas.
Estadística de Finanzas Públicas Estatales y Municipales. Anual,Ciudad de México,2016,09,Egresos,Partida Genérica,Telefonía tradicional,40442257,Cifras Definitivas.
Estadística de Finanzas Públicas Estatales y Municipales. Anual,Ciudad de México,2016,09,Egresos,Partida Genérica,Servicios de telecomunicaciones y satélites,4775231,Cifras Definitivas.
Estadística de Finanzas Públicas Estatales y Municipales. Anual,Ciudad de México,2016,09,Egresos,Partida Genérica,"Servicios de acceso de Internet, redes y procesamiento de información",125913644,Cifras Definitivas.
Estadística de Finanzas Públicas Estatales y Municipales. Anual,Ciudad de México,2016,09,Egresos,Partida Genérica,Servicios postales y telegráficos,37453324,Cifras Definitivas.
Estadística de Finanzas Públicas Estatales y Municipales. Anual,Ciudad de México,2016,09,Egresos,Partida Genérica,Servicios integrales y otros servicios,12128572,Cifras Definitivas.
Estadística de Finanzas Públicas Estatales y Municipales. Anual,Ciudad de México,2016,09,Egresos,Concepto,Servicios de arrendamiento,881735719,Cifras Definitivas.
Estadística de Finanzas Públicas Estatales y Municipales. Anual,Ciudad de México,2016,09,Egresos,Partida Genérica,Arrendamiento de edificios,448651963,Cifras Definitivas.
Estadística de Finanzas Públicas Estatales y Municipales. Anual,Ciudad de México,2016,09,Egresos,Partida Genérica,"Arrendamiento de mobiliario y equipo de administración, educacional y recreativo",49002063,Cifras Definitivas.
Estadística de Finanzas Públicas Estatales y Municipales. Anual,Ciudad de México,2016,09,Egresos,Partida Genérica,Arrendamiento de equipo de transporte,201264885,Cifras Definitivas.
Estadística de Finanzas Públicas Estatales y Municipales. Anual,Ciudad de México,2016,09,Egresos,Partida Genérica,Arrendamiento de activos intangibles,64255103,Cifras Definitivas.
Estadística de Finanzas Públicas Estatales y Municipales. Anual,Ciudad de México,2016,09,Egresos,Partida Genérica,Otros arrendamientos,118561705,Cifras Definitivas.
Estadística de Finanzas Públicas Estatales y Municipales. Anual,Ciudad de México,2016,09,Egresos,Concepto,"Servicios profesionales, científicos, técnicos y otros servicios",4527818667,Cifras Definitivas.
Estadística de Finanzas Públicas Estatales y Municipales. Anual,Ciudad de México,2016,09,Egresos,Partida Genérica,"Servicios legales, de contabilidad, auditoría y relacionados",177569561,Cifras Definitivas.
Estadística de Finanzas Públicas Estatales y Municipales. Anual,Ciudad de México,2016,09,Egresos,Partida Genérica,"Servicios de diseño, arquitectura, ingeniería y actividades relacionadas",166724455,Cifras Definitivas.
Estadística de Finanzas Públicas Estatales y Municipales. Anual,Ciudad de México,2016,09,Egresos,Partida Genérica,"Servicios de consultoría administrativa, procesos, técnica y en tecnologías de la información",474743305,Cifras Definitivas.
Estadística de Finanzas Públicas Estatales y Municipales. Anual,Ciudad de México,2016,09,Egresos,Partida Genérica,Servicios de capacitación,76672586,Cifras Definitivas.
Estadística de Finanzas Públicas Estatales y Municipales. Anual,Ciudad de México,2016,09,Egresos,Partida Genérica,Servicios de investigación científica y desarrollo,101041019,Cifras Definitivas.
Estadística de Finanzas Públicas Estatales y Municipales. Anual,Ciudad de México,2016,09,Egresos,Partida Genérica,"Servicios de apoyo administrativo, traducción, fotocopiado e impresión",589950102,Cifras Definitivas.
Estadística de Finanzas Públicas Estatales y Municipales. Anual,Ciudad de México,2016,09,Egresos,Partida Genérica,Servicios de protección y seguridad,3900000,Cifras Definitivas.
Estadística de Finanzas Públicas Estatales y Municipales. Anual,Ciudad de México,2016,09,Egresos,Partida Genérica,Servicios de vigilancia,2867035474,Cifras Definitivas.
Estadística de Finanzas Públicas Estatales y Municipales. Anual,Ciudad de México,2016,09,Egresos,Partida Genérica,"Servicios profesionales, científicos y técnicos integrales",70182165,Cifras Definitivas.
Estadística de Finanzas Públicas Estatales y Municipales. Anual,Ciudad de México,2016,09,Egresos,Concepto,"Servicios financieros, bancarios y comerciales",991895637,Cifras Definitivas.
Estadística de Finanzas Públicas Estatales y Municipales. Anual,Ciudad de México,2016,09,Egresos,Partida Genérica,Servicios financieros y bancarios,288341804,Cifras Definitivas.
Estadística de Finanzas Públicas Estatales y Municipales. Anual,Ciudad de México,2016,09,Egresos,Partida Genérica,"Servicios de recaudación, traslado y custodia de valores",316795534,Cifras Definitivas.
Estadística de Finanzas Públicas Estatales y Municipales. Anual,Ciudad de México,2016,09,Egresos,Partida Genérica,Seguro de bienes patrimoniales,331492307,Cifras Definitivas.
Estadística de Finanzas Públicas Estatales y Municipales. Anual,Ciudad de México,2016,09,Egresos,Partida Genérica,"Almacenaje, envase y embalaje",42182,Cifras Definitivas.
Estadística de Finanzas Públicas Estatales y Municipales. Anual,Ciudad de México,2016,09,Egresos,Partida Genérica,Fletes y maniobras,55223810,Cifras Definitivas.
Estadística de Finanzas Públicas Estatales y Municipales. Anual,Ciudad de México,2016,09,Egresos,Concepto,"Servicios de instalación, reparación, mantenimiento y conservación",2607610320,Cifras Definitivas.
Estadística de Finanzas Públicas Estatales y Municipales. Anual,Ciudad de México,2016,09,Egresos,Partida Genérica,Conservación y mantenimiento menor de inmuebles,428101191,Cifras Definitivas.
Estadística de Finanzas Públicas Estatales y Municipales. Anual,Ciudad de México,2016,09,Egresos,Partida Genérica,"Instalación, reparación y mantenimiento de mobiliario y equipo de administración, educacional y recreativo",20323653,Cifras Definitivas.
Estadística de Finanzas Públicas Estatales y Municipales. Anual,Ciudad de México,2016,09,Egresos,Partida Genérica,"Instalación, reparación y mantenimiento de equipo de cómputo y tecnología de la información",122339935,Cifras Definitivas.
Estadística de Finanzas Públicas Estatales y Municipales. Anual,Ciudad de México,2016,09,Egresos,Partida Genérica,Servicios de jardinería y fumigación,157106537,Cifras Definitivas.
Estadística de Finanzas Públicas Estatales y Municipales. Anual,Ciudad de México,2016,09,Egresos,Partida Genérica,Reparación y mantenimiento de equipo de transporte,420523788,Cifras Definitivas.
Estadística de Finanzas Públicas Estatales y Municipales. Anual,Ciudad de México,2016,09,Egresos,Partida Genérica,"Reparación y mantenimiento de equipo de defensa y seguridad e instalación, reparación y mantenimiento de equipo e instrumental médico y de laboratorio",58636287,Cifras Definitivas.
Estadística de Finanzas Públicas Estatales y Municipales. Anual,Ciudad de México,2016,09,Egresos,Subpartida Genérica,Reparación y mantenimiento de equipo de defensa y seguridad,99736,Cifras Definitivas.
Estadística de Finanzas Públicas Estatales y Municipales. Anual,Ciudad de México,2016,09,Egresos,Subpartida Genérica,"Instalación, reparación y mantenimiento de equipo e instrumental médico y de laboratorio",58536551,Cifras Definitivas.
Estadística de Finanzas Públicas Estatales y Municipales. Anual,Ciudad de México,2016,09,Egresos,Partida Genérica,"Instalación, reparación y mantenimiento de maquinaria, otros equipos y herramienta",526907035,Cifras Definitivas.
Estadística de Finanzas Públicas Estatales y Municipales. Anual,Ciudad de México,2016,09,Egresos,Partida Genérica,Servicios de limpieza y manejo de desechos,873671894,Cifras Definitivas.
Estadística de Finanzas Públicas Estatales y Municipales. Anual,Ciudad de México,2016,09,Egresos,Concepto,Servicios de comunicación social y publicidad,568867139,Cifras Definitivas.
Estadística de Finanzas Públicas Estatales y Municipales. Anual,Ciudad de México,2016,09,Egresos,Partida Genérica,"Difusión por radio, televisión y otros medios de mensajes sobre programas y actividades gubernamentales",410187480,Cifras Definitivas.
Estadística de Finanzas Públicas Estatales y Municipales. Anual,Ciudad de México,2016,09,Egresos,Partida Genérica,"Difusión por radio, televisión y otros medios de mensajes comerciales para promover la venta de bienes o servicios",180000,Cifras Definitivas.
Estadística de Finanzas Públicas Estatales y Municipales. Anual,Ciudad de México,2016,09,Egresos,Partida Genérica,"Servicios de creatividad, preproducción y producción de publicidad, excepto Internet",46720945,Cifras Definitivas.
Estadística de Finanzas Públicas Estatales y Municipales. Anual,Ciudad de México,2016,09,Egresos,Partida Genérica,Servicios de revelado de fotografías,100233,Cifras Definitivas.
Estadística de Finanzas Públicas Estatales y Municipales. Anual,Ciudad de México,2016,09,Egresos,Partida Genérica,"Servicios de la industria fílmica, del sonido y del video",7217434,Cifras Definitivas.
Estadística de Finanzas Públicas Estatales y Municipales. Anual,Ciudad de México,2016,09,Egresos,Partida Genérica,Servicio de creación y difusión de contenido exclusivamente a través de Internet,15584652,Cifras Definitivas.
Estadística de Finanzas Públicas Estatales y Municipales. Anual,Ciudad de México,2016,09,Egresos,Partida Genérica,Otros servicios de información,88876395,Cifras Definitivas.
Estadística de Finanzas Públicas Estatales y Municipales. Anual,Ciudad de México,2016,09,Egresos,Concepto,Servicios de traslado y viáticos,62439790,Cifras Definitivas.
Estadística de Finanzas Públicas Estatales y Municipales. Anual,Ciudad de México,2016,09,Egresos,Partida Genérica,Pasajes aéreos,3652144,Cifras Definitivas.
Estadística de Finanzas Públicas Estatales y Municipales. Anual,Ciudad de México,2016,09,Egresos,Partida Genérica,Pasajes terrestres,48861567,Cifras Definitivas.
Estadística de Finanzas Públicas Estatales y Municipales. Anual,Ciudad de México,2016,09,Egresos,Partida Genérica,Viáticos en el país,3343027,Cifras Definitivas.
Estadística de Finanzas Públicas Estatales y Municipales. Anual,Ciudad de México,2016,09,Egresos,Partida Genérica,Viáticos en el extranjero,1041532,Cifras Definitivas.
Estadística de Finanzas Públicas Estatales y Municipales. Anual,Ciudad de México,2016,09,Egresos,Partida Genérica,Servicios integrales de traslado y viáticos,2000000,Cifras Definitivas.
Estadística de Finanzas Públicas Estatales y Municipales. Anual,Ciudad de México,2016,09,Egresos,Partida Genérica,Otros servicios de traslado y hospedaje,3541520,Cifras Definitivas.
Estadística de Finanzas Públicas Estatales y Municipales. Anual,Ciudad de México,2016,09,Egresos,Concepto,Servicios oficiales,483091104,Cifras Definitivas.
Estadística de Finanzas Públicas Estatales y Municipales. Anual,Ciudad de México,2016,09,Egresos,Partida Genérica,Gastos de ceremonial,203684986,Cifras Definitivas.
Estadística de Finanzas Públicas Estatales y Municipales. Anual,Ciudad de México,2016,09,Egresos,Partida Genérica,Gastos de orden social y cultural,5726046,Cifras Definitivas.
Estadística de Finanzas Públicas Estatales y Municipales. Anual,Ciudad de México,2016,09,Egresos,Partida Genérica,Congresos y convenciones,255546939,Cifras Definitivas.
Estadística de Finanzas Públicas Estatales y Municipales. Anual,Ciudad de México,2016,09,Egresos,Partida Genérica,Exposiciones,18133133,Cifras Definitivas.
Estadística de Finanzas Públicas Estatales y Municipales. Anual,Ciudad de México,2016,09,Egresos,Concepto,Otros servicios generales,5580790206,Cifras Definitivas.
Estadística de Finanzas Públicas Estatales y Municipales. Anual,Ciudad de México,2016,09,Egresos,Partida Genérica,Servicios funerarios y de cementerios,8365174,Cifras Definitivas.
Estadística de Finanzas Públicas Estatales y Municipales. Anual,Ciudad de México,2016,09,Egresos,Partida Genérica,Impuestos y derechos,50984386,Cifras Definitivas.
Estadística de Finanzas Públicas Estatales y Municipales. Anual,Ciudad de México,2016,09,Egresos,Partida Genérica,Sentencias y resoluciones por autoridad competente,131088933,Cifras Definitivas.
Estadística de Finanzas Públicas Estatales y Municipales. Anual,Ciudad de México,2016,09,Egresos,Partida Genérica,"Penas, multas, accesorios y actualizaciones",29970,Cifras Definitivas.
Estadística de Finanzas Públicas Estatales y Municipales. Anual,Ciudad de México,2016,09,Egresos,Partida Genérica,Otros gastos por responsabilidades,50589511,Cifras Definitivas.
Estadística de Finanzas Públicas Estatales y Municipales. Anual,Ciudad de México,2016,09,Egresos,Partida Genérica,Impuesto sobre nóminas y otros que se deriven de una relación laboral,1105889228,Cifras Definitivas.
Estadística de Finanzas Públicas Estatales y Municipales. Anual,Ciudad de México,2016,09,Egresos,Partida Genérica,Otros servicios generales,4233843004,Cifras Definitivas.
Estadística de Finanzas Públicas Estatales y Municipales. Anual,Ciudad de México,2016,09,Egresos,Capítulo,"Transferencias, asignaciones, subsidios y otras ayudas",55806214094,Cifras Definitivas.
Estadística de Finanzas Públicas Estatales y Municipales. Anual,Ciudad de México,2016,09,Egresos,Concepto,Transferencias internas y asignaciones al sector público,51726346458,Cifras Definitivas.
Estadística de Finanzas Públicas Estatales y Municipales. Anual,Ciudad de México,2016,09,Egresos,Partida Genérica,A poderes,9494830594,Cifras Definitivas.
Estadística de Finanzas Públicas Estatales y Municipales. Anual,Ciudad de México,2016,09,Egresos,Subpartida Genérica,Legislativo,2638403719,Cifras Definitivas.
Estadística de Finanzas Públicas Estatales y Municipales. Anual,Ciudad de México,2016,09,Egresos,Subpartida Genérica,Judicial,6856426875,Cifras Definitivas.
Estadística de Finanzas Públicas Estatales y Municipales. Anual,Ciudad de México,2016,09,Egresos,Partida Genérica,A instituciones del gobierno según función,39094865752,Cifras Definitivas.
Estadística de Finanzas Públicas Estatales y Municipales. Anual,Ciudad de México,2016,09,Egresos,Subpartida Genérica,Instituciones y programas de educación,1808246792,Cifras Definitivas.
Estadística de Finanzas Públicas Estatales y Municipales. Anual,Ciudad de México,2016,09,Egresos,Subpartida Genérica,Instituciones y programas de salud,99442734,Cifras Definitivas.
Estadística de Finanzas Públicas Estatales y Municipales. Anual,Ciudad de México,2016,09,Egresos,Subpartida Genérica,Instituciones y programas de asistencia social,8017830407,Cifras Definitivas.
Estadística de Finanzas Públicas Estatales y Municipales. Anual,Ciudad de México,2016,09,Egresos,Subpartida Genérica,Instituciones y programas de cultura y deporte,204244624,Cifras Definitivas.
Estadística de Finanzas Públicas Estatales y Municipales. Anual,Ciudad de México,2016,09,Egresos,Subpartida Genérica,Instituciones y programas de seguridad pública,12567829958,Cifras Definitivas.
Estadística de Finanzas Públicas Estatales y Municipales. Anual,Ciudad de México,2016,09,Egresos,Subpartida Genérica,Instituciones y programas del sector turismo,76039100,Cifras Definitivas.
Estadística de Finanzas Públicas Estatales y Municipales. Anual,Ciudad de México,2016,09,Egresos,Subpartida Genérica,Instituciones y programas del sector agropecuario,282848704,Cifras Definitivas.
Estadística de Finanzas Públicas Estatales y Municipales. Anual,Ciudad de México,2016,09,Egresos,Subpartida Genérica,Instituciones y programas del sector económico,717198833,Cifras Definitivas.
Estadística de Finanzas Públicas Estatales y Municipales. Anual,Ciudad de México,2016,09,Egresos,Subpartida Genérica,Instituciones y programas ecológicos,90850400,Cifras Definitivas.
Estadística de Finanzas Públicas Estatales y Municipales. Anual,Ciudad de México,2016,09,Egresos,Subpartida Genérica,Instituciones y programas de infraestructura,15230334200,Cifras Definitivas.
Estadística de Finanzas Públicas Estatales y Municipales. Anual,Ciudad de México,2016,09,Egresos,Partida Genérica,Órganos autónomos y electorales,3056031754,Cifras Definitivas.
Estadística de Finanzas Públicas Estatales y Municipales. Anual,Ciudad de México,2016,09,Egresos,Subpartida Genérica,Instituto electoral,1554216087,Cifras Definitivas.
Estadística de Finanzas Públicas Estatales y Municipales. Anual,Ciudad de México,2016,09,Egresos,Subpartida Genérica,Comisión de derechos humanos,447546660,Cifras Definitivas.
Estadística de Finanzas Públicas Estatales y Municipales. Anual,Ciudad de México,2016,09,Egresos,Subpartida Genérica,Instituciones de transparencia,140868197,Cifras Definitivas.
Estadística de Finanzas Públicas Estatales y Municipales. Anual,Ciudad de México,2016,09,Egresos,Subpartida Genérica,Diversos órganos autónomos y electorales,913400810,Cifras Definitivas.
Estadística de Finanzas Públicas Estatales y Municipales. Anual,Ciudad de México,2016,09,Egresos,Partida Genérica,Diversas transferencias,80618358,Cifras Definitivas.
Estadística de Finanzas Públicas Estatales y Municipales. Anual,Ciudad de México,2016,09,Egresos,Subpartida Genérica,Otras transferencias,80618358,Cifras Definitivas.
Estadística de Finanzas Públicas Estatales y Municipales. Anual,Ciudad de México,2016,09,Egresos,Concepto,Ayudas sociales,112769652,Cifras Definitivas.
Estadística de Finanzas Públicas Estatales y Municipales. Anual,Ciudad de México,2016,09,Egresos,Partida Genérica,Becas y otras ayudas para programas de capacitación,112769652,Cifras Definitivas.
Estadística de Finanzas Públicas Estatales y Municipales. Anual,Ciudad de México,2016,09,Egresos,Concepto,Subsidios y subvenciones,3967097984,Cifras Definitivas.
Estadística de Finanzas Públicas Estatales y Municipales. Anual,Ciudad de México,2016,09,Egresos,Partida Genérica,Subsidios diversos,3967097984,Cifras Definitivas.
Estadística de Finanzas Públicas Estatales y Municipales. Anual,Ciudad de México,2016,09,Egresos,Capítulo,"Bienes muebles, inmuebles e intangibles",4057556125,Cifras Definitivas.
Estadística de Finanzas Públicas Estatales y Municipales. Anual,Ciudad de México,2016,09,Egresos,Concepto,Mobiliario y equipo de administración,407446352,Cifras Definitivas.
Estadística de Finanzas Públicas Estatales y Municipales. Anual,Ciudad de México,2016,09,Egresos,Partida Genérica,Muebles de oficina y estantería,83417112,Cifras Definitivas.
Estadística de Finanzas Públicas Estatales y Municipales. Anual,Ciudad de México,2016,09,Egresos,Partida Genérica,"Muebles, excepto de oficina y estantería",7931832,Cifras Definitivas.
Estadística de Finanzas Públicas Estatales y Municipales. Anual,Ciudad de México,2016,09,Egresos,Partida Genérica,"Bienes artísticos, culturales y científicos",29676350,Cifras Definitivas.
Estadística de Finanzas Públicas Estatales y Municipales. Anual,Ciudad de México,2016,09,Egresos,Partida Genérica,Equipo de cómputo y de tecnologías de la información,257662162,Cifras Definitivas.
Estadística de Finanzas Públicas Estatales y Municipales. Anual,Ciudad de México,2016,09,Egresos,Partida Genérica,Otros mobiliarios y equipos de administración,28758896,Cifras Definitivas.
Estadística de Finanzas Públicas Estatales y Municipales. Anual,Ciudad de México,2016,09,Egresos,Concepto,Mobiliario y equipo educacional y recreativo,191787474,Cifras Definitivas.
Estadística de Finanzas Públicas Estatales y Municipales. Anual,Ciudad de México,2016,09,Egresos,Partida Genérica,Equipos y aparatos audiovisuales,9533547,Cifras Definitivas.
Estadística de Finanzas Públicas Estatales y Municipales. Anual,Ciudad de México,2016,09,Egresos,Partida Genérica,Aparatos deportivos,13232999,Cifras Definitivas.
Estadística de Finanzas Públicas Estatales y Municipales. Anual,Ciudad de México,2016,09,Egresos,Partida Genérica,Cámaras fotográficas y de video,138185424,Cifras Definitivas.
Estadística de Finanzas Públicas Estatales y Municipales. Anual,Ciudad de México,2016,09,Egresos,Partida Genérica,Otro mobiliario y equipo educacional y recreativo,30835504,Cifras Definitivas.
Estadística de Finanzas Públicas Estatales y Municipales. Anual,Ciudad de México,2016,09,Egresos,Concepto,Vehículos y equipo de transporte,1541060716,Cifras Definitivas.
Estadística de Finanzas Públicas Estatales y Municipales. Anual,Ciudad de México,2016,09,Egresos,Partida Genérica,Vehículos y equipo terrestre,1353361900,Cifras Definitivas.
Estadística de Finanzas Públicas Estatales y Municipales. Anual,Ciudad de México,2016,09,Egresos,Partida Genérica,Carrocerías y remolques,141981487,Cifras Definitivas.
Estadística de Finanzas Públicas Estatales y Municipales. Anual,Ciudad de México,2016,09,Egresos,Partida Genérica,Equipo aeroespacial,677653,Cifras Definitivas.
Estadística de Finanzas Públicas Estatales y Municipales. Anual,Ciudad de México,2016,09,Egresos,Partida Genérica,Otros equipos de transporte,45039676,Cifras Definitivas.
Estadística de Finanzas Públicas Estatales y Municipales. Anual,Ciudad de México,2016,09,Egresos,Concepto,Equipo de defensa y seguridad y equipo e instrumental médico y laboratorio,717097200,Cifras Definitivas.
Estadística de Finanzas Públicas Estatales y Municipales. Anual,Ciudad de México,2016,09,Egresos,Partida Genérica,Equipo de defensa y seguridad,585598441,Cifras Definitivas.
Estadística de Finanzas Públicas Estatales y Municipales. Anual,Ciudad de México,2016,09,Egresos,Partida Genérica,Equipo médico y de laboratorio,129287131,Cifras Definitivas.
Estadística de Finanzas Públicas Estatales y Municipales. Anual,Ciudad de México,2016,09,Egresos,Partida Genérica,Instrumental médico y de laboratorio,2211628,Cifras Definitivas.
Estadística de Finanzas Públicas Estatales y Municipales. Anual,Ciudad de México,2016,09,Egresos,Concepto,"Maquinaria, otros equipos y herramientas",1032827465,Cifras Definitivas.
Estadística de Finanzas Públicas Estatales y Municipales. Anual,Ciudad de México,2016,09,Egresos,Partida Genérica,Maquinaria y equipo agropecuario,71651,Cifras Definitivas.
Estadística de Finanzas Públicas Estatales y Municipales. Anual,Ciudad de México,2016,09,Egresos,Partida Genérica,Maquinaria y equipo industrial,109425451,Cifras Definitivas.
Estadística de Finanzas Públicas Estatales y Municipales. Anual,Ciudad de México,2016,09,Egresos,Partida Genérica,Maquinaria y equipo de construcción,2530679,Cifras Definitivas.
Estadística de Finanzas Públicas Estatales y Municipales. Anual,Ciudad de México,2016,09,Egresos,Partida Genérica,"Sistemas de aire acondicionado, calefacción y de refrigeración industrial y comercial",9620430,Cifras Definitivas.
Estadística de Finanzas Públicas Estatales y Municipales. Anual,Ciudad de México,2016,09,Egresos,Partida Genérica,Equipo de comunicación y telecomunicación,562415979,Cifras Definitivas.
Estadística de Finanzas Públicas Estatales y Municipales. Anual,Ciudad de México,2016,09,Egresos,Partida Genérica,"Equipos de generación eléctrica, aparatos y accesorios eléctricos",88967429,Cifras Definitivas.
Estadística de Finanzas Públicas Estatales y Municipales. Anual,Ciudad de México,2016,09,Egresos,Partida Genérica,Herramientas y máquinas-herramienta,391812,Cifras Definitivas.
Estadística de Finanzas Públicas Estatales y Municipales. Anual,Ciudad de México,2016,09,Egresos,Partida Genérica,Otros equipos,259404034,Cifras Definitivas.
Estadística de Finanzas Públicas Estatales y Municipales. Anual,Ciudad de México,2016,09,Egresos,Concepto,Bienes inmuebles,144341274,Cifras Definitivas.
Estadística de Finanzas Públicas Estatales y Municipales. Anual,Ciudad de México,2016,09,Egresos,Partida Genérica,Otros bienes inmuebles,144341274,Cifras Definitivas.
Estadística de Finanzas Públicas Estatales y Municipales. Anual,Ciudad de México,2016,09,Egresos,Concepto,Activos intangibles,22995644,Cifras Definitivas.
Estadística de Finanzas Públicas Estatales y Municipales. Anual,Ciudad de México,2016,09,Egresos,Partida Genérica,Software,14214359,Cifras Definitivas.
Estadística de Finanzas Públicas Estatales y Municipales. Anual,Ciudad de México,2016,09,Egresos,Partida Genérica,Licencias informáticas e intelectuales,8781285,Cifras Definitivas.
Estadística de Finanzas Públicas Estatales y Municipales. Anual,Ciudad de México,2016,09,Egresos,Capítulo,Inversión pública,9355181158,Cifras Definitivas.
Estadística de Finanzas Públicas Estatales y Municipales. Anual,Ciudad de México,2016,09,Egresos,Concepto,Obra pública en bienes de dominio público,6745814806,Cifras Definitivas.
Estadística de Finanzas Públicas Estatales y Municipales. Anual,Ciudad de México,2016,09,Egresos,Partida Genérica,Edificación no habitacional,542901049,Cifras Definitivas.
Estadística de Finanzas Públicas Estatales y Municipales. Anual,Ciudad de México,2016,09,Egresos,Subpartida Genérica,Edificios públicos diversos,542901049,Cifras Definitivas.
Estadística de Finanzas Públicas Estatales y Municipales. Anual,Ciudad de México,2016,09,Egresos,Partida Genérica,División de terrenos y construcción de obras de urbanización,147525228,Cifras Definitivas.
Estadística de Finanzas Públicas Estatales y Municipales. Anual,Ciudad de México,2016,09,Egresos,Partida Genérica,Construcción de vías de comunicación,2469458221,Cifras Definitivas.
Estadística de Finanzas Públicas Estatales y Municipales. Anual,Ciudad de México,2016,09,Egresos,Partida Genérica,Otras construcciones de ingeniería civil u obra pesada,3567080818,Cifras Definitivas.
Estadística de Finanzas Públicas Estatales y Municipales. Anual,Ciudad de México,2016,09,Egresos,Partida Genérica,Trabajos de acabados en edificaciones y otros trabajos especializados,18849490,Cifras Definitivas.
Estadística de Finanzas Públicas Estatales y Municipales. Anual,Ciudad de México,2016,09,Egresos,Concepto,Obra pública en bienes propios,642650606,Cifras Definitivas.
Estadística de Finanzas Públicas Estatales y Municipales. Anual,Ciudad de México,2016,09,Egresos,Partida Genérica,Edificación no habitacional,625429656,Cifras Definitivas.
Estadística de Finanzas Públicas Estatales y Municipales. Anual,Ciudad de México,2016,09,Egresos,Subpartida Genérica,Edificios públicos diversos,625429656,Cifras Definitivas.
Estadística de Finanzas Públicas Estatales y Municipales. Anual,Ciudad de México,2016,09,Egresos,Partida Genérica,Instalaciones y equipamiento en construcciones,17220950,Cifras Definitivas.
Estadística de Finanzas Públicas Estatales y Municipales. Anual,Ciudad de México,2016,09,Egresos,Concepto,Proyectos productivos y acciones de fomento,1966715746,Cifras Definitivas.
Estadística de Finanzas Públicas Estatales y Municipales. Anual,Ciudad de México,2016,09,Egresos,Partida Genérica,Diversos proyectos productivos y acciones de fomento,1966715746,Cifras Definitivas.
Estadística de Finanzas Públicas Estatales y Municipales. Anual,Ciudad de México,2016,09,Egresos,Capítulo,Inversiones financieras y otras provisiones,3782542639,Cifras Definitivas.
Estadística de Finanzas Públicas Estatales y Municipales. Anual,Ciudad de México,2016,09,Egresos,Concepto,Inversiones para el fomento de actividades productivas,30866570,Cifras Definitivas.
Estadística de Finanzas Públicas Estatales y Municipales. Anual,Ciudad de México,2016,09,Egresos,Partida Genérica,Diversos créditos,30866570,Cifras Definitivas.
Estadística de Finanzas Públicas Estatales y Municipales. Anual,Ciudad de México,2016,09,Egresos,Concepto,"Inversiones en fideicomisos, mandatos y otros análogos",3751676069,Cifras Definitivas.
Estadística de Finanzas Públicas Estatales y Municipales. Anual,Ciudad de México,2016,09,Egresos,Partida Genérica,Otras inversiones en fideicomisos,3751676069,Cifras Definitivas.
Estadística de Finanzas Públicas Estatales y Municipales. Anual,Ciudad de México,2016,09,Egresos,Capítulo,Recursos asignados a alcaldías de la Ciudad de México y sector paraestatal,68990743684,Cifras Definitivas.
Estadística de Finanzas Públicas Estatales y Municipales. Anual,Ciudad de México,2016,09,Egresos,Concepto,Alcaldías de la Ciudad de México,38567674963,Cifras Definitivas.
Estadística de Finanzas Públicas Estatales y Municipales. Anual,Ciudad de México,2016,09,Egresos,Partida Genérica,Azcapotzalco,1618753780,Cifras Definitivas.
Estadística de Finanzas Públicas Estatales y Municipales. Anual,Ciudad de México,2016,09,Egresos,Partida Genérica,Coyoacán,2774755379,Cifras Definitivas.
Estadística de Finanzas Públicas Estatales y Municipales. Anual,Ciudad de México,2016,09,Egresos,Partida Genérica,Cuajimalpa de Morelos,1465735282,Cifras Definitivas.
Estadística de Finanzas Públicas Estatales y Municipales. Anual,Ciudad de México,2016,09,Egresos,Partida Genérica,Gustavo A. Madero,4085054410,Cifras Definitivas.
Estadística de Finanzas Públicas Estatales y Municipales. Anual,Ciudad de México,2016,09,Egresos,Partida Genérica,Iztacalco,1793517335,Cifras Definitivas.
Estadística de Finanzas Públicas Estatales y Municipales. Anual,Ciudad de México,2016,09,Egresos,Partida Genérica,Iztapalapa,5344387541,Cifras Definitivas.
Estadística de Finanzas Públicas Estatales y Municipales. Anual,Ciudad de México,2016,09,Egresos,Partida Genérica,Magdalena Contreras,1497283517,Cifras Definitivas.
Estadística de Finanzas Públicas Estatales y Municipales. Anual,Ciudad de México,2016,09,Egresos,Partida Genérica,Milpa Alta,1281539903,Cifras Definitivas.
Estadística de Finanzas Públicas Estatales y Municipales. Anual,Ciudad de México,2016,09,Egresos,Partida Genérica,Álvaro Obregón,2996261403,Cifras Definitivas.
Estadística de Finanzas Públicas Estatales y Municipales. Anual,Ciudad de México,2016,09,Egresos,Partida Genérica,Tláhuac,1560758027,Cifras Definitivas.
Estadística de Finanzas Públicas Estatales y Municipales. Anual,Ciudad de México,2016,09,Egresos,Partida Genérica,Tlalpan,2128279246,Cifras Definitivas.
Estadística de Finanzas Públicas Estatales y Municipales. Anual,Ciudad de México,2016,09,Egresos,Partida Genérica,Xochimilco,1787556285,Cifras Definitivas.
Estadística de Finanzas Públicas Estatales y Municipales. Anual,Ciudad de México,2016,09,Egresos,Partida Genérica,Benito Juárez,2271376090,Cifras Definitivas.
Estadística de Finanzas Públicas Estatales y Municipales. Anual,Ciudad de México,2016,09,Egresos,Partida Genérica,Cuauhtémoc,3477023609,Cifras Definitivas.
Estadística de Finanzas Públicas Estatales y Municipales. Anual,Ciudad de México,2016,09,Egresos,Partida Genérica,Miguel Hidalgo,1951588706,Cifras Definitivas.
Estadística de Finanzas Públicas Estatales y Municipales. Anual,Ciudad de México,2016,09,Egresos,Partida Genérica,Venustiano Carranza,2533804450,Cifras Definitivas.
Estadística de Finanzas Públicas Estatales y Municipales. Anual,Ciudad de México,2016,09,Egresos,Concepto,Sector Paraestatal del Gobierno de la Ciudad de México,30423068721,Cifras Definitivas.
Estadística de Finanzas Públicas Estatales y Municipales. Anual,Ciudad de México,2016,09,Egresos,Partida Genérica,Heroico Cuerpo de Bomberos de la Ciudad de México,953577340,Cifras Definitivas.
Estadística de Finanzas Públicas Estatales y Municipales. Anual,Ciudad de México,2016,09,Egresos,Partida Genérica,Instituto de Vivienda de la Ciudad de México,2249381897,Cifras Definitivas.
Estadística de Finanzas Públicas Estatales y Municipales. Anual,Ciudad de México,2016,09,Egresos,Partida Genérica,Fondo para el Desarrollo Social de la Ciudad de México,75465199,Cifras Definitivas.
Estadística de Finanzas Públicas Estatales y Municipales. Anual,Ciudad de México,2016,09,Egresos,Partida Genérica,Fideicomiso de Recuperación Crediticia de la Ciudad de México FIDERE III,28076457,Cifras Definitivas.
Estadística de Finanzas Públicas Estatales y Municipales. Anual,Ciudad de México,2016,09,Egresos,Partida Genérica,Fondo Mixto de Promoción Turística de la Ciudad de México,560162082,Cifras Definitivas.
Estadística de Finanzas Públicas Estatales y Municipales. Anual,Ciudad de México,2016,09,Egresos,Partida Genérica,Fondo Ambiental Público de la Ciudad de México,431127958,Cifras Definitivas.
Estadística de Finanzas Públicas Estatales y Municipales. Anual,Ciudad de México,2016,09,Egresos,Partida Genérica,Sistema para el Desarrollo Integral de la Familia,3275144797,Cifras Definitivas.
Estadística de Finanzas Públicas Estatales y Municipales. Anual,Ciudad de México,2016,09,Egresos,Partida Genérica,Instituto de Educación Media Superior de la Ciudad de México,876655802,Cifras Definitivas.
Estadística de Finanzas Públicas Estatales y Municipales. Anual,Ciudad de México,2016,09,Egresos,Partida Genérica,Instituto de la Juventud de la Ciudad de México,110935659,Cifras Definitivas.
Estadística de Finanzas Públicas Estatales y Municipales. Anual,Ciudad de México,2016,09,Egresos,Partida Genérica,Instituto de las Mujeres de la Ciudad de México,145210836,Cifras Definitivas.
Estadística de Finanzas Públicas Estatales y Municipales. Anual,Ciudad de México,2016,09,Egresos,Partida Genérica,Fideicomiso del Centro Histórico de la Ciudad de México,155754202,Cifras Definitivas.
Estadística de Finanzas Públicas Estatales y Municipales. Anual,Ciudad de México,2016,09,Egresos,Partida Genérica,Sistema de Transporte Colectivo (Metro),9129648307,Cifras Definitivas.
Estadística de Finanzas Públicas Estatales y Municipales. Anual,Ciudad de México,2016,09,Egresos,Partida Genérica,Servicio de Transportes Eléctricos de la Ciudad de México,998850256,Cifras Definitivas.
Estadística de Finanzas Públicas Estatales y Municipales. Anual,Ciudad de México,2016,09,Egresos,Partida Genérica,Sistema de Movilidad 1,1232134146,Cifras Definitivas.
Estadística de Finanzas Públicas Estatales y Municipales. Anual,Ciudad de México,2016,09,Egresos,Partida Genérica,Caja de Previsión para Trabajadores a Lista de Raya de la Ciudad de México,657932696,Cifras Definitivas.
Estadística de Finanzas Públicas Estatales y Municipales. Anual,Ciudad de México,2016,09,Egresos,Partida Genérica,Caja de Previsión de la Policía Preventiva de la Ciudad de México,19034425,Cifras Definitivas.
Estadística de Finanzas Públicas Estatales y Municipales. Anual,Ciudad de México,2016,09,Egresos,Partida Genérica,Servicios de Salud Pública de la Ciudad de México,5205848318,Cifras Definitivas.
Estadística de Finanzas Públicas Estatales y Municipales. Anual,Ciudad de México,2016,09,Egresos,Partida Genérica,Procuraduría Social de la Ciudad de México,257711148,Cifras Definitivas.
Estadística de Finanzas Públicas Estatales y Municipales. Anual,Ciudad de México,2016,09,Egresos,Partida Genérica,Procuraduría Ambiental y del Ordenamiento Territorial de la Ciudad de México,107843840,Cifras Definitivas.
Estadística de Finanzas Públicas Estatales y Municipales. Anual,Ciudad de México,2016,09,Egresos,Partida Genérica,Fondo para la Atención y Apoyo a las Víctimas del Delito,1363693,Cifras Definitivas.
Estadística de Finanzas Públicas Estatales y Municipales. Anual,Ciudad de México,2016,09,Egresos,Partida Genérica,Metrobús,445314558,Cifras Definitivas.
Estadística de Finanzas Públicas Estatales y Municipales. Anual,Ciudad de México,2016,09,Egresos,Partida Genérica,Fideicomiso Museo de Arte Popular Mexicano,12731080,Cifras Definitivas.
Estadística de Finanzas Públicas Estatales y Municipales. Anual,Ciudad de México,2016,09,Egresos,Partida Genérica,Fideicomiso Museo del Estanquillo,14322659,Cifras Definitivas.
Estadística de Finanzas Públicas Estatales y Municipales. Anual,Ciudad de México,2016,09,Egresos,Partida Genérica,Fideicomiso Educación Garantizada,1908504327,Cifras Definitivas.
Estadística de Finanzas Públicas Estatales y Municipales. Anual,Ciudad de México,2016,09,Egresos,Partida Genérica,Consejo de Evaluación del Desarrollo Social de la Ciudad de México,19620799,Cifras Definitivas.
Estadística de Finanzas Públicas Estatales y Municipales. Anual,Ciudad de México,2016,09,Egresos,Partida Genérica,Instituto del Deporte de la Ciudad de México,295613555,Cifras Definitivas.
Estadística de Finanzas Públicas Estatales y Municipales. Anual,Ciudad de México,2016,09,Egresos,Partida Genérica,Fondo de Apoyo a la Procuración de Justicia,2292450,Cifras Definitivas.
Estadística de Finanzas Públicas Estatales y Municipales. Anual,Ciudad de México,2016,09,Egresos,Partida Genérica,Instituto Local de la Infraestructura Física Educativa de la Ciudad de México,324669473,Cifras Definitivas.
Estadística de Finanzas Públicas Estatales y Municipales. Anual,Ciudad de México,2016,09,Egresos,Partida Genérica,Diversas Entidades Paraestatales de la Ciudad de México,928140762,Cifras Definitivas.
Estadística de Finanzas Públicas Estatales y Municipales. Anual,Ciudad de México,2016,09,Egresos,Capítulo,Deuda pública,9134421733,Cifras Definitivas.
Estadística de Finanzas Públicas Estatales y Municipales. Anual,Ciudad de México,2016,09,Egresos,Concepto,Amortización de la deuda pública,3947404489,Cifras Definitivas.
Estadística de Finanzas Públicas Estatales y Municipales. Anual,Ciudad de México,2016,09,Egresos,Partida Genérica,Amortización de la deuda interna con instituciones de crédito,1572571155,Cifras Definitivas.
Estadística de Finanzas Públicas Estatales y Municipales. Anual,Ciudad de México,2016,09,Egresos,Partida Genérica,Amortización de la deuda interna por emisión de títulos y valores,2374833334,Cifras Definitivas.
Estadística de Finanzas Públicas Estatales y Municipales. Anual,Ciudad de México,2016,09,Egresos,Concepto,Intereses de la deuda pública,4474420835,Cifras Definitivas.
Estadística de Finanzas Públicas Estatales y Municipales. Anual,Ciudad de México,2016,09,Egresos,Partida Genérica,Intereses de la deuda interna con instituciones de crédito,3387327382,Cifras Definitivas.
Estadística de Finanzas Públicas Estatales y Municipales. Anual,Ciudad de México,2016,09,Egresos,Partida Genérica,Intereses derivados de la colocación de títulos y valores,1087093453,Cifras Definitivas.
Estadística de Finanzas Públicas Estatales y Municipales. Anual,Ciudad de México,2016,09,Egresos,Concepto,Adeudos de ejercicios fiscales anteriores (ADEFAS),712596409,Cifras Definitivas.
Estadística de Finanzas Públicas Estatales y Municipales. Anual,Ciudad de México,2016,09,Egresos,Partida Genérica,ADEFAS,712596409,Cifras Definitivas.
Estadística de Finanzas Públicas Estatales y Municipales. Anual,Ciudad de México,2016,09,Egresos,Capítulo,Disponibilidad final,4339256773,Cifras Definitivas.
Estadística de Finanzas Públicas Estatales y Municipales. Anual,Ciudad de México,2016,09,Ingresos,Tema,Total de ingresos,210844683185,Cifras Definitivas.
Estadística de Finanzas Públicas Estatales y Municipales. Anual,Ciudad de México,2016,09,Ingresos,Capítulo,Impuestos,50906586775,Cifras Definitivas.
Estadística de Finanzas Públicas Estatales y Municipales. Anual,Ciudad de México,2016,09,Ingresos,Concepto,Impuesto sobre los Ingresos,21874745814,Cifras Definitivas.
Estadística de Finanzas Públicas Estatales y Municipales. Anual,Ciudad de México,2016,09,Ingresos,Partida Genérica,Impuesto sobre nómina,21874745814,Cifras Definitivas.
Estadística de Finanzas Públicas Estatales y Municipales. Anual,Ciudad de México,2016,09,Ingresos,Concepto,Impuestos sobre el Patrimonio,27529578495,Cifras Definitivas.
Estadística de Finanzas Públicas Estatales y Municipales. Anual,Ciudad de México,2016,09,Ingresos,Partida Genérica,Impuesto predial,14120065117,Cifras Definitivas.
Estadística de Finanzas Públicas Estatales y Municipales. Anual,Ciudad de México,2016,09,Ingresos,Partida Genérica,Impuesto sobre tenencia o uso de vehículos,5926150945,Cifras Definitivas.
Estadística de Finanzas Públicas Estatales y Municipales. Anual,Ciudad de México,2016,09,Ingresos,Partida Genérica,Adquisición de bienes inmuebles,7483362433,Cifras Definitivas.
Estadística de Finanzas Públicas Estatales y Municipales. Anual,Ciudad de México,2016,09,Ingresos,Concepto,"Impuesto sobre la producción, el consumo y las transacciones",1465265081,Cifras Definitivas.
Estadística de Finanzas Públicas Estatales y Municipales. Anual,Ciudad de México,2016,09,Ingresos,Partida Genérica,Impuesto sobre hospedaje,407717620,Cifras Definitivas.
Estadística de Finanzas Públicas Estatales y Municipales. Anual,Ciudad de México,2016,09,Ingresos,Partida Genérica,Diversiones y espectáculos públicos,594909782,Cifras Definitivas.
Estadística de Finanzas Públicas Estatales y Municipales. Anual,Ciudad de México,2016,09,Ingresos,Partida Genérica,"Loterías, rifas, sorteos y juegos permitidos",462637679,Cifras Definitivas.
Estadística de Finanzas Públicas Estatales y Municipales. Anual,Ciudad de México,2016,09,Ingresos,Concepto,Accesorios,36997385,Cifras Definitivas.
Estadística de Finanzas Públicas Estatales y Municipales. Anual,Ciudad de México,2016,09,Ingresos,Capítulo,Derechos,22489313900,Cifras Definitivas.
Estadística de Finanzas Públicas Estatales y Municipales. Anual,Ciudad de México,2016,09,Ingresos,Concepto,"Derechos por el uso, goce, aprovechamiento o explotación de bienes de dominio público",12479873749,Cifras Definitivas.
Estadística de Finanzas Públicas Estatales y Municipales. Anual,Ciudad de México,2016,09,Ingresos,Partida Genérica,Registros,1628165200,Cifras Definitivas.
Estadística de Finanzas Públicas Estatales y Municipales. Anual,Ciudad de México,2016,09,Ingresos,Subpartida Genérica,Registro civil,227865100,Cifras Definitivas.
Estadística de Finanzas Públicas Estatales y Municipales. Anual,Ciudad de México,2016,09,Ingresos,Subpartida Genérica,Registro público de la propiedad y del comercio,1400300100,Cifras Definitivas.
Estadística de Finanzas Públicas Estatales y Municipales. Anual,Ciudad de México,2016,09,Ingresos,Partida Genérica,Certificaciones y constancias,2889127,Cifras Definitivas.
Estadística de Finanzas Públicas Estatales y Municipales. Anual,Ciudad de México,2016,09,Ingresos,Subpartida Genérica,Ecología e impacto ambiental,2889127,Cifras Definitivas.
Estadística de Finanzas Públicas Estatales y Municipales. Anual,Ciudad de México,2016,09,Ingresos,Partida Genérica,Licencias y permisos,693769504,Cifras Definitivas.
Estadística de Finanzas Públicas Estatales y Municipales. Anual,Ciudad de México,2016,09,Ingresos,Subpartida Genérica,Licencias y permisos diversos,693769504,Cifras Definitivas.
Estadística de Finanzas Públicas Estatales y Municipales. Anual,Ciudad de México,2016,09,Ingresos,Partida Genérica,Servicios de vialidad y transporte,2732967692,Cifras Definitivas.
Estadística de Finanzas Públicas Estatales y Municipales. Anual,Ciudad de México,2016,09,Ingresos,Subpartida Genérica,Servicios de grúa y almacenaje de vehículos,316001000,Cifras Definitivas.
Estadística de Finanzas Públicas Estatales y Municipales. Anual,Ciudad de México,2016,09,Ingresos,Subpartida Genérica,Control vehicular,2416966692,Cifras Definitivas.
Estadística de Finanzas Públicas Estatales y Municipales. Anual,Ciudad de México,2016,09,Ingresos,Partida Genérica,Uso y suministro de agua potable,7199877677,Cifras Definitivas.
Estadística de Finanzas Públicas Estatales y Municipales. Anual,Ciudad de México,2016,09,Ingresos,Partida Genérica,Servicios de desarrollo urbano y obras públicas,222204549,Cifras Definitivas.
Estadística de Finanzas Públicas Estatales y Municipales. Anual,Ciudad de México,2016,09,Ingresos,Subpartida Genérica,Urbanización,135671949,Cifras Definitivas.
Estadística de Finanzas Públicas Estatales y Municipales. Anual,Ciudad de México,2016,09,Ingresos,Subpartida Genérica,Por servicios de fraccionamiento,86532600,Cifras Definitivas.
Estadística de Finanzas Públicas Estatales y Municipales. Anual,Ciudad de México,2016,09,Ingresos,Concepto,Derechos por prestación de servicios,9698212130,Cifras Definitivas.
Estadística de Finanzas Públicas Estatales y Municipales. Anual,Ciudad de México,2016,09,Ingresos,Partida Genérica,Estacionamientos,86456100,Cifras Definitivas.
Estadística de Finanzas Públicas Estatales y Municipales. Anual,Ciudad de México,2016,09,Ingresos,Partida Genérica,Seguridad pública,9582316217,Cifras Definitivas.
Estadística de Finanzas Públicas Estatales y Municipales. Anual,Ciudad de México,2016,09,Ingresos,Partida Genérica,Servicios de limpia y recolección de basura,19374613,Cifras Definitivas.
Estadística de Finanzas Públicas Estatales y Municipales. Anual,Ciudad de México,2016,09,Ingresos,Partida Genérica,Diversos derechos por prestación de servicios,10065200,Cifras Definitivas.
Estadística de Finanzas Públicas Estatales y Municipales. Anual,Ciudad de México,2016,09,Ingresos,Concepto,Otros Derechos,311228021,Cifras Definitivas.
Estadística de Finanzas Públicas Estatales y Municipales. Anual,Ciudad de México,2016,09,Ingresos,Capítulo,Productos,2812069710,Cifras Definitivas.
Estadística de Finanzas Públicas Estatales y Municipales. Anual,Ciudad de México,2016,09,Ingresos,Concepto,Productos de tipo corriente,2353297110,Cifras Definitivas.
Estadística de Finanzas Públicas Estatales y Municipales. Anual,Ciudad de México,2016,09,Ingresos,Partida Genérica,Intereses,1448815410,Cifras Definitivas.
Estadística de Finanzas Públicas Estatales y Municipales. Anual,Ciudad de México,2016,09,Ingresos,Partida Genérica,Establecimientos y empresas,904481700,Cifras Definitivas.
Estadística de Finanzas Públicas Estatales y Municipales. Anual,Ciudad de México,2016,09,Ingresos,Subpartida Genérica,Talleres gráficos,356258300,Cifras Definitivas.
Estadística de Finanzas Públicas Estatales y Municipales. Anual,Ciudad de México,2016,09,Ingresos,Subpartida Genérica,Establecimientos diversos,548223400,Cifras Definitivas.
Estadística de Finanzas Públicas Estatales y Municipales. Anual,Ciudad de México,2016,09,Ingresos,Concepto,Productos de tipo capital,453551900,Cifras Definitivas.
Estadística de Finanzas Públicas Estatales y Municipales. Anual,Ciudad de México,2016,09,Ingresos,Partida Genérica,Enajenación o venta de bienes,453551900,Cifras Definitivas.
Estadística de Finanzas Públicas Estatales y Municipales. Anual,Ciudad de México,2016,09,Ingresos,Subpartida Genérica,Bienes muebles e inmuebles,178269800,Cifras Definitivas.
Estadística de Finanzas Públicas Estatales y Municipales. Anual,Ciudad de México,2016,09,Ingresos,Subpartida Genérica,Bienes inmuebles,275282100,Cifras Definitivas.
Estadística de Finanzas Públicas Estatales y Municipales. Anual,Ciudad de México,2016,09,Ingresos,Concepto,Otros productos,5220700,Cifras Definitivas.
Estadística de Finanzas Públicas Estatales y Municipales. Anual,Ciudad de México,2016,09,Ingresos,Capítulo,Aprovechamientos,6520819800,Cifras Definitivas.
Estadística de Finanzas Públicas Estatales y Municipales. Anual,Ciudad de México,2016,09,Ingresos,Concepto,Aprovechamientos de tipo corriente,1891805800,Cifras Definitivas.
Estadística de Finanzas Públicas Estatales y Municipales. Anual,Ciudad de México,2016,09,Ingresos,Partida Genérica,Multas,1781679100,Cifras Definitivas.
Estadística de Finanzas Públicas Estatales y Municipales. Anual,Ciudad de México,2016,09,Ingresos,Partida Genérica,Fianzas y depósitos,20959800,Cifras Definitivas.
Estadística de Finanzas Públicas Estatales y Municipales. Anual,Ciudad de México,2016,09,Ingresos,Partida Genérica,Donaciones y aprovechamientos a favor del estado,44698500,Cifras Definitivas.
Estadística de Finanzas Públicas Estatales y Municipales. Anual,Ciudad de México,2016,09,Ingresos,Partida Genérica,Indemnizaciones a favor del estado,44468400,Cifras Definitivas.
Estadística de Finanzas Públicas Estatales y Municipales. Anual,Ciudad de México,2016,09,Ingresos,Concepto,Aprovechamientos de tipo capital,290755500,Cifras Definitivas.
Estadística de Finanzas Públicas Estatales y Municipales. Anual,Ciudad de México,2016,09,Ingresos,Partida Genérica,Concesiones para la explotación de bienes patrimoniales,290755500,Cifras Definitivas.
Estadística de Finanzas Públicas Estatales y Municipales. Anual,Ciudad de México,2016,09,Ingresos,Concepto,Otros aprovechamientos,4338258500,Cifras Definitivas.
Estadística de Finanzas Públicas Estatales y Municipales. Anual,Ciudad de México,2016,09,Ingresos,Capítulo,Participaciones federales,81491020200,Cifras Definitivas.
Estadística de Finanzas Públicas Estatales y Municipales. Anual,Ciudad de México,2016,09,Ingresos,Concepto,Fondos participables,70985326500,Cifras Definitivas.
Estadística de Finanzas Públicas Estatales y Municipales. Anual,Ciudad de México,2016,09,Ingresos,Partida Genérica,Fondo General de Participaciones,56148516300,Cifras Definitivas.
Estadística de Finanzas Públicas Estatales y Municipales. Anual,Ciudad de México,2016,09,Ingresos,Partida Genérica,Fondo de Fomento Municipal,3161296900,Cifras Definitivas.
Estadística de Finanzas Públicas Estatales y Municipales. Anual,Ciudad de México,2016,09,Ingresos,Partida Genérica,Fondo de Fiscalización,2918943200,Cifras Definitivas.
Estadística de Finanzas Públicas Estatales y Municipales. Anual,Ciudad de México,2016,09,Ingresos,Partida Genérica,Fondo del Impuesto Sobre la Renta,8756570100,Cifras Definitivas.
Estadística de Finanzas Públicas Estatales y Municipales. Anual,Ciudad de México,2016,09,Ingresos,Concepto,Impuestos participables,6033371200,Cifras Definitivas.
Estadística de Finanzas Públicas Estatales y Municipales. Anual,Ciudad de México,2016,09,Ingresos,Partida Genérica,Impuesto sobre Tenencia o Uso de Vehículos,10670400,Cifras Definitivas.
Estadística de Finanzas Públicas Estatales y Municipales. Anual,Ciudad de México,2016,09,Ingresos,Partida Genérica,Impuesto sobre Automóviles Nuevos,2242953100,Cifras Definitivas.
Estadística de Finanzas Públicas Estatales y Municipales. Anual,Ciudad de México,2016,09,Ingresos,Partida Genérica,Impuesto Especial sobre Producción y Servicios,2398436000,Cifras Definitivas.
Estadística de Finanzas Públicas Estatales y Municipales. Anual,Ciudad de México,2016,09,Ingresos,Partida Genérica,IEPS Gasolinas,1381311700,Cifras Definitivas.
Estadística de Finanzas Públicas Estatales y Municipales. Anual,Ciudad de México,2016,09,Ingresos,Concepto,Otras participaciones,4472322500,Cifras Definitivas.
Estadística de Finanzas Públicas Estatales y Municipales. Anual,Ciudad de México,2016,09,Ingresos,Partida Genérica,Multas administrativas federales no fiscales,25907300,Cifras Definitivas.
Estadística de Finanzas Públicas Estatales y Municipales. Anual,Ciudad de México,2016,09,Ingresos,Partida Genérica,Incentivos por administración de impuestos,4361962400,Cifras Definitivas.
Estadística de Finanzas Públicas Estatales y Municipales. Anual,Ciudad de México,2016,09,Ingresos,Partida Genérica,Participaciones diversas,84452800,Cifras Definitivas.
Estadística de Finanzas Públicas Estatales y Municipales. Anual,Ciudad de México,2016,09,Ingresos,Capítulo,Aportaciones federales,35102465600,Cifras Definitivas.
Estadística de Finanzas Públicas Estatales y Municipales. Anual,Ciudad de México,2016,09,Ingresos,Concepto,Aportaciones del ramo general 33,13178724000,Cifras Definitivas.
Estadística de Finanzas Públicas Estatales y Municipales. Anual,Ciudad de México,2016,09,Ingresos,Partida Genérica,Aportaciones a entidades federativas,7263783400,Cifras Definitivas.
Estadística de Finanzas Públicas Estatales y Municipales. Anual,Ciudad de México,2016,09,Ingresos,Subpartida Genérica,FA para los Servicios de Salud,3979188200,Cifras Definitivas.
Estadística de Finanzas Públicas Estatales y Municipales. Anual,Ciudad de México,2016,09,Ingresos,Subpartida Genérica,FA para Infraestructura Social Estatal,99419800,Cifras Definitivas.
Estadística de Finanzas Públicas Estatales y Municipales. Anual,Ciudad de México,2016,09,Ingresos,Subpartida Genérica,FA Múltiples,756051700,Cifras Definitivas.
Estadística de Finanzas Públicas Estatales y Municipales. Anual,Ciudad de México,2016,09,Ingresos,Subpartida Genérica,FA para la Seguridad Pública,470611700,Cifras Definitivas.
Estadística de Finanzas Públicas Estatales y Municipales. Anual,Ciudad de México,2016,09,Ingresos,Subpartida Genérica,FA para el Fortalecimiento de los Municipios y las Demarcaciones Territoriales de la Ciudad de México,1958512000,Cifras Definitivas.
Estadística de Finanzas Públicas Estatales y Municipales. Anual,Ciudad de México,2016,09,Ingresos,Partida Genérica,Aportaciones a municipios,5914940600,Cifras Definitivas.
Estadística de Finanzas Públicas Estatales y Municipales. Anual,Ciudad de México,2016,09,Ingresos,Subpartida Genérica,FA para la Infraestructura Social Municipal,720790000,Cifras Definitivas.
Estadística de Finanzas Públicas Estatales y Municipales. Anual,Ciudad de México,2016,09,Ingresos,Subpartida Genérica,FA para el Fortalecimiento de los Municipios,5194150600,Cifras Definitivas.
Estadística de Finanzas Públicas Estatales y Municipales. Anual,Ciudad de México,2016,09,Ingresos,Concepto,Recursos federales reasignados,21923741600,Cifras Definitivas.
Estadística de Finanzas Públicas Estatales y Municipales. Anual,Ciudad de México,2016,09,Ingresos,Partida Genérica,Convenios para obras públicas,51327200,Cifras Definitivas.
Estadística de Finanzas Públicas Estatales y Municipales. Anual,Ciudad de México,2016,09,Ingresos,Subpartida Genérica,Fideicomiso para la infraestructura,51185900,Cifras Definitivas.
Estadística de Finanzas Públicas Estatales y Municipales. Anual,Ciudad de México,2016,09,Ingresos,Subpartida Genérica,Fondo para la estabilización de los ingresos,141300,Cifras Definitivas.
Estadística de Finanzas Públicas Estatales y Municipales. Anual,Ciudad de México,2016,09,Ingresos,Partida Genérica,Recursos federales diversos,21872414400,Cifras Definitivas.
Estadística de Finanzas Públicas Estatales y Municipales. Anual,Ciudad de México,2016,09,Ingresos,Subpartida Genérica,Otros recursos federales,21872414400,Cifras Definitivas.
Estadística de Finanzas Públicas Estatales y Municipales. Anual,Ciudad de México,2016,09,Ingresos,Capítulo,Otros ingresos,8469811700,Cifras Definitivas.
Estadística de Finanzas Públicas Estatales y Municipales. Anual,Ciudad de México,2016,09,Ingresos,Concepto,Otros ingresos extraordinarios,8469811700,Cifras Definitivas.
Estadística de Finanzas Públicas Estatales y Municipales. Anual,Ciudad de México,2016,09,Ingresos,Capítulo,Financiamiento,3052595500,Cifras Definitivas.
Estadística de Finanzas Públicas Estatales y Municipales. Anual,Ciudad de México,2016,09,Ingresos,Concepto,Empréstitos,3052595500,Cifras Definitivas.
Estadística de Finanzas Públicas Estatales y Municipales. Anual,Ciudad de México,2016,09,Ingresos,Partida Genérica,Empréstitos diversos,3052595500,Cifras Definitivas.
