﻿PROD_EST,COBERTURA,ANIO,ID_ENTIDAD,TEMA,CATEGORIA,DESCRIPCION_CATEGORIA,VALOR,ESTATUS
Estadística de Finanzas Públicas Estatales y Municipales. Anual,Ciudad de México,2017,09,Egresos,Tema,Total de egresos,218651533100,Cifras Definitivas.
Estadística de Finanzas Públicas Estatales y Municipales. Anual,Ciudad de México,2017,09,Egresos,Capítulo,Servicios personales,34516973673,Cifras Definitivas.
Estadística de Finanzas Públicas Estatales y Municipales. Anual,Ciudad de México,2017,09,Egresos,Concepto,Remuneraciones al personal,12236145410,Cifras Definitivas.
Estadística de Finanzas Públicas Estatales y Municipales. Anual,Ciudad de México,2017,09,Egresos,Partida Genérica,Jefatura de Gobierno,51790108,Cifras Definitivas.
Estadística de Finanzas Públicas Estatales y Municipales. Anual,Ciudad de México,2017,09,Egresos,Partida Genérica,Secretaría de Gobierno,997817589,Cifras Definitivas.
Estadística de Finanzas Públicas Estatales y Municipales. Anual,Ciudad de México,2017,09,Egresos,Partida Genérica,Secretaría de Finanzas,626514352,Cifras Definitivas.
Estadística de Finanzas Públicas Estatales y Municipales. Anual,Ciudad de México,2017,09,Egresos,Partida Genérica,Secretaría de Educación,317109959,Cifras Definitivas.
Estadística de Finanzas Públicas Estatales y Municipales. Anual,Ciudad de México,2017,09,Egresos,Partida Genérica,Secretaría de Salud,3131445203,Cifras Definitivas.
Estadística de Finanzas Públicas Estatales y Municipales. Anual,Ciudad de México,2017,09,Egresos,Partida Genérica,Secretaría de Obras Públicas y Servicios,288895325,Cifras Definitivas.
Estadística de Finanzas Públicas Estatales y Municipales. Anual,Ciudad de México,2017,09,Egresos,Partida Genérica,Secretaría de Desarrollo Económico,69087420,Cifras Definitivas.
Estadística de Finanzas Públicas Estatales y Municipales. Anual,Ciudad de México,2017,09,Egresos,Partida Genérica,Secretaría de Turismo,15358555,Cifras Definitivas.
Estadística de Finanzas Públicas Estatales y Municipales. Anual,Ciudad de México,2017,09,Egresos,Partida Genérica,Secretaría del Medio Ambiente,434237269,Cifras Definitivas.
Estadística de Finanzas Públicas Estatales y Municipales. Anual,Ciudad de México,2017,09,Egresos,Partida Genérica,Secretaría de Desarrollo Social,571951643,Cifras Definitivas.
Estadística de Finanzas Públicas Estatales y Municipales. Anual,Ciudad de México,2017,09,Egresos,Partida Genérica,Secretaría de Desarrollo Rural y Equidad para las Comunidades,18855224,Cifras Definitivas.
Estadística de Finanzas Públicas Estatales y Municipales. Anual,Ciudad de México,2017,09,Egresos,Partida Genérica,Secretaría del Trabajo y Previsión Social,85577316,Cifras Definitivas.
Estadística de Finanzas Públicas Estatales y Municipales. Anual,Ciudad de México,2017,09,Egresos,Partida Genérica,Secretaría de Seguridad Pública,3257852643,Cifras Definitivas.
Estadística de Finanzas Públicas Estatales y Municipales. Anual,Ciudad de México,2017,09,Egresos,Partida Genérica,Procuraduría General de Justicia,1308947143,Cifras Definitivas.
Estadística de Finanzas Públicas Estatales y Municipales. Anual,Ciudad de México,2017,09,Egresos,Partida Genérica,Contraloría General,105274464,Cifras Definitivas.
Estadística de Finanzas Públicas Estatales y Municipales. Anual,Ciudad de México,2017,09,Egresos,Partida Genérica,Oficialía Mayor,205257112,Cifras Definitivas.
Estadística de Finanzas Públicas Estatales y Municipales. Anual,Ciudad de México,2017,09,Egresos,Partida Genérica,Dependencias diversas,750174085,Cifras Definitivas.
Estadística de Finanzas Públicas Estatales y Municipales. Anual,Ciudad de México,2017,09,Egresos,Concepto,Remuneraciones adicionales y especiales,9364530191,Cifras Definitivas.
Estadística de Finanzas Públicas Estatales y Municipales. Anual,Ciudad de México,2017,09,Egresos,Partida Genérica,Primas por años de servicios efectivos prestados,213237422,Cifras Definitivas.
Estadística de Finanzas Públicas Estatales y Municipales. Anual,Ciudad de México,2017,09,Egresos,Partida Genérica,"Primas de vacaciones, dominical y gratificación de fin de año",2039464601,Cifras Definitivas.
Estadística de Finanzas Públicas Estatales y Municipales. Anual,Ciudad de México,2017,09,Egresos,Partida Genérica,Horas extraordinarias,184592861,Cifras Definitivas.
Estadística de Finanzas Públicas Estatales y Municipales. Anual,Ciudad de México,2017,09,Egresos,Partida Genérica,Compensaciones,6927235307,Cifras Definitivas.
Estadística de Finanzas Públicas Estatales y Municipales. Anual,Ciudad de México,2017,09,Egresos,Concepto,Seguridad social,2954992883,Cifras Definitivas.
Estadística de Finanzas Públicas Estatales y Municipales. Anual,Ciudad de México,2017,09,Egresos,Partida Genérica,Aportaciones a fondos de vivienda,712102771,Cifras Definitivas.
Estadística de Finanzas Públicas Estatales y Municipales. Anual,Ciudad de México,2017,09,Egresos,Partida Genérica,Aportaciones para seguros,545706739,Cifras Definitivas.
Estadística de Finanzas Públicas Estatales y Municipales. Anual,Ciudad de México,2017,09,Egresos,Partida Genérica,Otras cuotas de seguridad social y seguros,1697183373,Cifras Definitivas.
Estadística de Finanzas Públicas Estatales y Municipales. Anual,Ciudad de México,2017,09,Egresos,Concepto,Otras prestaciones sociales y económicas,9618530161,Cifras Definitivas.
Estadística de Finanzas Públicas Estatales y Municipales. Anual,Ciudad de México,2017,09,Egresos,Partida Genérica,Cuotas para el fondo de ahorro y fondo de trabajo,780175995,Cifras Definitivas.
Estadística de Finanzas Públicas Estatales y Municipales. Anual,Ciudad de México,2017,09,Egresos,Partida Genérica,Indemnizaciones,755119700,Cifras Definitivas.
Estadística de Finanzas Públicas Estatales y Municipales. Anual,Ciudad de México,2017,09,Egresos,Partida Genérica,Prestaciones y haberes de retiro,808399512,Cifras Definitivas.
Estadística de Finanzas Públicas Estatales y Municipales. Anual,Ciudad de México,2017,09,Egresos,Partida Genérica,Apoyos a la capacitación de los servidores públicos,39433924,Cifras Definitivas.
Estadística de Finanzas Públicas Estatales y Municipales. Anual,Ciudad de México,2017,09,Egresos,Partida Genérica,Otras prestaciones sociales y económicas,7235401030,Cifras Definitivas.
Estadística de Finanzas Públicas Estatales y Municipales. Anual,Ciudad de México,2017,09,Egresos,Concepto,Pago de estímulos a servidores públicos,342775028,Cifras Definitivas.
Estadística de Finanzas Públicas Estatales y Municipales. Anual,Ciudad de México,2017,09,Egresos,Partida Genérica,Estímulos,342775028,Cifras Definitivas.
Estadística de Finanzas Públicas Estatales y Municipales. Anual,Ciudad de México,2017,09,Egresos,Capítulo,Materiales y suministros,4134019976,Cifras Definitivas.
Estadística de Finanzas Públicas Estatales y Municipales. Anual,Ciudad de México,2017,09,Egresos,Concepto,"Materiales de administración, emisión de documentos y artículos oficiales",292818612,Cifras Definitivas.
Estadística de Finanzas Públicas Estatales y Municipales. Anual,Ciudad de México,2017,09,Egresos,Partida Genérica,"Materiales, útiles y equipos menores de oficina",140731162,Cifras Definitivas.
Estadística de Finanzas Públicas Estatales y Municipales. Anual,Ciudad de México,2017,09,Egresos,Partida Genérica,Materiales y útiles de impresión y reproducción,3139284,Cifras Definitivas.
Estadística de Finanzas Públicas Estatales y Municipales. Anual,Ciudad de México,2017,09,Egresos,Partida Genérica,Material estadístico y geográfico,11416,Cifras Definitivas.
Estadística de Finanzas Públicas Estatales y Municipales. Anual,Ciudad de México,2017,09,Egresos,Partida Genérica,"Materiales, útiles y equipos menores de tecnologías de la información y comunicaciones",80162050,Cifras Definitivas.
Estadística de Finanzas Públicas Estatales y Municipales. Anual,Ciudad de México,2017,09,Egresos,Partida Genérica,Material impreso e información digital,34091300,Cifras Definitivas.
Estadística de Finanzas Públicas Estatales y Municipales. Anual,Ciudad de México,2017,09,Egresos,Partida Genérica,Material de limpieza,24767606,Cifras Definitivas.
Estadística de Finanzas Públicas Estatales y Municipales. Anual,Ciudad de México,2017,09,Egresos,Partida Genérica,Materiales y útiles de enseñanza,9915794,Cifras Definitivas.
Estadística de Finanzas Públicas Estatales y Municipales. Anual,Ciudad de México,2017,09,Egresos,Concepto,Alimentos y utensilios,1231209387,Cifras Definitivas.
Estadística de Finanzas Públicas Estatales y Municipales. Anual,Ciudad de México,2017,09,Egresos,Partida Genérica,Productos alimenticios para personas,1164416541,Cifras Definitivas.
Estadística de Finanzas Públicas Estatales y Municipales. Anual,Ciudad de México,2017,09,Egresos,Partida Genérica,Productos alimenticios para animales,62878086,Cifras Definitivas.
Estadística de Finanzas Públicas Estatales y Municipales. Anual,Ciudad de México,2017,09,Egresos,Partida Genérica,Utensilios para el servicio de alimentación,3914760,Cifras Definitivas.
Estadística de Finanzas Públicas Estatales y Municipales. Anual,Ciudad de México,2017,09,Egresos,Concepto,"Herramientas, refacciones y accesorios menores",68734549,Cifras Definitivas.
Estadística de Finanzas Públicas Estatales y Municipales. Anual,Ciudad de México,2017,09,Egresos,Partida Genérica,Herramientas menores,8082539,Cifras Definitivas.
Estadística de Finanzas Públicas Estatales y Municipales. Anual,Ciudad de México,2017,09,Egresos,Partida Genérica,Refacciones y accesorios menores de edificios,2290548,Cifras Definitivas.
Estadística de Finanzas Públicas Estatales y Municipales. Anual,Ciudad de México,2017,09,Egresos,Partida Genérica,"Refacciones y accesorios menores de mobiliario y equipo de administración, educacional y recreativo",1771175,Cifras Definitivas.
Estadística de Finanzas Públicas Estatales y Municipales. Anual,Ciudad de México,2017,09,Egresos,Partida Genérica,Refacciones y accesorios menores de equipo de cómputo y tecnologías de la información,17310720,Cifras Definitivas.
Estadística de Finanzas Públicas Estatales y Municipales. Anual,Ciudad de México,2017,09,Egresos,Partida Genérica,Refacciones y accesorios menores de equipo e instrumental médico y de laboratorio,1951141,Cifras Definitivas.
Estadística de Finanzas Públicas Estatales y Municipales. Anual,Ciudad de México,2017,09,Egresos,Partida Genérica,Refacciones y accesorios menores de equipo de transporte,29883445,Cifras Definitivas.
Estadística de Finanzas Públicas Estatales y Municipales. Anual,Ciudad de México,2017,09,Egresos,Partida Genérica,Refacciones y accesorios menores de equipo de defensa y seguridad,1736741,Cifras Definitivas.
Estadística de Finanzas Públicas Estatales y Municipales. Anual,Ciudad de México,2017,09,Egresos,Partida Genérica,Refacciones y accesorios menores de maquinaria y otros equipos,1786525,Cifras Definitivas.
Estadística de Finanzas Públicas Estatales y Municipales. Anual,Ciudad de México,2017,09,Egresos,Partida Genérica,Refacciones y accesorios menores otros bienes muebles,3921715,Cifras Definitivas.
Estadística de Finanzas Públicas Estatales y Municipales. Anual,Ciudad de México,2017,09,Egresos,Concepto,Materiales y artículos de construcción y de reparación,69924969,Cifras Definitivas.
Estadística de Finanzas Públicas Estatales y Municipales. Anual,Ciudad de México,2017,09,Egresos,Partida Genérica,Productos minerales no metálicos,3336088,Cifras Definitivas.
Estadística de Finanzas Públicas Estatales y Municipales. Anual,Ciudad de México,2017,09,Egresos,Partida Genérica,Cemento y productos de concreto,788189,Cifras Definitivas.
Estadística de Finanzas Públicas Estatales y Municipales. Anual,Ciudad de México,2017,09,Egresos,Partida Genérica,"Cal, yeso y productos de yeso",885818,Cifras Definitivas.
Estadística de Finanzas Públicas Estatales y Municipales. Anual,Ciudad de México,2017,09,Egresos,Partida Genérica,Madera y productos de madera,4185028,Cifras Definitivas.
Estadística de Finanzas Públicas Estatales y Municipales. Anual,Ciudad de México,2017,09,Egresos,Partida Genérica,Vidrio y productos de vidrio,837370,Cifras Definitivas.
Estadística de Finanzas Públicas Estatales y Municipales. Anual,Ciudad de México,2017,09,Egresos,Partida Genérica,Material eléctrico y electrónico,23678267,Cifras Definitivas.
Estadística de Finanzas Públicas Estatales y Municipales. Anual,Ciudad de México,2017,09,Egresos,Partida Genérica,Artículos metálicos para la construcción,8880773,Cifras Definitivas.
Estadística de Finanzas Públicas Estatales y Municipales. Anual,Ciudad de México,2017,09,Egresos,Partida Genérica,Materiales complementarios,6832788,Cifras Definitivas.
Estadística de Finanzas Públicas Estatales y Municipales. Anual,Ciudad de México,2017,09,Egresos,Partida Genérica,Otros materiales y artículos de construcción y reparación,20500648,Cifras Definitivas.
Estadística de Finanzas Públicas Estatales y Municipales. Anual,Ciudad de México,2017,09,Egresos,Concepto,"Productos químicos, farmacéuticos, laboratorio y materias primas de producción y comercialización",882802391,Cifras Definitivas.
Estadística de Finanzas Públicas Estatales y Municipales. Anual,Ciudad de México,2017,09,Egresos,Partida Genérica,"Productos químicos, farmacéuticos y de laboratorio",879235914,Cifras Definitivas.
Estadística de Finanzas Públicas Estatales y Municipales. Anual,Ciudad de México,2017,09,Egresos,Subpartida Genérica,Productos químicos básicos,17708021,Cifras Definitivas.
Estadística de Finanzas Públicas Estatales y Municipales. Anual,Ciudad de México,2017,09,Egresos,Subpartida Genérica,"Fertilizantes, pesticidas y otros agroquímicos",1017489,Cifras Definitivas.
Estadística de Finanzas Públicas Estatales y Municipales. Anual,Ciudad de México,2017,09,Egresos,Subpartida Genérica,Medicinas y productos farmacéuticos,417674251,Cifras Definitivas.
Estadística de Finanzas Públicas Estatales y Municipales. Anual,Ciudad de México,2017,09,Egresos,Subpartida Genérica,"Materiales, accesorios y suministros médicos",415563279,Cifras Definitivas.
Estadística de Finanzas Públicas Estatales y Municipales. Anual,Ciudad de México,2017,09,Egresos,Subpartida Genérica,"Materiales, accesorios y suministros de laboratorio",23452372,Cifras Definitivas.
Estadística de Finanzas Públicas Estatales y Municipales. Anual,Ciudad de México,2017,09,Egresos,Subpartida Genérica,"Fibras sintéticas, hules, plásticos y derivados",3820502,Cifras Definitivas.
Estadística de Finanzas Públicas Estatales y Municipales. Anual,Ciudad de México,2017,09,Egresos,Partida Genérica,Materias primas y materiales de producción y comercialización,3042118,Cifras Definitivas.
Estadística de Finanzas Públicas Estatales y Municipales. Anual,Ciudad de México,2017,09,Egresos,Subpartida Genérica,"Productos alimenticios, agropecuarios y forestales adquiridos como materia prima",474508,Cifras Definitivas.
Estadística de Finanzas Públicas Estatales y Municipales. Anual,Ciudad de México,2017,09,Egresos,Subpartida Genérica,Insumos textiles adquiridos como materia prima,2401,Cifras Definitivas.
Estadística de Finanzas Públicas Estatales y Municipales. Anual,Ciudad de México,2017,09,Egresos,Subpartida Genérica,"Productos de papel, cartón e impresos adquiridos como materia prima",610751,Cifras Definitivas.
Estadística de Finanzas Públicas Estatales y Municipales. Anual,Ciudad de México,2017,09,Egresos,Subpartida Genérica,"Productos químicos, farmacéuticos y de laboratorio adquiridos como materia prima",379011,Cifras Definitivas.
Estadística de Finanzas Públicas Estatales y Municipales. Anual,Ciudad de México,2017,09,Egresos,Subpartida Genérica,"Productos de cuero, piel, plástico y hule adquiridos como materia prima",1524170,Cifras Definitivas.
Estadística de Finanzas Públicas Estatales y Municipales. Anual,Ciudad de México,2017,09,Egresos,Subpartida Genérica,Mercancías adquiridas para su comercialización,51277,Cifras Definitivas.
Estadística de Finanzas Públicas Estatales y Municipales. Anual,Ciudad de México,2017,09,Egresos,Partida Genérica,Otros productos adquiridos como materia prima,524359,Cifras Definitivas.
Estadística de Finanzas Públicas Estatales y Municipales. Anual,Ciudad de México,2017,09,Egresos,Concepto,"Combustibles, lubricantes y aditivos",1155738956,Cifras Definitivas.
Estadística de Finanzas Públicas Estatales y Municipales. Anual,Ciudad de México,2017,09,Egresos,Partida Genérica,"Combustibles, lubricantes y aditivos",1155738956,Cifras Definitivas.
Estadística de Finanzas Públicas Estatales y Municipales. Anual,Ciudad de México,2017,09,Egresos,Concepto,"Vestuario, blancos, prendas de protección y artículos deportivos",309985506,Cifras Definitivas.
Estadística de Finanzas Públicas Estatales y Municipales. Anual,Ciudad de México,2017,09,Egresos,Partida Genérica,Vestuario y uniformes,258233566,Cifras Definitivas.
Estadística de Finanzas Públicas Estatales y Municipales. Anual,Ciudad de México,2017,09,Egresos,Partida Genérica,Prendas de seguridad y protección personal,18485203,Cifras Definitivas.
Estadística de Finanzas Públicas Estatales y Municipales. Anual,Ciudad de México,2017,09,Egresos,Partida Genérica,Artículos deportivos,1368553,Cifras Definitivas.
Estadística de Finanzas Públicas Estatales y Municipales. Anual,Ciudad de México,2017,09,Egresos,Partida Genérica,Productos textiles,9617650,Cifras Definitivas.
Estadística de Finanzas Públicas Estatales y Municipales. Anual,Ciudad de México,2017,09,Egresos,Partida Genérica,"Blancos y otros productos textiles, excepto prendas de vestir",22280534,Cifras Definitivas.
Estadística de Finanzas Públicas Estatales y Municipales. Anual,Ciudad de México,2017,09,Egresos,Concepto,Materiales y suministros para seguridad,122805606,Cifras Definitivas.
Estadística de Finanzas Públicas Estatales y Municipales. Anual,Ciudad de México,2017,09,Egresos,Partida Genérica,Materiales de seguridad pública,20011909,Cifras Definitivas.
Estadística de Finanzas Públicas Estatales y Municipales. Anual,Ciudad de México,2017,09,Egresos,Partida Genérica,Prendas de protección para seguridad pública y nacional,102793697,Cifras Definitivas.
Estadística de Finanzas Públicas Estatales y Municipales. Anual,Ciudad de México,2017,09,Egresos,Capítulo,Servicios generales,14955425171,Cifras Definitivas.
Estadística de Finanzas Públicas Estatales y Municipales. Anual,Ciudad de México,2017,09,Egresos,Concepto,Servicios básicos,891687173,Cifras Definitivas.
Estadística de Finanzas Públicas Estatales y Municipales. Anual,Ciudad de México,2017,09,Egresos,Partida Genérica,Energía eléctrica,288120219,Cifras Definitivas.
Estadística de Finanzas Públicas Estatales y Municipales. Anual,Ciudad de México,2017,09,Egresos,Partida Genérica,Gas,39010311,Cifras Definitivas.
Estadística de Finanzas Públicas Estatales y Municipales. Anual,Ciudad de México,2017,09,Egresos,Partida Genérica,Agua,336210134,Cifras Definitivas.
Estadística de Finanzas Públicas Estatales y Municipales. Anual,Ciudad de México,2017,09,Egresos,Partida Genérica,Telefonía tradicional,34722035,Cifras Definitivas.
Estadística de Finanzas Públicas Estatales y Municipales. Anual,Ciudad de México,2017,09,Egresos,Partida Genérica,Servicios de telecomunicaciones y satélites,8458260,Cifras Definitivas.
Estadística de Finanzas Públicas Estatales y Municipales. Anual,Ciudad de México,2017,09,Egresos,Partida Genérica,"Servicios de acceso de Internet, redes y procesamiento de información",132910564,Cifras Definitivas.
Estadística de Finanzas Públicas Estatales y Municipales. Anual,Ciudad de México,2017,09,Egresos,Partida Genérica,Servicios postales y telegráficos,41551681,Cifras Definitivas.
Estadística de Finanzas Públicas Estatales y Municipales. Anual,Ciudad de México,2017,09,Egresos,Partida Genérica,Servicios integrales y otros servicios,10703969,Cifras Definitivas.
Estadística de Finanzas Públicas Estatales y Municipales. Anual,Ciudad de México,2017,09,Egresos,Concepto,Servicios de arrendamiento,783552759,Cifras Definitivas.
Estadística de Finanzas Públicas Estatales y Municipales. Anual,Ciudad de México,2017,09,Egresos,Partida Genérica,Arrendamiento de edificios,477584258,Cifras Definitivas.
Estadística de Finanzas Públicas Estatales y Municipales. Anual,Ciudad de México,2017,09,Egresos,Partida Genérica,"Arrendamiento de mobiliario y equipo de administración, educacional y recreativo",71709868,Cifras Definitivas.
Estadística de Finanzas Públicas Estatales y Municipales. Anual,Ciudad de México,2017,09,Egresos,Partida Genérica,Arrendamiento de equipo de transporte,75094005,Cifras Definitivas.
Estadística de Finanzas Públicas Estatales y Municipales. Anual,Ciudad de México,2017,09,Egresos,Partida Genérica,"Arrendamiento de maquinaria, otros equipos y herramientas",140800,Cifras Definitivas.
Estadística de Finanzas Públicas Estatales y Municipales. Anual,Ciudad de México,2017,09,Egresos,Partida Genérica,Arrendamiento de activos intangibles,42962460,Cifras Definitivas.
Estadística de Finanzas Públicas Estatales y Municipales. Anual,Ciudad de México,2017,09,Egresos,Partida Genérica,Otros arrendamientos,116061368,Cifras Definitivas.
Estadística de Finanzas Públicas Estatales y Municipales. Anual,Ciudad de México,2017,09,Egresos,Concepto,"Servicios profesionales, científicos, técnicos y otros servicios",5668774050,Cifras Definitivas.
Estadística de Finanzas Públicas Estatales y Municipales. Anual,Ciudad de México,2017,09,Egresos,Partida Genérica,"Servicios legales, de contabilidad, auditoría y relacionados",502351665,Cifras Definitivas.
Estadística de Finanzas Públicas Estatales y Municipales. Anual,Ciudad de México,2017,09,Egresos,Partida Genérica,"Servicios de diseño, arquitectura, ingeniería y actividades relacionadas",49280426,Cifras Definitivas.
Estadística de Finanzas Públicas Estatales y Municipales. Anual,Ciudad de México,2017,09,Egresos,Partida Genérica,"Servicios de consultoría administrativa, procesos, técnica y en tecnologías de la información",401451490,Cifras Definitivas.
Estadística de Finanzas Públicas Estatales y Municipales. Anual,Ciudad de México,2017,09,Egresos,Partida Genérica,Servicios de capacitación,76744101,Cifras Definitivas.
Estadística de Finanzas Públicas Estatales y Municipales. Anual,Ciudad de México,2017,09,Egresos,Partida Genérica,Servicios de investigación científica y desarrollo,57937251,Cifras Definitivas.
Estadística de Finanzas Públicas Estatales y Municipales. Anual,Ciudad de México,2017,09,Egresos,Partida Genérica,"Servicios de apoyo administrativo, traducción, fotocopiado e impresión",513457119,Cifras Definitivas.
Estadística de Finanzas Públicas Estatales y Municipales. Anual,Ciudad de México,2017,09,Egresos,Partida Genérica,Servicios de protección y seguridad,3436640,Cifras Definitivas.
Estadística de Finanzas Públicas Estatales y Municipales. Anual,Ciudad de México,2017,09,Egresos,Partida Genérica,Servicios de vigilancia,3976344248,Cifras Definitivas.
Estadística de Finanzas Públicas Estatales y Municipales. Anual,Ciudad de México,2017,09,Egresos,Partida Genérica,"Servicios profesionales, científicos y técnicos integrales",87771110,Cifras Definitivas.
Estadística de Finanzas Públicas Estatales y Municipales. Anual,Ciudad de México,2017,09,Egresos,Concepto,"Servicios financieros, bancarios y comerciales",917658593,Cifras Definitivas.
Estadística de Finanzas Públicas Estatales y Municipales. Anual,Ciudad de México,2017,09,Egresos,Partida Genérica,Servicios financieros y bancarios,74225683,Cifras Definitivas.
Estadística de Finanzas Públicas Estatales y Municipales. Anual,Ciudad de México,2017,09,Egresos,Partida Genérica,"Servicios de recaudación, traslado y custodia de valores",357135430,Cifras Definitivas.
Estadística de Finanzas Públicas Estatales y Municipales. Anual,Ciudad de México,2017,09,Egresos,Partida Genérica,Seguro de bienes patrimoniales,395148125,Cifras Definitivas.
Estadística de Finanzas Públicas Estatales y Municipales. Anual,Ciudad de México,2017,09,Egresos,Partida Genérica,"Almacenaje, envase y embalaje",45887,Cifras Definitivas.
Estadística de Finanzas Públicas Estatales y Municipales. Anual,Ciudad de México,2017,09,Egresos,Partida Genérica,Fletes y maniobras,91103468,Cifras Definitivas.
Estadística de Finanzas Públicas Estatales y Municipales. Anual,Ciudad de México,2017,09,Egresos,Concepto,"Servicios de instalación, reparación, mantenimiento y conservación",1931658504,Cifras Definitivas.
Estadística de Finanzas Públicas Estatales y Municipales. Anual,Ciudad de México,2017,09,Egresos,Partida Genérica,Conservación y mantenimiento menor de inmuebles,344061155,Cifras Definitivas.
Estadística de Finanzas Públicas Estatales y Municipales. Anual,Ciudad de México,2017,09,Egresos,Partida Genérica,"Instalación, reparación y mantenimiento de mobiliario y equipo de administración, educacional y recreativo",19395971,Cifras Definitivas.
Estadística de Finanzas Públicas Estatales y Municipales. Anual,Ciudad de México,2017,09,Egresos,Partida Genérica,"Instalación, reparación y mantenimiento de equipo de cómputo y tecnología de la información",139430220,Cifras Definitivas.
Estadística de Finanzas Públicas Estatales y Municipales. Anual,Ciudad de México,2017,09,Egresos,Partida Genérica,Servicios de jardinería y fumigación,53943948,Cifras Definitivas.
Estadística de Finanzas Públicas Estatales y Municipales. Anual,Ciudad de México,2017,09,Egresos,Partida Genérica,Reparación y mantenimiento de equipo de transporte,455245511,Cifras Definitivas.
Estadística de Finanzas Públicas Estatales y Municipales. Anual,Ciudad de México,2017,09,Egresos,Partida Genérica,"Reparación y mantenimiento de equipo de defensa y seguridad e instalación, reparación y mantenimiento de equipo e instrumental médico y de laboratorio",104025489,Cifras Definitivas.
Estadística de Finanzas Públicas Estatales y Municipales. Anual,Ciudad de México,2017,09,Egresos,Subpartida Genérica,"Instalación, reparación y mantenimiento de equipo e instrumental médico y de laboratorio",104025489,Cifras Definitivas.
Estadística de Finanzas Públicas Estatales y Municipales. Anual,Ciudad de México,2017,09,Egresos,Partida Genérica,"Instalación, reparación y mantenimiento de maquinaria, otros equipos y herramienta",454981183,Cifras Definitivas.
Estadística de Finanzas Públicas Estatales y Municipales. Anual,Ciudad de México,2017,09,Egresos,Partida Genérica,Servicios de limpieza y manejo de desechos,360575027,Cifras Definitivas.
Estadística de Finanzas Públicas Estatales y Municipales. Anual,Ciudad de México,2017,09,Egresos,Concepto,Servicios de comunicación social y publicidad,637381367,Cifras Definitivas.
Estadística de Finanzas Públicas Estatales y Municipales. Anual,Ciudad de México,2017,09,Egresos,Partida Genérica,"Difusión por radio, televisión y otros medios de mensajes sobre programas y actividades gubernamentales",417803230,Cifras Definitivas.
Estadística de Finanzas Públicas Estatales y Municipales. Anual,Ciudad de México,2017,09,Egresos,Partida Genérica,"Difusión por radio, televisión y otros medios de mensajes comerciales para promover la venta de bienes o servicios",472956,Cifras Definitivas.
Estadística de Finanzas Públicas Estatales y Municipales. Anual,Ciudad de México,2017,09,Egresos,Partida Genérica,"Servicios de creatividad, preproducción y producción de publicidad, excepto Internet",84783699,Cifras Definitivas.
Estadística de Finanzas Públicas Estatales y Municipales. Anual,Ciudad de México,2017,09,Egresos,Partida Genérica,Servicios de revelado de fotografías,5800,Cifras Definitivas.
Estadística de Finanzas Públicas Estatales y Municipales. Anual,Ciudad de México,2017,09,Egresos,Partida Genérica,"Servicios de la industria fílmica, del sonido y del video",11333240,Cifras Definitivas.
Estadística de Finanzas Públicas Estatales y Municipales. Anual,Ciudad de México,2017,09,Egresos,Partida Genérica,Servicio de creación y difusión de contenido exclusivamente a través de Internet,24635546,Cifras Definitivas.
Estadística de Finanzas Públicas Estatales y Municipales. Anual,Ciudad de México,2017,09,Egresos,Partida Genérica,Otros servicios de información,98346896,Cifras Definitivas.
Estadística de Finanzas Públicas Estatales y Municipales. Anual,Ciudad de México,2017,09,Egresos,Concepto,Servicios de traslado y viáticos,57718581,Cifras Definitivas.
Estadística de Finanzas Públicas Estatales y Municipales. Anual,Ciudad de México,2017,09,Egresos,Partida Genérica,Pasajes aéreos,3789534,Cifras Definitivas.
Estadística de Finanzas Públicas Estatales y Municipales. Anual,Ciudad de México,2017,09,Egresos,Partida Genérica,Pasajes terrestres,44934459,Cifras Definitivas.
Estadística de Finanzas Públicas Estatales y Municipales. Anual,Ciudad de México,2017,09,Egresos,Partida Genérica,Viáticos en el país,4311877,Cifras Definitivas.
Estadística de Finanzas Públicas Estatales y Municipales. Anual,Ciudad de México,2017,09,Egresos,Partida Genérica,Viáticos en el extranjero,541599,Cifras Definitivas.
Estadística de Finanzas Públicas Estatales y Municipales. Anual,Ciudad de México,2017,09,Egresos,Partida Genérica,Otros servicios de traslado y hospedaje,4141112,Cifras Definitivas.
Estadística de Finanzas Públicas Estatales y Municipales. Anual,Ciudad de México,2017,09,Egresos,Concepto,Servicios oficiales,359603105,Cifras Definitivas.
Estadística de Finanzas Públicas Estatales y Municipales. Anual,Ciudad de México,2017,09,Egresos,Partida Genérica,Gastos de ceremonial,210571964,Cifras Definitivas.
Estadística de Finanzas Públicas Estatales y Municipales. Anual,Ciudad de México,2017,09,Egresos,Partida Genérica,Gastos de orden social y cultural,6808470,Cifras Definitivas.
Estadística de Finanzas Públicas Estatales y Municipales. Anual,Ciudad de México,2017,09,Egresos,Partida Genérica,Congresos y convenciones,100797985,Cifras Definitivas.
Estadística de Finanzas Públicas Estatales y Municipales. Anual,Ciudad de México,2017,09,Egresos,Partida Genérica,Exposiciones,41424686,Cifras Definitivas.
Estadística de Finanzas Públicas Estatales y Municipales. Anual,Ciudad de México,2017,09,Egresos,Concepto,Otros servicios generales,3707391039,Cifras Definitivas.
Estadística de Finanzas Públicas Estatales y Municipales. Anual,Ciudad de México,2017,09,Egresos,Partida Genérica,Servicios funerarios y de cementerios,8557952,Cifras Definitivas.
Estadística de Finanzas Públicas Estatales y Municipales. Anual,Ciudad de México,2017,09,Egresos,Partida Genérica,Impuestos y derechos,25675338,Cifras Definitivas.
Estadística de Finanzas Públicas Estatales y Municipales. Anual,Ciudad de México,2017,09,Egresos,Partida Genérica,Sentencias y resoluciones por autoridad competente,266316479,Cifras Definitivas.
Estadística de Finanzas Públicas Estatales y Municipales. Anual,Ciudad de México,2017,09,Egresos,Partida Genérica,"Penas, multas, accesorios y actualizaciones",442504,Cifras Definitivas.
Estadística de Finanzas Públicas Estatales y Municipales. Anual,Ciudad de México,2017,09,Egresos,Partida Genérica,Otros gastos por responsabilidades,93130761,Cifras Definitivas.
Estadística de Finanzas Públicas Estatales y Municipales. Anual,Ciudad de México,2017,09,Egresos,Partida Genérica,Impuesto sobre nóminas y otros que se deriven de una relación laboral,1123272495,Cifras Definitivas.
Estadística de Finanzas Públicas Estatales y Municipales. Anual,Ciudad de México,2017,09,Egresos,Partida Genérica,Otros servicios generales,2189995510,Cifras Definitivas.
Estadística de Finanzas Públicas Estatales y Municipales. Anual,Ciudad de México,2017,09,Egresos,Capítulo,"Transferencias, asignaciones, subsidios y otras ayudas",66021904238,Cifras Definitivas.
Estadística de Finanzas Públicas Estatales y Municipales. Anual,Ciudad de México,2017,09,Egresos,Concepto,Transferencias internas y asignaciones al sector público,61828646810,Cifras Definitivas.
Estadística de Finanzas Públicas Estatales y Municipales. Anual,Ciudad de México,2017,09,Egresos,Partida Genérica,A poderes,9381712191,Cifras Definitivas.
Estadística de Finanzas Públicas Estatales y Municipales. Anual,Ciudad de México,2017,09,Egresos,Subpartida Genérica,Legislativo,2844626093,Cifras Definitivas.
Estadística de Finanzas Públicas Estatales y Municipales. Anual,Ciudad de México,2017,09,Egresos,Subpartida Genérica,Judicial,6537086098,Cifras Definitivas.
Estadística de Finanzas Públicas Estatales y Municipales. Anual,Ciudad de México,2017,09,Egresos,Partida Genérica,A instituciones del gobierno según función,48220578430,Cifras Definitivas.
Estadística de Finanzas Públicas Estatales y Municipales. Anual,Ciudad de México,2017,09,Egresos,Subpartida Genérica,Instituciones y programas de educación,1983261381,Cifras Definitivas.
Estadística de Finanzas Públicas Estatales y Municipales. Anual,Ciudad de México,2017,09,Egresos,Subpartida Genérica,Instituciones y programas de salud,142370505,Cifras Definitivas.
Estadística de Finanzas Públicas Estatales y Municipales. Anual,Ciudad de México,2017,09,Egresos,Subpartida Genérica,Instituciones y programas de asistencia social,8644345648,Cifras Definitivas.
Estadística de Finanzas Públicas Estatales y Municipales. Anual,Ciudad de México,2017,09,Egresos,Subpartida Genérica,Instituciones y programas de cultura y deporte,184257817,Cifras Definitivas.
Estadística de Finanzas Públicas Estatales y Municipales. Anual,Ciudad de México,2017,09,Egresos,Subpartida Genérica,Instituciones y programas de seguridad pública,13552037755,Cifras Definitivas.
Estadística de Finanzas Públicas Estatales y Municipales. Anual,Ciudad de México,2017,09,Egresos,Subpartida Genérica,Instituciones y programas del sector turismo,39869571,Cifras Definitivas.
Estadística de Finanzas Públicas Estatales y Municipales. Anual,Ciudad de México,2017,09,Egresos,Subpartida Genérica,Instituciones y programas del sector agropecuario,252580245,Cifras Definitivas.
Estadística de Finanzas Públicas Estatales y Municipales. Anual,Ciudad de México,2017,09,Egresos,Subpartida Genérica,Instituciones y programas del sector económico,641520262,Cifras Definitivas.
Estadística de Finanzas Públicas Estatales y Municipales. Anual,Ciudad de México,2017,09,Egresos,Subpartida Genérica,Instituciones y programas ecológicos,42881933,Cifras Definitivas.
Estadística de Finanzas Públicas Estatales y Municipales. Anual,Ciudad de México,2017,09,Egresos,Subpartida Genérica,Instituciones y programas de infraestructura,22737453313,Cifras Definitivas.
Estadística de Finanzas Públicas Estatales y Municipales. Anual,Ciudad de México,2017,09,Egresos,Partida Genérica,Órganos autónomos y electorales,3039887317,Cifras Definitivas.
Estadística de Finanzas Públicas Estatales y Municipales. Anual,Ciudad de México,2017,09,Egresos,Subpartida Genérica,Instituto electoral,1574356688,Cifras Definitivas.
Estadística de Finanzas Públicas Estatales y Municipales. Anual,Ciudad de México,2017,09,Egresos,Subpartida Genérica,Comisión de derechos humanos,430904437,Cifras Definitivas.
Estadística de Finanzas Públicas Estatales y Municipales. Anual,Ciudad de México,2017,09,Egresos,Subpartida Genérica,Instituciones de transparencia,141767750,Cifras Definitivas.
Estadística de Finanzas Públicas Estatales y Municipales. Anual,Ciudad de México,2017,09,Egresos,Subpartida Genérica,Diversos órganos autónomos y electorales,892858442,Cifras Definitivas.
Estadística de Finanzas Públicas Estatales y Municipales. Anual,Ciudad de México,2017,09,Egresos,Partida Genérica,Diversas transferencias,1186468872,Cifras Definitivas.
Estadística de Finanzas Públicas Estatales y Municipales. Anual,Ciudad de México,2017,09,Egresos,Subpartida Genérica,Otras transferencias,1186468872,Cifras Definitivas.
Estadística de Finanzas Públicas Estatales y Municipales. Anual,Ciudad de México,2017,09,Egresos,Concepto,Ayudas sociales,75298273,Cifras Definitivas.
Estadística de Finanzas Públicas Estatales y Municipales. Anual,Ciudad de México,2017,09,Egresos,Partida Genérica,Becas y otras ayudas para programas de capacitación,75298273,Cifras Definitivas.
Estadística de Finanzas Públicas Estatales y Municipales. Anual,Ciudad de México,2017,09,Egresos,Concepto,Subsidios y subvenciones,4117959155,Cifras Definitivas.
Estadística de Finanzas Públicas Estatales y Municipales. Anual,Ciudad de México,2017,09,Egresos,Partida Genérica,Subsidios diversos,4117959155,Cifras Definitivas.
Estadística de Finanzas Públicas Estatales y Municipales. Anual,Ciudad de México,2017,09,Egresos,Capítulo,"Bienes muebles, inmuebles e intangibles",1849592252,Cifras Definitivas.
Estadística de Finanzas Públicas Estatales y Municipales. Anual,Ciudad de México,2017,09,Egresos,Concepto,Mobiliario y equipo de administración,223663987,Cifras Definitivas.
Estadística de Finanzas Públicas Estatales y Municipales. Anual,Ciudad de México,2017,09,Egresos,Partida Genérica,Muebles de oficina y estantería,60563586,Cifras Definitivas.
Estadística de Finanzas Públicas Estatales y Municipales. Anual,Ciudad de México,2017,09,Egresos,Partida Genérica,"Muebles, excepto de oficina y estantería",4800882,Cifras Definitivas.
Estadística de Finanzas Públicas Estatales y Municipales. Anual,Ciudad de México,2017,09,Egresos,Partida Genérica,"Bienes artísticos, culturales y científicos",7814662,Cifras Definitivas.
Estadística de Finanzas Públicas Estatales y Municipales. Anual,Ciudad de México,2017,09,Egresos,Partida Genérica,Equipo de cómputo y de tecnologías de la información,118982954,Cifras Definitivas.
Estadística de Finanzas Públicas Estatales y Municipales. Anual,Ciudad de México,2017,09,Egresos,Partida Genérica,Otros mobiliarios y equipos de administración,31501903,Cifras Definitivas.
Estadística de Finanzas Públicas Estatales y Municipales. Anual,Ciudad de México,2017,09,Egresos,Concepto,Mobiliario y equipo educacional y recreativo,123055656,Cifras Definitivas.
Estadística de Finanzas Públicas Estatales y Municipales. Anual,Ciudad de México,2017,09,Egresos,Partida Genérica,Equipos y aparatos audiovisuales,14579978,Cifras Definitivas.
Estadística de Finanzas Públicas Estatales y Municipales. Anual,Ciudad de México,2017,09,Egresos,Partida Genérica,Aparatos deportivos,1361572,Cifras Definitivas.
Estadística de Finanzas Públicas Estatales y Municipales. Anual,Ciudad de México,2017,09,Egresos,Partida Genérica,Cámaras fotográficas y de video,12930754,Cifras Definitivas.
Estadística de Finanzas Públicas Estatales y Municipales. Anual,Ciudad de México,2017,09,Egresos,Partida Genérica,Otro mobiliario y equipo educacional y recreativo,94183352,Cifras Definitivas.
Estadística de Finanzas Públicas Estatales y Municipales. Anual,Ciudad de México,2017,09,Egresos,Concepto,Vehículos y equipo de transporte,333605814,Cifras Definitivas.
Estadística de Finanzas Públicas Estatales y Municipales. Anual,Ciudad de México,2017,09,Egresos,Partida Genérica,Vehículos y equipo terrestre,289052102,Cifras Definitivas.
Estadística de Finanzas Públicas Estatales y Municipales. Anual,Ciudad de México,2017,09,Egresos,Partida Genérica,Carrocerías y remolques,13168484,Cifras Definitivas.
Estadística de Finanzas Públicas Estatales y Municipales. Anual,Ciudad de México,2017,09,Egresos,Partida Genérica,Equipo aeroespacial,138736,Cifras Definitivas.
Estadística de Finanzas Públicas Estatales y Municipales. Anual,Ciudad de México,2017,09,Egresos,Partida Genérica,Otros equipos de transporte,31246492,Cifras Definitivas.
Estadística de Finanzas Públicas Estatales y Municipales. Anual,Ciudad de México,2017,09,Egresos,Concepto,Equipo de defensa y seguridad y equipo e instrumental médico y laboratorio,524400854,Cifras Definitivas.
Estadística de Finanzas Públicas Estatales y Municipales. Anual,Ciudad de México,2017,09,Egresos,Partida Genérica,Equipo de defensa y seguridad,499977602,Cifras Definitivas.
Estadística de Finanzas Públicas Estatales y Municipales. Anual,Ciudad de México,2017,09,Egresos,Partida Genérica,Equipo médico y de laboratorio,22948923,Cifras Definitivas.
Estadística de Finanzas Públicas Estatales y Municipales. Anual,Ciudad de México,2017,09,Egresos,Partida Genérica,Instrumental médico y de laboratorio,1474329,Cifras Definitivas.
Estadística de Finanzas Públicas Estatales y Municipales. Anual,Ciudad de México,2017,09,Egresos,Concepto,"Maquinaria, otros equipos y herramientas",449756417,Cifras Definitivas.
Estadística de Finanzas Públicas Estatales y Municipales. Anual,Ciudad de México,2017,09,Egresos,Partida Genérica,Maquinaria y equipo agropecuario,8213,Cifras Definitivas.
Estadística de Finanzas Públicas Estatales y Municipales. Anual,Ciudad de México,2017,09,Egresos,Partida Genérica,Maquinaria y equipo industrial,6735472,Cifras Definitivas.
Estadística de Finanzas Públicas Estatales y Municipales. Anual,Ciudad de México,2017,09,Egresos,Partida Genérica,Maquinaria y equipo de construcción,672800,Cifras Definitivas.
Estadística de Finanzas Públicas Estatales y Municipales. Anual,Ciudad de México,2017,09,Egresos,Partida Genérica,"Sistemas de aire acondicionado, calefacción y de refrigeración industrial y comercial",16064901,Cifras Definitivas.
Estadística de Finanzas Públicas Estatales y Municipales. Anual,Ciudad de México,2017,09,Egresos,Partida Genérica,Equipo de comunicación y telecomunicación,306644425,Cifras Definitivas.
Estadística de Finanzas Públicas Estatales y Municipales. Anual,Ciudad de México,2017,09,Egresos,Partida Genérica,"Equipos de generación eléctrica, aparatos y accesorios eléctricos",2550977,Cifras Definitivas.
Estadística de Finanzas Públicas Estatales y Municipales. Anual,Ciudad de México,2017,09,Egresos,Partida Genérica,Herramientas y máquinas-herramienta,504977,Cifras Definitivas.
Estadística de Finanzas Públicas Estatales y Municipales. Anual,Ciudad de México,2017,09,Egresos,Partida Genérica,Otros equipos,116574652,Cifras Definitivas.
Estadística de Finanzas Públicas Estatales y Municipales. Anual,Ciudad de México,2017,09,Egresos,Concepto,Bienes inmuebles,133577872,Cifras Definitivas.
Estadística de Finanzas Públicas Estatales y Municipales. Anual,Ciudad de México,2017,09,Egresos,Partida Genérica,Edificios no residenciales,20000000,Cifras Definitivas.
Estadística de Finanzas Públicas Estatales y Municipales. Anual,Ciudad de México,2017,09,Egresos,Partida Genérica,Terrenos,753094,Cifras Definitivas.
Estadística de Finanzas Públicas Estatales y Municipales. Anual,Ciudad de México,2017,09,Egresos,Partida Genérica,Viviendas,1444704,Cifras Definitivas.
Estadística de Finanzas Públicas Estatales y Municipales. Anual,Ciudad de México,2017,09,Egresos,Partida Genérica,Otros bienes inmuebles,111380074,Cifras Definitivas.
Estadística de Finanzas Públicas Estatales y Municipales. Anual,Ciudad de México,2017,09,Egresos,Concepto,Activos intangibles,61531652,Cifras Definitivas.
Estadística de Finanzas Públicas Estatales y Municipales. Anual,Ciudad de México,2017,09,Egresos,Partida Genérica,Software,33041438,Cifras Definitivas.
Estadística de Finanzas Públicas Estatales y Municipales. Anual,Ciudad de México,2017,09,Egresos,Partida Genérica,Licencias informáticas e intelectuales,28490214,Cifras Definitivas.
Estadística de Finanzas Públicas Estatales y Municipales. Anual,Ciudad de México,2017,09,Egresos,Capítulo,Inversión pública,7127224740,Cifras Definitivas.
Estadística de Finanzas Públicas Estatales y Municipales. Anual,Ciudad de México,2017,09,Egresos,Concepto,Obra pública en bienes de dominio público,4689635710,Cifras Definitivas.
Estadística de Finanzas Públicas Estatales y Municipales. Anual,Ciudad de México,2017,09,Egresos,Partida Genérica,Edificación no habitacional,736689178,Cifras Definitivas.
Estadística de Finanzas Públicas Estatales y Municipales. Anual,Ciudad de México,2017,09,Egresos,Subpartida Genérica,Edificios públicos diversos,736689178,Cifras Definitivas.
Estadística de Finanzas Públicas Estatales y Municipales. Anual,Ciudad de México,2017,09,Egresos,Partida Genérica,División de terrenos y construcción de obras de urbanización,206569695,Cifras Definitivas.
Estadística de Finanzas Públicas Estatales y Municipales. Anual,Ciudad de México,2017,09,Egresos,Partida Genérica,Construcción de vías de comunicación,1266895664,Cifras Definitivas.
Estadística de Finanzas Públicas Estatales y Municipales. Anual,Ciudad de México,2017,09,Egresos,Partida Genérica,Otras construcciones de ingeniería civil u obra pesada,2479481173,Cifras Definitivas.
Estadística de Finanzas Públicas Estatales y Municipales. Anual,Ciudad de México,2017,09,Egresos,Concepto,Obra pública en bienes propios,425853876,Cifras Definitivas.
Estadística de Finanzas Públicas Estatales y Municipales. Anual,Ciudad de México,2017,09,Egresos,Partida Genérica,Edificación no habitacional,416353876,Cifras Definitivas.
Estadística de Finanzas Públicas Estatales y Municipales. Anual,Ciudad de México,2017,09,Egresos,Subpartida Genérica,Edificios públicos diversos,416353876,Cifras Definitivas.
Estadística de Finanzas Públicas Estatales y Municipales. Anual,Ciudad de México,2017,09,Egresos,Partida Genérica,"Construcción de obras para el abastecimiento de agua, petróleo, gas, electricidad y telecomunicaciones",9500000,Cifras Definitivas.
Estadística de Finanzas Públicas Estatales y Municipales. Anual,Ciudad de México,2017,09,Egresos,Concepto,Proyectos productivos y acciones de fomento,2011735154,Cifras Definitivas.
Estadística de Finanzas Públicas Estatales y Municipales. Anual,Ciudad de México,2017,09,Egresos,Partida Genérica,Diversos proyectos productivos y acciones de fomento,2011735154,Cifras Definitivas.
Estadística de Finanzas Públicas Estatales y Municipales. Anual,Ciudad de México,2017,09,Egresos,Capítulo,Inversiones financieras y otras provisiones,1529886127,Cifras Definitivas.
Estadística de Finanzas Públicas Estatales y Municipales. Anual,Ciudad de México,2017,09,Egresos,Concepto,Inversiones para el fomento de actividades productivas,93735844,Cifras Definitivas.
Estadística de Finanzas Públicas Estatales y Municipales. Anual,Ciudad de México,2017,09,Egresos,Partida Genérica,Diversos créditos,93735844,Cifras Definitivas.
Estadística de Finanzas Públicas Estatales y Municipales. Anual,Ciudad de México,2017,09,Egresos,Concepto,"Inversiones en fideicomisos, mandatos y otros análogos",1436150283,Cifras Definitivas.
Estadística de Finanzas Públicas Estatales y Municipales. Anual,Ciudad de México,2017,09,Egresos,Partida Genérica,Otras inversiones en fideicomisos,1436150283,Cifras Definitivas.
Estadística de Finanzas Públicas Estatales y Municipales. Anual,Ciudad de México,2017,09,Egresos,Capítulo,Recursos asignados a alcaldías de la Ciudad de México y sector paraestatal,74721676407,Cifras Definitivas.
Estadística de Finanzas Públicas Estatales y Municipales. Anual,Ciudad de México,2017,09,Egresos,Concepto,Alcaldías de la Ciudad de México,41093852022,Cifras Definitivas.
Estadística de Finanzas Públicas Estatales y Municipales. Anual,Ciudad de México,2017,09,Egresos,Partida Genérica,Azcapotzalco,1716269366,Cifras Definitivas.
Estadística de Finanzas Públicas Estatales y Municipales. Anual,Ciudad de México,2017,09,Egresos,Partida Genérica,Coyoacán,3145429909,Cifras Definitivas.
Estadística de Finanzas Públicas Estatales y Municipales. Anual,Ciudad de México,2017,09,Egresos,Partida Genérica,Cuajimalpa de Morelos,1602905599,Cifras Definitivas.
Estadística de Finanzas Públicas Estatales y Municipales. Anual,Ciudad de México,2017,09,Egresos,Partida Genérica,Gustavo A. Madero,4217060264,Cifras Definitivas.
Estadística de Finanzas Públicas Estatales y Municipales. Anual,Ciudad de México,2017,09,Egresos,Partida Genérica,Iztacalco,1828714106,Cifras Definitivas.
Estadística de Finanzas Públicas Estatales y Municipales. Anual,Ciudad de México,2017,09,Egresos,Partida Genérica,Iztapalapa,5090841529,Cifras Definitivas.
Estadística de Finanzas Públicas Estatales y Municipales. Anual,Ciudad de México,2017,09,Egresos,Partida Genérica,Magdalena Contreras,1675466095,Cifras Definitivas.
Estadística de Finanzas Públicas Estatales y Municipales. Anual,Ciudad de México,2017,09,Egresos,Partida Genérica,Milpa Alta,1309476600,Cifras Definitivas.
Estadística de Finanzas Públicas Estatales y Municipales. Anual,Ciudad de México,2017,09,Egresos,Partida Genérica,Álvaro Obregón,3077419076,Cifras Definitivas.
Estadística de Finanzas Públicas Estatales y Municipales. Anual,Ciudad de México,2017,09,Egresos,Partida Genérica,Tláhuac,1615074092,Cifras Definitivas.
Estadística de Finanzas Públicas Estatales y Municipales. Anual,Ciudad de México,2017,09,Egresos,Partida Genérica,Tlalpan,2445052212,Cifras Definitivas.
Estadística de Finanzas Públicas Estatales y Municipales. Anual,Ciudad de México,2017,09,Egresos,Partida Genérica,Xochimilco,1916770068,Cifras Definitivas.
Estadística de Finanzas Públicas Estatales y Municipales. Anual,Ciudad de México,2017,09,Egresos,Partida Genérica,Benito Juárez,2738051438,Cifras Definitivas.
Estadística de Finanzas Públicas Estatales y Municipales. Anual,Ciudad de México,2017,09,Egresos,Partida Genérica,Cuauhtémoc,3834813537,Cifras Definitivas.
Estadística de Finanzas Públicas Estatales y Municipales. Anual,Ciudad de México,2017,09,Egresos,Partida Genérica,Miguel Hidalgo,2114622029,Cifras Definitivas.
Estadística de Finanzas Públicas Estatales y Municipales. Anual,Ciudad de México,2017,09,Egresos,Partida Genérica,Venustiano Carranza,2765886102,Cifras Definitivas.
Estadística de Finanzas Públicas Estatales y Municipales. Anual,Ciudad de México,2017,09,Egresos,Concepto,Sector Paraestatal del Gobierno de la Ciudad de México,33627824385,Cifras Definitivas.
Estadística de Finanzas Públicas Estatales y Municipales. Anual,Ciudad de México,2017,09,Egresos,Partida Genérica,Heroico Cuerpo de Bomberos de la Ciudad de México,1111996686,Cifras Definitivas.
Estadística de Finanzas Públicas Estatales y Municipales. Anual,Ciudad de México,2017,09,Egresos,Partida Genérica,Instituto de Vivienda de la Ciudad de México,2657950072,Cifras Definitivas.
Estadística de Finanzas Públicas Estatales y Municipales. Anual,Ciudad de México,2017,09,Egresos,Partida Genérica,Fondo para el Desarrollo Social de la Ciudad de México,129934416,Cifras Definitivas.
Estadística de Finanzas Públicas Estatales y Municipales. Anual,Ciudad de México,2017,09,Egresos,Partida Genérica,Fideicomiso de Recuperación Crediticia de la Ciudad de México FIDERE III,26895056,Cifras Definitivas.
Estadística de Finanzas Públicas Estatales y Municipales. Anual,Ciudad de México,2017,09,Egresos,Partida Genérica,Fondo Mixto de Promoción Turística de la Ciudad de México,615662514,Cifras Definitivas.
Estadística de Finanzas Públicas Estatales y Municipales. Anual,Ciudad de México,2017,09,Egresos,Partida Genérica,Fondo Ambiental Público de la Ciudad de México,351500192,Cifras Definitivas.
Estadística de Finanzas Públicas Estatales y Municipales. Anual,Ciudad de México,2017,09,Egresos,Partida Genérica,Sistema para el Desarrollo Integral de la Familia,3266295147,Cifras Definitivas.
Estadística de Finanzas Públicas Estatales y Municipales. Anual,Ciudad de México,2017,09,Egresos,Partida Genérica,Instituto de Educación Media Superior de la Ciudad de México,915196737,Cifras Definitivas.
Estadística de Finanzas Públicas Estatales y Municipales. Anual,Ciudad de México,2017,09,Egresos,Partida Genérica,Instituto de la Juventud de la Ciudad de México,122852675,Cifras Definitivas.
Estadística de Finanzas Públicas Estatales y Municipales. Anual,Ciudad de México,2017,09,Egresos,Partida Genérica,Instituto de las Mujeres de la Ciudad de México,143804620,Cifras Definitivas.
Estadística de Finanzas Públicas Estatales y Municipales. Anual,Ciudad de México,2017,09,Egresos,Partida Genérica,Fideicomiso del Centro Histórico de la Ciudad de México,163314513,Cifras Definitivas.
Estadística de Finanzas Públicas Estatales y Municipales. Anual,Ciudad de México,2017,09,Egresos,Partida Genérica,Sistema de Transporte Colectivo (Metro),9641805172,Cifras Definitivas.
Estadística de Finanzas Públicas Estatales y Municipales. Anual,Ciudad de México,2017,09,Egresos,Partida Genérica,Servicio de Transportes Eléctricos de la Ciudad de México,1067486362,Cifras Definitivas.
Estadística de Finanzas Públicas Estatales y Municipales. Anual,Ciudad de México,2017,09,Egresos,Partida Genérica,Sistema de Movilidad 1,1397012669,Cifras Definitivas.
Estadística de Finanzas Públicas Estatales y Municipales. Anual,Ciudad de México,2017,09,Egresos,Partida Genérica,Fideicomiso para el Fondo de Promoción del Transporte Público,7400000,Cifras Definitivas.
Estadística de Finanzas Públicas Estatales y Municipales. Anual,Ciudad de México,2017,09,Egresos,Partida Genérica,Caja de Previsión de la Policía Auxiliar de la Ciudad de México,129707088,Cifras Definitivas.
Estadística de Finanzas Públicas Estatales y Municipales. Anual,Ciudad de México,2017,09,Egresos,Partida Genérica,Caja de Previsión para Trabajadores a Lista de Raya de la Ciudad de México,865113904,Cifras Definitivas.
Estadística de Finanzas Públicas Estatales y Municipales. Anual,Ciudad de México,2017,09,Egresos,Partida Genérica,Caja de Previsión de la Policía Preventiva de la Ciudad de México,1019986146,Cifras Definitivas.
Estadística de Finanzas Públicas Estatales y Municipales. Anual,Ciudad de México,2017,09,Egresos,Partida Genérica,Servicios de Salud Pública de la Ciudad de México,5695103422,Cifras Definitivas.
Estadística de Finanzas Públicas Estatales y Municipales. Anual,Ciudad de México,2017,09,Egresos,Partida Genérica,Procuraduría Social de la Ciudad de México,261649036,Cifras Definitivas.
Estadística de Finanzas Públicas Estatales y Municipales. Anual,Ciudad de México,2017,09,Egresos,Partida Genérica,Procuraduría Ambiental y del Ordenamiento Territorial de la Ciudad de México,109464169,Cifras Definitivas.
Estadística de Finanzas Públicas Estatales y Municipales. Anual,Ciudad de México,2017,09,Egresos,Partida Genérica,Fondo para la Atención y Apoyo a las Víctimas del Delito,2542096,Cifras Definitivas.
Estadística de Finanzas Públicas Estatales y Municipales. Anual,Ciudad de México,2017,09,Egresos,Partida Genérica,Metrobús,655927314,Cifras Definitivas.
Estadística de Finanzas Públicas Estatales y Municipales. Anual,Ciudad de México,2017,09,Egresos,Partida Genérica,Fideicomiso Museo de Arte Popular Mexicano,14742519,Cifras Definitivas.
Estadística de Finanzas Públicas Estatales y Municipales. Anual,Ciudad de México,2017,09,Egresos,Partida Genérica,Fideicomiso Museo del Estanquillo,14599780,Cifras Definitivas.
Estadística de Finanzas Públicas Estatales y Municipales. Anual,Ciudad de México,2017,09,Egresos,Partida Genérica,Fideicomiso Educación Garantizada,1948786948,Cifras Definitivas.
Estadística de Finanzas Públicas Estatales y Municipales. Anual,Ciudad de México,2017,09,Egresos,Partida Genérica,Consejo de Evaluación del Desarrollo Social de la Ciudad de México,21122337,Cifras Definitivas.
Estadística de Finanzas Públicas Estatales y Municipales. Anual,Ciudad de México,2017,09,Egresos,Partida Genérica,Instituto del Deporte de la Ciudad de México,189437851,Cifras Definitivas.
Estadística de Finanzas Públicas Estatales y Municipales. Anual,Ciudad de México,2017,09,Egresos,Partida Genérica,Fondo de Apoyo a la Procuración de Justicia,943640,Cifras Definitivas.
Estadística de Finanzas Públicas Estatales y Municipales. Anual,Ciudad de México,2017,09,Egresos,Partida Genérica,Instituto Local de la Infraestructura Física Educativa de la Ciudad de México,164049929,Cifras Definitivas.
Estadística de Finanzas Públicas Estatales y Municipales. Anual,Ciudad de México,2017,09,Egresos,Partida Genérica,Diversas Entidades Paraestatales de la Ciudad de México,915541375,Cifras Definitivas.
Estadística de Finanzas Públicas Estatales y Municipales. Anual,Ciudad de México,2017,09,Egresos,Capítulo,Deuda pública,8326148976,Cifras Definitivas.
Estadística de Finanzas Públicas Estatales y Municipales. Anual,Ciudad de México,2017,09,Egresos,Concepto,Amortización de la deuda pública,1838793349,Cifras Definitivas.
Estadística de Finanzas Públicas Estatales y Municipales. Anual,Ciudad de México,2017,09,Egresos,Partida Genérica,Amortización de la deuda interna con instituciones de crédito,1838793349,Cifras Definitivas.
Estadística de Finanzas Públicas Estatales y Municipales. Anual,Ciudad de México,2017,09,Egresos,Concepto,Intereses de la deuda pública,5727358397,Cifras Definitivas.
Estadística de Finanzas Públicas Estatales y Municipales. Anual,Ciudad de México,2017,09,Egresos,Partida Genérica,Intereses de la deuda interna con instituciones de crédito,4614188653,Cifras Definitivas.
Estadística de Finanzas Públicas Estatales y Municipales. Anual,Ciudad de México,2017,09,Egresos,Partida Genérica,Intereses derivados de la colocación de títulos y valores,1113169744,Cifras Definitivas.
Estadística de Finanzas Públicas Estatales y Municipales. Anual,Ciudad de México,2017,09,Egresos,Concepto,Adeudos de ejercicios fiscales anteriores (ADEFAS),759997230,Cifras Definitivas.
Estadística de Finanzas Públicas Estatales y Municipales. Anual,Ciudad de México,2017,09,Egresos,Partida Genérica,ADEFAS,759997230,Cifras Definitivas.
Estadística de Finanzas Públicas Estatales y Municipales. Anual,Ciudad de México,2017,09,Egresos,Capítulo,Disponibilidad final,5468681540,Cifras Definitivas.
Estadística de Finanzas Públicas Estatales y Municipales. Anual,Ciudad de México,2017,09,Ingresos,Tema,Total de ingresos,218651533100,Cifras Definitivas.
Estadística de Finanzas Públicas Estatales y Municipales. Anual,Ciudad de México,2017,09,Ingresos,Capítulo,Impuestos,54034313000,Cifras Definitivas.
Estadística de Finanzas Públicas Estatales y Municipales. Anual,Ciudad de México,2017,09,Ingresos,Concepto,Impuesto sobre los Ingresos,22756714000,Cifras Definitivas.
Estadística de Finanzas Públicas Estatales y Municipales. Anual,Ciudad de México,2017,09,Ingresos,Partida Genérica,Impuesto sobre nómina,22756714000,Cifras Definitivas.
Estadística de Finanzas Públicas Estatales y Municipales. Anual,Ciudad de México,2017,09,Ingresos,Concepto,Impuestos sobre el Patrimonio,29633099000,Cifras Definitivas.
Estadística de Finanzas Públicas Estatales y Municipales. Anual,Ciudad de México,2017,09,Ingresos,Partida Genérica,Impuesto predial,15545380000,Cifras Definitivas.
Estadística de Finanzas Públicas Estatales y Municipales. Anual,Ciudad de México,2017,09,Ingresos,Partida Genérica,Impuesto sobre tenencia o uso de vehículos,5491827000,Cifras Definitivas.
Estadística de Finanzas Públicas Estatales y Municipales. Anual,Ciudad de México,2017,09,Ingresos,Partida Genérica,Adquisición de bienes inmuebles,8595892000,Cifras Definitivas.
Estadística de Finanzas Públicas Estatales y Municipales. Anual,Ciudad de México,2017,09,Ingresos,Concepto,"Impuesto sobre la producción, el consumo y las transacciones",1622784000,Cifras Definitivas.
Estadística de Finanzas Públicas Estatales y Municipales. Anual,Ciudad de México,2017,09,Ingresos,Partida Genérica,Impuesto sobre hospedaje,441723000,Cifras Definitivas.
Estadística de Finanzas Públicas Estatales y Municipales. Anual,Ciudad de México,2017,09,Ingresos,Partida Genérica,Diversiones y espectáculos públicos,633362000,Cifras Definitivas.
Estadística de Finanzas Públicas Estatales y Municipales. Anual,Ciudad de México,2017,09,Ingresos,Partida Genérica,"Loterías, rifas, sorteos y juegos permitidos",547699000,Cifras Definitivas.
Estadística de Finanzas Públicas Estatales y Municipales. Anual,Ciudad de México,2017,09,Ingresos,Concepto,Accesorios,21716000,Cifras Definitivas.
Estadística de Finanzas Públicas Estatales y Municipales. Anual,Ciudad de México,2017,09,Ingresos,Capítulo,Derechos,23556554000,Cifras Definitivas.
Estadística de Finanzas Públicas Estatales y Municipales. Anual,Ciudad de México,2017,09,Ingresos,Concepto,"Derechos por el uso, goce, aprovechamiento o explotación de bienes de dominio público",13280612000,Cifras Definitivas.
Estadística de Finanzas Públicas Estatales y Municipales. Anual,Ciudad de México,2017,09,Ingresos,Partida Genérica,Registros,1634849000,Cifras Definitivas.
Estadística de Finanzas Públicas Estatales y Municipales. Anual,Ciudad de México,2017,09,Ingresos,Subpartida Genérica,Registro civil,213523000,Cifras Definitivas.
Estadística de Finanzas Públicas Estatales y Municipales. Anual,Ciudad de México,2017,09,Ingresos,Subpartida Genérica,Registro público de la propiedad y del comercio,1421326000,Cifras Definitivas.
Estadística de Finanzas Públicas Estatales y Municipales. Anual,Ciudad de México,2017,09,Ingresos,Partida Genérica,Certificaciones y constancias,4075000,Cifras Definitivas.
Estadística de Finanzas Públicas Estatales y Municipales. Anual,Ciudad de México,2017,09,Ingresos,Subpartida Genérica,Ecología e impacto ambiental,4075000,Cifras Definitivas.
Estadística de Finanzas Públicas Estatales y Municipales. Anual,Ciudad de México,2017,09,Ingresos,Partida Genérica,Licencias y permisos,747237000,Cifras Definitivas.
Estadística de Finanzas Públicas Estatales y Municipales. Anual,Ciudad de México,2017,09,Ingresos,Subpartida Genérica,Licencias y permisos diversos,747237000,Cifras Definitivas.
Estadística de Finanzas Públicas Estatales y Municipales. Anual,Ciudad de México,2017,09,Ingresos,Partida Genérica,Servicios de vialidad y transporte,3217913000,Cifras Definitivas.
Estadística de Finanzas Públicas Estatales y Municipales. Anual,Ciudad de México,2017,09,Ingresos,Subpartida Genérica,Servicios de grúa y almacenaje de vehículos,323662000,Cifras Definitivas.
Estadística de Finanzas Públicas Estatales y Municipales. Anual,Ciudad de México,2017,09,Ingresos,Subpartida Genérica,Control vehicular,2894251000,Cifras Definitivas.
Estadística de Finanzas Públicas Estatales y Municipales. Anual,Ciudad de México,2017,09,Ingresos,Partida Genérica,Uso y suministro de agua potable,7404926000,Cifras Definitivas.
Estadística de Finanzas Públicas Estatales y Municipales. Anual,Ciudad de México,2017,09,Ingresos,Partida Genérica,Servicios de desarrollo urbano y obras públicas,271612000,Cifras Definitivas.
Estadística de Finanzas Públicas Estatales y Municipales. Anual,Ciudad de México,2017,09,Ingresos,Subpartida Genérica,Urbanización,191580000,Cifras Definitivas.
Estadística de Finanzas Públicas Estatales y Municipales. Anual,Ciudad de México,2017,09,Ingresos,Subpartida Genérica,Por servicios de fraccionamiento,80032000,Cifras Definitivas.
Estadística de Finanzas Públicas Estatales y Municipales. Anual,Ciudad de México,2017,09,Ingresos,Concepto,Derechos por prestación de servicios,9933043000,Cifras Definitivas.
Estadística de Finanzas Públicas Estatales y Municipales. Anual,Ciudad de México,2017,09,Ingresos,Partida Genérica,Estacionamientos,83268000,Cifras Definitivas.
Estadística de Finanzas Públicas Estatales y Municipales. Anual,Ciudad de México,2017,09,Ingresos,Partida Genérica,Seguridad pública,9819140000,Cifras Definitivas.
Estadística de Finanzas Públicas Estatales y Municipales. Anual,Ciudad de México,2017,09,Ingresos,Partida Genérica,Servicios de limpia y recolección de basura,19614000,Cifras Definitivas.
Estadística de Finanzas Públicas Estatales y Municipales. Anual,Ciudad de México,2017,09,Ingresos,Partida Genérica,Diversos derechos por prestación de servicios,11021000,Cifras Definitivas.
Estadística de Finanzas Públicas Estatales y Municipales. Anual,Ciudad de México,2017,09,Ingresos,Concepto,Otros Derechos,342899000,Cifras Definitivas.
Estadística de Finanzas Públicas Estatales y Municipales. Anual,Ciudad de México,2017,09,Ingresos,Capítulo,Productos,3759562900,Cifras Definitivas.
Estadística de Finanzas Públicas Estatales y Municipales. Anual,Ciudad de México,2017,09,Ingresos,Concepto,Productos de tipo corriente,3533073000,Cifras Definitivas.
Estadística de Finanzas Públicas Estatales y Municipales. Anual,Ciudad de México,2017,09,Ingresos,Partida Genérica,Intereses,2659526000,Cifras Definitivas.
Estadística de Finanzas Públicas Estatales y Municipales. Anual,Ciudad de México,2017,09,Ingresos,Partida Genérica,Establecimientos y empresas,873547000,Cifras Definitivas.
Estadística de Finanzas Públicas Estatales y Municipales. Anual,Ciudad de México,2017,09,Ingresos,Subpartida Genérica,Talleres gráficos,350530300,Cifras Definitivas.
Estadística de Finanzas Públicas Estatales y Municipales. Anual,Ciudad de México,2017,09,Ingresos,Subpartida Genérica,Establecimientos diversos,523016700,Cifras Definitivas.
Estadística de Finanzas Públicas Estatales y Municipales. Anual,Ciudad de México,2017,09,Ingresos,Concepto,Productos de tipo capital,221205100,Cifras Definitivas.
Estadística de Finanzas Públicas Estatales y Municipales. Anual,Ciudad de México,2017,09,Ingresos,Partida Genérica,Enajenación o venta de bienes,221205100,Cifras Definitivas.
Estadística de Finanzas Públicas Estatales y Municipales. Anual,Ciudad de México,2017,09,Ingresos,Subpartida Genérica,Bienes muebles e inmuebles,60011000,Cifras Definitivas.
Estadística de Finanzas Públicas Estatales y Municipales. Anual,Ciudad de México,2017,09,Ingresos,Subpartida Genérica,Bienes inmuebles,161194100,Cifras Definitivas.
Estadística de Finanzas Públicas Estatales y Municipales. Anual,Ciudad de México,2017,09,Ingresos,Concepto,Otros productos,5284800,Cifras Definitivas.
Estadística de Finanzas Públicas Estatales y Municipales. Anual,Ciudad de México,2017,09,Ingresos,Capítulo,Aprovechamientos,6783915500,Cifras Definitivas.
Estadística de Finanzas Públicas Estatales y Municipales. Anual,Ciudad de México,2017,09,Ingresos,Concepto,Aprovechamientos de tipo corriente,2456421600,Cifras Definitivas.
Estadística de Finanzas Públicas Estatales y Municipales. Anual,Ciudad de México,2017,09,Ingresos,Partida Genérica,Multas,2182620900,Cifras Definitivas.
Estadística de Finanzas Públicas Estatales y Municipales. Anual,Ciudad de México,2017,09,Ingresos,Partida Genérica,Fianzas y depósitos,28307900,Cifras Definitivas.
Estadística de Finanzas Públicas Estatales y Municipales. Anual,Ciudad de México,2017,09,Ingresos,Partida Genérica,Donaciones y aprovechamientos a favor del estado,201217300,Cifras Definitivas.
Estadística de Finanzas Públicas Estatales y Municipales. Anual,Ciudad de México,2017,09,Ingresos,Partida Genérica,Indemnizaciones a favor del estado,44275500,Cifras Definitivas.
Estadística de Finanzas Públicas Estatales y Municipales. Anual,Ciudad de México,2017,09,Ingresos,Concepto,Aprovechamientos de tipo capital,536292200,Cifras Definitivas.
Estadística de Finanzas Públicas Estatales y Municipales. Anual,Ciudad de México,2017,09,Ingresos,Partida Genérica,Concesiones para la explotación de bienes patrimoniales,536292200,Cifras Definitivas.
Estadística de Finanzas Públicas Estatales y Municipales. Anual,Ciudad de México,2017,09,Ingresos,Concepto,Otros aprovechamientos,3791201700,Cifras Definitivas.
Estadística de Finanzas Públicas Estatales y Municipales. Anual,Ciudad de México,2017,09,Ingresos,Capítulo,Participaciones federales,87712155600,Cifras Definitivas.
Estadística de Finanzas Públicas Estatales y Municipales. Anual,Ciudad de México,2017,09,Ingresos,Concepto,Fondos participables,76220548000,Cifras Definitivas.
Estadística de Finanzas Públicas Estatales y Municipales. Anual,Ciudad de México,2017,09,Ingresos,Partida Genérica,Fondo General de Participaciones,60801301000,Cifras Definitivas.
Estadística de Finanzas Públicas Estatales y Municipales. Anual,Ciudad de México,2017,09,Ingresos,Partida Genérica,Fondo de Fomento Municipal,3546749000,Cifras Definitivas.
Estadística de Finanzas Públicas Estatales y Municipales. Anual,Ciudad de México,2017,09,Ingresos,Partida Genérica,Fondo de Fiscalización,3278209000,Cifras Definitivas.
Estadística de Finanzas Públicas Estatales y Municipales. Anual,Ciudad de México,2017,09,Ingresos,Partida Genérica,Fondo del Impuesto Sobre la Renta,8594289000,Cifras Definitivas.
Estadística de Finanzas Públicas Estatales y Municipales. Anual,Ciudad de México,2017,09,Ingresos,Concepto,Impuestos participables,6475218000,Cifras Definitivas.
Estadística de Finanzas Públicas Estatales y Municipales. Anual,Ciudad de México,2017,09,Ingresos,Partida Genérica,Impuesto sobre Tenencia o Uso de Vehículos,2736600,Cifras Definitivas.
Estadística de Finanzas Públicas Estatales y Municipales. Anual,Ciudad de México,2017,09,Ingresos,Partida Genérica,Impuesto sobre Automóviles Nuevos,2518896400,Cifras Definitivas.
Estadística de Finanzas Públicas Estatales y Municipales. Anual,Ciudad de México,2017,09,Ingresos,Partida Genérica,Impuesto Especial sobre Producción y Servicios,2618026000,Cifras Definitivas.
Estadística de Finanzas Públicas Estatales y Municipales. Anual,Ciudad de México,2017,09,Ingresos,Partida Genérica,IEPS Gasolinas,1335559000,Cifras Definitivas.
Estadística de Finanzas Públicas Estatales y Municipales. Anual,Ciudad de México,2017,09,Ingresos,Concepto,Otras participaciones,5016389600,Cifras Definitivas.
Estadística de Finanzas Públicas Estatales y Municipales. Anual,Ciudad de México,2017,09,Ingresos,Partida Genérica,Multas administrativas federales no fiscales,31166700,Cifras Definitivas.
Estadística de Finanzas Públicas Estatales y Municipales. Anual,Ciudad de México,2017,09,Ingresos,Partida Genérica,Incentivos por administración de impuestos,4849905700,Cifras Definitivas.
Estadística de Finanzas Públicas Estatales y Municipales. Anual,Ciudad de México,2017,09,Ingresos,Partida Genérica,Participaciones diversas,135317200,Cifras Definitivas.
Estadística de Finanzas Públicas Estatales y Municipales. Anual,Ciudad de México,2017,09,Ingresos,Capítulo,Aportaciones federales,29126764900,Cifras Definitivas.
Estadística de Finanzas Públicas Estatales y Municipales. Anual,Ciudad de México,2017,09,Ingresos,Concepto,Aportaciones del ramo general 33,13967002010,Cifras Definitivas.
Estadística de Finanzas Públicas Estatales y Municipales. Anual,Ciudad de México,2017,09,Ingresos,Partida Genérica,Aportaciones a entidades federativas,7507774033,Cifras Definitivas.
Estadística de Finanzas Públicas Estatales y Municipales. Anual,Ciudad de México,2017,09,Ingresos,Subpartida Genérica,FA para los Servicios de Salud,4166993000,Cifras Definitivas.
Estadística de Finanzas Públicas Estatales y Municipales. Anual,Ciudad de México,2017,09,Ingresos,Subpartida Genérica,FA para Infraestructura Social Estatal,111944033,Cifras Definitivas.
Estadística de Finanzas Públicas Estatales y Municipales. Anual,Ciudad de México,2017,09,Ingresos,Subpartida Genérica,FA Múltiples,741791000,Cifras Definitivas.
Estadística de Finanzas Públicas Estatales y Municipales. Anual,Ciudad de México,2017,09,Ingresos,Subpartida Genérica,FA para la Seguridad Pública,468838000,Cifras Definitivas.
Estadística de Finanzas Públicas Estatales y Municipales. Anual,Ciudad de México,2017,09,Ingresos,Subpartida Genérica,FA para el Fortalecimiento de los Municipios y las Demarcaciones Territoriales de la Ciudad de México,2018208000,Cifras Definitivas.
Estadística de Finanzas Públicas Estatales y Municipales. Anual,Ciudad de México,2017,09,Ingresos,Partida Genérica,Aportaciones a municipios,6459227977,Cifras Definitivas.
Estadística de Finanzas Públicas Estatales y Municipales. Anual,Ciudad de México,2017,09,Ingresos,Subpartida Genérica,FA para la Infraestructura Social Municipal,811575977,Cifras Definitivas.
Estadística de Finanzas Públicas Estatales y Municipales. Anual,Ciudad de México,2017,09,Ingresos,Subpartida Genérica,FA para el Fortalecimiento de los Municipios,5647652000,Cifras Definitivas.
Estadística de Finanzas Públicas Estatales y Municipales. Anual,Ciudad de México,2017,09,Ingresos,Concepto,Recursos federales reasignados,15159762890,Cifras Definitivas.
Estadística de Finanzas Públicas Estatales y Municipales. Anual,Ciudad de México,2017,09,Ingresos,Partida Genérica,Convenios para obras públicas,209000,Cifras Definitivas.
Estadística de Finanzas Públicas Estatales y Municipales. Anual,Ciudad de México,2017,09,Ingresos,Subpartida Genérica,Fondo para la estabilización de los ingresos,209000,Cifras Definitivas.
Estadística de Finanzas Públicas Estatales y Municipales. Anual,Ciudad de México,2017,09,Ingresos,Partida Genérica,Recursos federales diversos,15159553890,Cifras Definitivas.
Estadística de Finanzas Públicas Estatales y Municipales. Anual,Ciudad de México,2017,09,Ingresos,Subpartida Genérica,Protección civil y prevención de desastres naturales,265431200,Cifras Definitivas.
Estadística de Finanzas Públicas Estatales y Municipales. Anual,Ciudad de México,2017,09,Ingresos,Subpartida Genérica,Otros recursos federales,14894122690,Cifras Definitivas.
Estadística de Finanzas Públicas Estatales y Municipales. Anual,Ciudad de México,2017,09,Ingresos,Capítulo,Otros ingresos,9638200200,Cifras Definitivas.
Estadística de Finanzas Públicas Estatales y Municipales. Anual,Ciudad de México,2017,09,Ingresos,Concepto,Otros ingresos extraordinarios,9638200200,Cifras Definitivas.
Estadística de Finanzas Públicas Estatales y Municipales. Anual,Ciudad de México,2017,09,Ingresos,Capítulo,Financiamiento,4040067000,Cifras Definitivas.
Estadística de Finanzas Públicas Estatales y Municipales. Anual,Ciudad de México,2017,09,Ingresos,Concepto,Empréstitos,4040067000,Cifras Definitivas.
Estadística de Finanzas Públicas Estatales y Municipales. Anual,Ciudad de México,2017,09,Ingresos,Partida Genérica,Empréstitos diversos,4040067000,Cifras Definitivas.
