﻿PROD_EST,COBERTURA,ANIO,ID_ENTIDAD,TEMA,CATEGORIA,DESCRIPCION_CATEGORIA,VALOR,ESTATUS
Estadística de Finanzas Públicas Estatales y Municipales. Anual,Ciudad de México,2013,09,Egresos,Tema,Total de egresos,157266571400,Cifras Definitivas.
Estadística de Finanzas Públicas Estatales y Municipales. Anual,Ciudad de México,2013,09,Egresos,Capítulo,Servicios personales,29790961425,Cifras Definitivas.
Estadística de Finanzas Públicas Estatales y Municipales. Anual,Ciudad de México,2013,09,Egresos,Concepto,Remuneraciones al personal,10583084171,Cifras Definitivas.
Estadística de Finanzas Públicas Estatales y Municipales. Anual,Ciudad de México,2013,09,Egresos,Partida Genérica,Jefatura de Gobierno,42631492,Cifras Definitivas.
Estadística de Finanzas Públicas Estatales y Municipales. Anual,Ciudad de México,2013,09,Egresos,Partida Genérica,Secretaría de Gobierno,863692273,Cifras Definitivas.
Estadística de Finanzas Públicas Estatales y Municipales. Anual,Ciudad de México,2013,09,Egresos,Partida Genérica,Secretaría de Finanzas,480228590,Cifras Definitivas.
Estadística de Finanzas Públicas Estatales y Municipales. Anual,Ciudad de México,2013,09,Egresos,Partida Genérica,Secretaría de Educación,184366333,Cifras Definitivas.
Estadística de Finanzas Públicas Estatales y Municipales. Anual,Ciudad de México,2013,09,Egresos,Partida Genérica,Secretaría de Salud,2725211346,Cifras Definitivas.
Estadística de Finanzas Públicas Estatales y Municipales. Anual,Ciudad de México,2013,09,Egresos,Partida Genérica,Secretaría de Obras Públicas y Servicios,467930618,Cifras Definitivas.
Estadística de Finanzas Públicas Estatales y Municipales. Anual,Ciudad de México,2013,09,Egresos,Partida Genérica,Secretaría de Desarrollo Económico,56408113,Cifras Definitivas.
Estadística de Finanzas Públicas Estatales y Municipales. Anual,Ciudad de México,2013,09,Egresos,Partida Genérica,Secretaría de Turismo,15433596,Cifras Definitivas.
Estadística de Finanzas Públicas Estatales y Municipales. Anual,Ciudad de México,2013,09,Egresos,Partida Genérica,Secretaría del Medio Ambiente,344272722,Cifras Definitivas.
Estadística de Finanzas Públicas Estatales y Municipales. Anual,Ciudad de México,2013,09,Egresos,Partida Genérica,Secretaría de Desarrollo Social,412533864,Cifras Definitivas.
Estadística de Finanzas Públicas Estatales y Municipales. Anual,Ciudad de México,2013,09,Egresos,Partida Genérica,Secretaría de Desarrollo Rural y Equidad para las Comunidades,17563112,Cifras Definitivas.
Estadística de Finanzas Públicas Estatales y Municipales. Anual,Ciudad de México,2013,09,Egresos,Partida Genérica,Secretaría del Trabajo y Previsión Social,81432135,Cifras Definitivas.
Estadística de Finanzas Públicas Estatales y Municipales. Anual,Ciudad de México,2013,09,Egresos,Partida Genérica,Secretaría de Seguridad Pública,2945768341,Cifras Definitivas.
Estadística de Finanzas Públicas Estatales y Municipales. Anual,Ciudad de México,2013,09,Egresos,Partida Genérica,Procuraduría General de Justicia,1078790701,Cifras Definitivas.
Estadística de Finanzas Públicas Estatales y Municipales. Anual,Ciudad de México,2013,09,Egresos,Partida Genérica,Contraloría General,91729917,Cifras Definitivas.
Estadística de Finanzas Públicas Estatales y Municipales. Anual,Ciudad de México,2013,09,Egresos,Partida Genérica,Oficialía Mayor,239613823,Cifras Definitivas.
Estadística de Finanzas Públicas Estatales y Municipales. Anual,Ciudad de México,2013,09,Egresos,Partida Genérica,Dependencias diversas,535477195,Cifras Definitivas.
Estadística de Finanzas Públicas Estatales y Municipales. Anual,Ciudad de México,2013,09,Egresos,Concepto,Remuneraciones adicionales y especiales,8448103383,Cifras Definitivas.
Estadística de Finanzas Públicas Estatales y Municipales. Anual,Ciudad de México,2013,09,Egresos,Partida Genérica,Primas por años de servicios efectivos prestados,146886887,Cifras Definitivas.
Estadística de Finanzas Públicas Estatales y Municipales. Anual,Ciudad de México,2013,09,Egresos,Partida Genérica,"Primas de vacaciones, dominical y gratificación de fin de año",2256315849,Cifras Definitivas.
Estadística de Finanzas Públicas Estatales y Municipales. Anual,Ciudad de México,2013,09,Egresos,Partida Genérica,Horas extraordinarias,181652373,Cifras Definitivas.
Estadística de Finanzas Públicas Estatales y Municipales. Anual,Ciudad de México,2013,09,Egresos,Partida Genérica,Compensaciones,5845957263,Cifras Definitivas.
Estadística de Finanzas Públicas Estatales y Municipales. Anual,Ciudad de México,2013,09,Egresos,Partida Genérica,Otras remuneraciones adicionales y especiales,17291011,Cifras Definitivas.
Estadística de Finanzas Públicas Estatales y Municipales. Anual,Ciudad de México,2013,09,Egresos,Concepto,Seguridad social,2238725995,Cifras Definitivas.
Estadística de Finanzas Públicas Estatales y Municipales. Anual,Ciudad de México,2013,09,Egresos,Partida Genérica,Aportaciones a fondos de vivienda,577259139,Cifras Definitivas.
Estadística de Finanzas Públicas Estatales y Municipales. Anual,Ciudad de México,2013,09,Egresos,Partida Genérica,Aportaciones para seguros,290972037,Cifras Definitivas.
Estadística de Finanzas Públicas Estatales y Municipales. Anual,Ciudad de México,2013,09,Egresos,Partida Genérica,Otras cuotas de seguridad social y seguros,1370494819,Cifras Definitivas.
Estadística de Finanzas Públicas Estatales y Municipales. Anual,Ciudad de México,2013,09,Egresos,Concepto,Otras prestaciones sociales y económicas,8253307684,Cifras Definitivas.
Estadística de Finanzas Públicas Estatales y Municipales. Anual,Ciudad de México,2013,09,Egresos,Partida Genérica,Cuotas para el fondo de ahorro y fondo de trabajo,547714772,Cifras Definitivas.
Estadística de Finanzas Públicas Estatales y Municipales. Anual,Ciudad de México,2013,09,Egresos,Partida Genérica,Indemnizaciones,378024791,Cifras Definitivas.
Estadística de Finanzas Públicas Estatales y Municipales. Anual,Ciudad de México,2013,09,Egresos,Partida Genérica,Prestaciones y haberes de retiro,474621091,Cifras Definitivas.
Estadística de Finanzas Públicas Estatales y Municipales. Anual,Ciudad de México,2013,09,Egresos,Partida Genérica,Apoyos a la capacitación de los servidores públicos,302579099,Cifras Definitivas.
Estadística de Finanzas Públicas Estatales y Municipales. Anual,Ciudad de México,2013,09,Egresos,Partida Genérica,Otras prestaciones sociales y económicas,6550367931,Cifras Definitivas.
Estadística de Finanzas Públicas Estatales y Municipales. Anual,Ciudad de México,2013,09,Egresos,Concepto,Pago de estímulos a servidores públicos,267740192,Cifras Definitivas.
Estadística de Finanzas Públicas Estatales y Municipales. Anual,Ciudad de México,2013,09,Egresos,Partida Genérica,Estímulos,267740192,Cifras Definitivas.
Estadística de Finanzas Públicas Estatales y Municipales. Anual,Ciudad de México,2013,09,Egresos,Capítulo,Materiales y suministros,3860027130,Cifras Definitivas.
Estadística de Finanzas Públicas Estatales y Municipales. Anual,Ciudad de México,2013,09,Egresos,Concepto,"Materiales de administración, emisión de documentos y artículos oficiales",232509105,Cifras Definitivas.
Estadística de Finanzas Públicas Estatales y Municipales. Anual,Ciudad de México,2013,09,Egresos,Partida Genérica,"Materiales, útiles y equipos menores de oficina",116714634,Cifras Definitivas.
Estadística de Finanzas Públicas Estatales y Municipales. Anual,Ciudad de México,2013,09,Egresos,Partida Genérica,Materiales y útiles de impresión y reproducción,3042717,Cifras Definitivas.
Estadística de Finanzas Públicas Estatales y Municipales. Anual,Ciudad de México,2013,09,Egresos,Partida Genérica,Material estadístico y geográfico,13493,Cifras Definitivas.
Estadística de Finanzas Públicas Estatales y Municipales. Anual,Ciudad de México,2013,09,Egresos,Partida Genérica,"Materiales, útiles y equipos menores de tecnologías de la información y comunicaciones",70169614,Cifras Definitivas.
Estadística de Finanzas Públicas Estatales y Municipales. Anual,Ciudad de México,2013,09,Egresos,Partida Genérica,Material impreso e información digital,13209121,Cifras Definitivas.
Estadística de Finanzas Públicas Estatales y Municipales. Anual,Ciudad de México,2013,09,Egresos,Partida Genérica,Material de limpieza,23115866,Cifras Definitivas.
Estadística de Finanzas Públicas Estatales y Municipales. Anual,Ciudad de México,2013,09,Egresos,Partida Genérica,Materiales y útiles de enseñanza,6243660,Cifras Definitivas.
Estadística de Finanzas Públicas Estatales y Municipales. Anual,Ciudad de México,2013,09,Egresos,Concepto,Alimentos y utensilios,1119998125,Cifras Definitivas.
Estadística de Finanzas Públicas Estatales y Municipales. Anual,Ciudad de México,2013,09,Egresos,Partida Genérica,Productos alimenticios para personas,1065717263,Cifras Definitivas.
Estadística de Finanzas Públicas Estatales y Municipales. Anual,Ciudad de México,2013,09,Egresos,Partida Genérica,Productos alimenticios para animales,51034359,Cifras Definitivas.
Estadística de Finanzas Públicas Estatales y Municipales. Anual,Ciudad de México,2013,09,Egresos,Partida Genérica,Utensilios para el servicio de alimentación,3246503,Cifras Definitivas.
Estadística de Finanzas Públicas Estatales y Municipales. Anual,Ciudad de México,2013,09,Egresos,Concepto,"Herramientas, refacciones y accesorios menores",71593104,Cifras Definitivas.
Estadística de Finanzas Públicas Estatales y Municipales. Anual,Ciudad de México,2013,09,Egresos,Partida Genérica,Herramientas menores,8760159,Cifras Definitivas.
Estadística de Finanzas Públicas Estatales y Municipales. Anual,Ciudad de México,2013,09,Egresos,Partida Genérica,Refacciones y accesorios menores de edificios,2776690,Cifras Definitivas.
Estadística de Finanzas Públicas Estatales y Municipales. Anual,Ciudad de México,2013,09,Egresos,Partida Genérica,"Refacciones y accesorios menores de mobiliario y equipo de administración, educacional y recreativo",2539009,Cifras Definitivas.
Estadística de Finanzas Públicas Estatales y Municipales. Anual,Ciudad de México,2013,09,Egresos,Partida Genérica,Refacciones y accesorios menores de equipo de cómputo y tecnologías de la información,11590959,Cifras Definitivas.
Estadística de Finanzas Públicas Estatales y Municipales. Anual,Ciudad de México,2013,09,Egresos,Partida Genérica,Refacciones y accesorios menores de equipo e instrumental médico y de laboratorio,2126116,Cifras Definitivas.
Estadística de Finanzas Públicas Estatales y Municipales. Anual,Ciudad de México,2013,09,Egresos,Partida Genérica,Refacciones y accesorios menores de equipo de transporte,39673115,Cifras Definitivas.
Estadística de Finanzas Públicas Estatales y Municipales. Anual,Ciudad de México,2013,09,Egresos,Partida Genérica,Refacciones y accesorios menores de maquinaria y otros equipos,3914663,Cifras Definitivas.
Estadística de Finanzas Públicas Estatales y Municipales. Anual,Ciudad de México,2013,09,Egresos,Partida Genérica,Refacciones y accesorios menores otros bienes muebles,212393,Cifras Definitivas.
Estadística de Finanzas Públicas Estatales y Municipales. Anual,Ciudad de México,2013,09,Egresos,Concepto,Materiales y artículos de construcción y de reparación,375489603,Cifras Definitivas.
Estadística de Finanzas Públicas Estatales y Municipales. Anual,Ciudad de México,2013,09,Egresos,Partida Genérica,Productos minerales no metálicos,4550044,Cifras Definitivas.
Estadística de Finanzas Públicas Estatales y Municipales. Anual,Ciudad de México,2013,09,Egresos,Partida Genérica,Cemento y productos de concreto,1675511,Cifras Definitivas.
Estadística de Finanzas Públicas Estatales y Municipales. Anual,Ciudad de México,2013,09,Egresos,Partida Genérica,"Cal, yeso y productos de yeso",2846594,Cifras Definitivas.
Estadística de Finanzas Públicas Estatales y Municipales. Anual,Ciudad de México,2013,09,Egresos,Partida Genérica,Madera y productos de madera,2789548,Cifras Definitivas.
Estadística de Finanzas Públicas Estatales y Municipales. Anual,Ciudad de México,2013,09,Egresos,Partida Genérica,Vidrio y productos de vidrio,439642,Cifras Definitivas.
Estadística de Finanzas Públicas Estatales y Municipales. Anual,Ciudad de México,2013,09,Egresos,Partida Genérica,Material eléctrico y electrónico,29860304,Cifras Definitivas.
Estadística de Finanzas Públicas Estatales y Municipales. Anual,Ciudad de México,2013,09,Egresos,Partida Genérica,Artículos metálicos para la construcción,12761870,Cifras Definitivas.
Estadística de Finanzas Públicas Estatales y Municipales. Anual,Ciudad de México,2013,09,Egresos,Partida Genérica,Materiales complementarios,59489497,Cifras Definitivas.
Estadística de Finanzas Públicas Estatales y Municipales. Anual,Ciudad de México,2013,09,Egresos,Partida Genérica,Otros materiales y artículos de construcción y reparación,261076593,Cifras Definitivas.
Estadística de Finanzas Públicas Estatales y Municipales. Anual,Ciudad de México,2013,09,Egresos,Concepto,"Productos químicos, farmacéuticos, laboratorio y materias primas de producción y comercialización",972073116,Cifras Definitivas.
Estadística de Finanzas Públicas Estatales y Municipales. Anual,Ciudad de México,2013,09,Egresos,Partida Genérica,"Productos químicos, farmacéuticos y de laboratorio",963351910,Cifras Definitivas.
Estadística de Finanzas Públicas Estatales y Municipales. Anual,Ciudad de México,2013,09,Egresos,Subpartida Genérica,Productos químicos básicos,44480961,Cifras Definitivas.
Estadística de Finanzas Públicas Estatales y Municipales. Anual,Ciudad de México,2013,09,Egresos,Subpartida Genérica,"Fertilizantes, pesticidas y otros agroquímicos",1578148,Cifras Definitivas.
Estadística de Finanzas Públicas Estatales y Municipales. Anual,Ciudad de México,2013,09,Egresos,Subpartida Genérica,Medicinas y productos farmacéuticos,504919892,Cifras Definitivas.
Estadística de Finanzas Públicas Estatales y Municipales. Anual,Ciudad de México,2013,09,Egresos,Subpartida Genérica,"Materiales, accesorios y suministros médicos",369616987,Cifras Definitivas.
Estadística de Finanzas Públicas Estatales y Municipales. Anual,Ciudad de México,2013,09,Egresos,Subpartida Genérica,"Materiales, accesorios y suministros de laboratorio",37349232,Cifras Definitivas.
Estadística de Finanzas Públicas Estatales y Municipales. Anual,Ciudad de México,2013,09,Egresos,Subpartida Genérica,"Fibras sintéticas, hules, plásticos y derivados",5406690,Cifras Definitivas.
Estadística de Finanzas Públicas Estatales y Municipales. Anual,Ciudad de México,2013,09,Egresos,Partida Genérica,Materias primas y materiales de producción y comercialización,3839763,Cifras Definitivas.
Estadística de Finanzas Públicas Estatales y Municipales. Anual,Ciudad de México,2013,09,Egresos,Subpartida Genérica,"Productos alimenticios, agropecuarios y forestales adquiridos como materia prima",751600,Cifras Definitivas.
Estadística de Finanzas Públicas Estatales y Municipales. Anual,Ciudad de México,2013,09,Egresos,Subpartida Genérica,"Productos de papel, cartón e impresos adquiridos como materia prima",244748,Cifras Definitivas.
Estadística de Finanzas Públicas Estatales y Municipales. Anual,Ciudad de México,2013,09,Egresos,Subpartida Genérica,"Combustibles, lubricantes, aditivos, carbón y sus derivados adquiridos como materia prima",7512,Cifras Definitivas.
Estadística de Finanzas Públicas Estatales y Municipales. Anual,Ciudad de México,2013,09,Egresos,Subpartida Genérica,"Productos químicos, farmacéuticos y de laboratorio adquiridos como materia prima",1751582,Cifras Definitivas.
Estadística de Finanzas Públicas Estatales y Municipales. Anual,Ciudad de México,2013,09,Egresos,Subpartida Genérica,Productos metálicos y a base de minerales no metálicos adquiridos como materia prima,49695,Cifras Definitivas.
Estadística de Finanzas Públicas Estatales y Municipales. Anual,Ciudad de México,2013,09,Egresos,Subpartida Genérica,"Productos de cuero, piel, plástico y hule adquiridos como materia prima",498450,Cifras Definitivas.
Estadística de Finanzas Públicas Estatales y Municipales. Anual,Ciudad de México,2013,09,Egresos,Subpartida Genérica,Mercancías adquiridas para su comercialización,536176,Cifras Definitivas.
Estadística de Finanzas Públicas Estatales y Municipales. Anual,Ciudad de México,2013,09,Egresos,Partida Genérica,Otros productos adquiridos como materia prima,4881443,Cifras Definitivas.
Estadística de Finanzas Públicas Estatales y Municipales. Anual,Ciudad de México,2013,09,Egresos,Concepto,"Combustibles, lubricantes y aditivos",682886723,Cifras Definitivas.
Estadística de Finanzas Públicas Estatales y Municipales. Anual,Ciudad de México,2013,09,Egresos,Partida Genérica,"Combustibles, lubricantes y aditivos",682886723,Cifras Definitivas.
Estadística de Finanzas Públicas Estatales y Municipales. Anual,Ciudad de México,2013,09,Egresos,Concepto,"Vestuario, blancos, prendas de protección y artículos deportivos",267070604,Cifras Definitivas.
Estadística de Finanzas Públicas Estatales y Municipales. Anual,Ciudad de México,2013,09,Egresos,Partida Genérica,Vestuario y uniformes,213621014,Cifras Definitivas.
Estadística de Finanzas Públicas Estatales y Municipales. Anual,Ciudad de México,2013,09,Egresos,Partida Genérica,Prendas de seguridad y protección personal,23903878,Cifras Definitivas.
Estadística de Finanzas Públicas Estatales y Municipales. Anual,Ciudad de México,2013,09,Egresos,Partida Genérica,Artículos deportivos,4979807,Cifras Definitivas.
Estadística de Finanzas Públicas Estatales y Municipales. Anual,Ciudad de México,2013,09,Egresos,Partida Genérica,Productos textiles,841834,Cifras Definitivas.
Estadística de Finanzas Públicas Estatales y Municipales. Anual,Ciudad de México,2013,09,Egresos,Partida Genérica,"Blancos y otros productos textiles, excepto prendas de vestir",23724071,Cifras Definitivas.
Estadística de Finanzas Públicas Estatales y Municipales. Anual,Ciudad de México,2013,09,Egresos,Concepto,Materiales y suministros para seguridad,138406750,Cifras Definitivas.
Estadística de Finanzas Públicas Estatales y Municipales. Anual,Ciudad de México,2013,09,Egresos,Partida Genérica,Materiales de seguridad pública,17747935,Cifras Definitivas.
Estadística de Finanzas Públicas Estatales y Municipales. Anual,Ciudad de México,2013,09,Egresos,Partida Genérica,Prendas de protección para seguridad pública y nacional,120658815,Cifras Definitivas.
Estadística de Finanzas Públicas Estatales y Municipales. Anual,Ciudad de México,2013,09,Egresos,Capítulo,Servicios generales,11453941940,Cifras Definitivas.
Estadística de Finanzas Públicas Estatales y Municipales. Anual,Ciudad de México,2013,09,Egresos,Concepto,Servicios básicos,843317924,Cifras Definitivas.
Estadística de Finanzas Públicas Estatales y Municipales. Anual,Ciudad de México,2013,09,Egresos,Partida Genérica,Energía eléctrica,345986431,Cifras Definitivas.
Estadística de Finanzas Públicas Estatales y Municipales. Anual,Ciudad de México,2013,09,Egresos,Partida Genérica,Gas,35790671,Cifras Definitivas.
Estadística de Finanzas Públicas Estatales y Municipales. Anual,Ciudad de México,2013,09,Egresos,Partida Genérica,Agua,223335070,Cifras Definitivas.
Estadística de Finanzas Públicas Estatales y Municipales. Anual,Ciudad de México,2013,09,Egresos,Partida Genérica,Telefonía tradicional,83545597,Cifras Definitivas.
Estadística de Finanzas Públicas Estatales y Municipales. Anual,Ciudad de México,2013,09,Egresos,Partida Genérica,Servicios de telecomunicaciones y satélites,4861216,Cifras Definitivas.
Estadística de Finanzas Públicas Estatales y Municipales. Anual,Ciudad de México,2013,09,Egresos,Partida Genérica,"Servicios de acceso de Internet, redes y procesamiento de información",97618770,Cifras Definitivas.
Estadística de Finanzas Públicas Estatales y Municipales. Anual,Ciudad de México,2013,09,Egresos,Partida Genérica,Servicios postales y telegráficos,37489517,Cifras Definitivas.
Estadística de Finanzas Públicas Estatales y Municipales. Anual,Ciudad de México,2013,09,Egresos,Partida Genérica,Servicios integrales y otros servicios,14690652,Cifras Definitivas.
Estadística de Finanzas Públicas Estatales y Municipales. Anual,Ciudad de México,2013,09,Egresos,Concepto,Servicios de arrendamiento,989565458,Cifras Definitivas.
Estadística de Finanzas Públicas Estatales y Municipales. Anual,Ciudad de México,2013,09,Egresos,Partida Genérica,Arrendamiento de edificios,372715366,Cifras Definitivas.
Estadística de Finanzas Públicas Estatales y Municipales. Anual,Ciudad de México,2013,09,Egresos,Partida Genérica,"Arrendamiento de mobiliario y equipo de administración, educacional y recreativo",14247847,Cifras Definitivas.
Estadística de Finanzas Públicas Estatales y Municipales. Anual,Ciudad de México,2013,09,Egresos,Partida Genérica,Arrendamiento de equipo de transporte,543656700,Cifras Definitivas.
Estadística de Finanzas Públicas Estatales y Municipales. Anual,Ciudad de México,2013,09,Egresos,Partida Genérica,"Arrendamiento de maquinaria, otros equipos y herramientas",44319,Cifras Definitivas.
Estadística de Finanzas Públicas Estatales y Municipales. Anual,Ciudad de México,2013,09,Egresos,Partida Genérica,Arrendamiento de activos intangibles,12061088,Cifras Definitivas.
Estadística de Finanzas Públicas Estatales y Municipales. Anual,Ciudad de México,2013,09,Egresos,Partida Genérica,Otros arrendamientos,46840138,Cifras Definitivas.
Estadística de Finanzas Públicas Estatales y Municipales. Anual,Ciudad de México,2013,09,Egresos,Concepto,"Servicios profesionales, científicos, técnicos y otros servicios",3043280750,Cifras Definitivas.
Estadística de Finanzas Públicas Estatales y Municipales. Anual,Ciudad de México,2013,09,Egresos,Partida Genérica,"Servicios legales, de contabilidad, auditoría y relacionados",42975473,Cifras Definitivas.
Estadística de Finanzas Públicas Estatales y Municipales. Anual,Ciudad de México,2013,09,Egresos,Partida Genérica,"Servicios de diseño, arquitectura, ingeniería y actividades relacionadas",60873210,Cifras Definitivas.
Estadística de Finanzas Públicas Estatales y Municipales. Anual,Ciudad de México,2013,09,Egresos,Partida Genérica,"Servicios de consultoría administrativa, procesos, técnica y en tecnologías de la información",191693966,Cifras Definitivas.
Estadística de Finanzas Públicas Estatales y Municipales. Anual,Ciudad de México,2013,09,Egresos,Partida Genérica,Servicios de capacitación,53091036,Cifras Definitivas.
Estadística de Finanzas Públicas Estatales y Municipales. Anual,Ciudad de México,2013,09,Egresos,Partida Genérica,Servicios de investigación científica y desarrollo,29865984,Cifras Definitivas.
Estadística de Finanzas Públicas Estatales y Municipales. Anual,Ciudad de México,2013,09,Egresos,Partida Genérica,"Servicios de apoyo administrativo, traducción, fotocopiado e impresión",70875750,Cifras Definitivas.
Estadística de Finanzas Públicas Estatales y Municipales. Anual,Ciudad de México,2013,09,Egresos,Partida Genérica,Servicios de protección y seguridad,4905880,Cifras Definitivas.
Estadística de Finanzas Públicas Estatales y Municipales. Anual,Ciudad de México,2013,09,Egresos,Partida Genérica,Servicios de vigilancia,2412564370,Cifras Definitivas.
Estadística de Finanzas Públicas Estatales y Municipales. Anual,Ciudad de México,2013,09,Egresos,Partida Genérica,"Servicios profesionales, científicos y técnicos integrales",176435081,Cifras Definitivas.
Estadística de Finanzas Públicas Estatales y Municipales. Anual,Ciudad de México,2013,09,Egresos,Concepto,"Servicios financieros, bancarios y comerciales",638080782,Cifras Definitivas.
Estadística de Finanzas Públicas Estatales y Municipales. Anual,Ciudad de México,2013,09,Egresos,Partida Genérica,Servicios financieros y bancarios,44283982,Cifras Definitivas.
Estadística de Finanzas Públicas Estatales y Municipales. Anual,Ciudad de México,2013,09,Egresos,Partida Genérica,"Servicios de recaudación, traslado y custodia de valores",281788238,Cifras Definitivas.
Estadística de Finanzas Públicas Estatales y Municipales. Anual,Ciudad de México,2013,09,Egresos,Partida Genérica,Seguro de bienes patrimoniales,276869552,Cifras Definitivas.
Estadística de Finanzas Públicas Estatales y Municipales. Anual,Ciudad de México,2013,09,Egresos,Partida Genérica,Fletes y maniobras,35055790,Cifras Definitivas.
Estadística de Finanzas Públicas Estatales y Municipales. Anual,Ciudad de México,2013,09,Egresos,Partida Genérica,"Servicios financieros, bancarios y comerciales integrales",83220,Cifras Definitivas.
Estadística de Finanzas Públicas Estatales y Municipales. Anual,Ciudad de México,2013,09,Egresos,Concepto,"Servicios de instalación, reparación, mantenimiento y conservación",1470705943,Cifras Definitivas.
Estadística de Finanzas Públicas Estatales y Municipales. Anual,Ciudad de México,2013,09,Egresos,Partida Genérica,Conservación y mantenimiento menor de inmuebles,180427694,Cifras Definitivas.
Estadística de Finanzas Públicas Estatales y Municipales. Anual,Ciudad de México,2013,09,Egresos,Partida Genérica,"Instalación, reparación y mantenimiento de mobiliario y equipo de administración, educacional y recreativo",17765305,Cifras Definitivas.
Estadística de Finanzas Públicas Estatales y Municipales. Anual,Ciudad de México,2013,09,Egresos,Partida Genérica,"Instalación, reparación y mantenimiento de equipo de cómputo y tecnología de la información",79908014,Cifras Definitivas.
Estadística de Finanzas Públicas Estatales y Municipales. Anual,Ciudad de México,2013,09,Egresos,Partida Genérica,Servicios de jardinería y fumigación,62904615,Cifras Definitivas.
Estadística de Finanzas Públicas Estatales y Municipales. Anual,Ciudad de México,2013,09,Egresos,Partida Genérica,Reparación y mantenimiento de equipo de transporte,244445565,Cifras Definitivas.
Estadística de Finanzas Públicas Estatales y Municipales. Anual,Ciudad de México,2013,09,Egresos,Partida Genérica,"Reparación y mantenimiento de equipo de defensa y seguridad e instalación, reparación y mantenimiento de equipo e instrumental médico y de laboratorio",104906495,Cifras Definitivas.
Estadística de Finanzas Públicas Estatales y Municipales. Anual,Ciudad de México,2013,09,Egresos,Subpartida Genérica,Reparación y mantenimiento de equipo de defensa y seguridad,1196772,Cifras Definitivas.
Estadística de Finanzas Públicas Estatales y Municipales. Anual,Ciudad de México,2013,09,Egresos,Subpartida Genérica,"Instalación, reparación y mantenimiento de equipo e instrumental médico y de laboratorio",103709723,Cifras Definitivas.
Estadística de Finanzas Públicas Estatales y Municipales. Anual,Ciudad de México,2013,09,Egresos,Partida Genérica,"Instalación, reparación y mantenimiento de maquinaria, otros equipos y herramienta",329853171,Cifras Definitivas.
Estadística de Finanzas Públicas Estatales y Municipales. Anual,Ciudad de México,2013,09,Egresos,Partida Genérica,Servicios de limpieza y manejo de desechos,450495084,Cifras Definitivas.
Estadística de Finanzas Públicas Estatales y Municipales. Anual,Ciudad de México,2013,09,Egresos,Concepto,Servicios de comunicación social y publicidad,280843312,Cifras Definitivas.
Estadística de Finanzas Públicas Estatales y Municipales. Anual,Ciudad de México,2013,09,Egresos,Partida Genérica,"Difusión por radio, televisión y otros medios de mensajes sobre programas y actividades gubernamentales",219679648,Cifras Definitivas.
Estadística de Finanzas Públicas Estatales y Municipales. Anual,Ciudad de México,2013,09,Egresos,Partida Genérica,"Servicios de creatividad, preproducción y producción de publicidad, excepto Internet",29010876,Cifras Definitivas.
Estadística de Finanzas Públicas Estatales y Municipales. Anual,Ciudad de México,2013,09,Egresos,Partida Genérica,Servicios de revelado de fotografías,39725,Cifras Definitivas.
Estadística de Finanzas Públicas Estatales y Municipales. Anual,Ciudad de México,2013,09,Egresos,Partida Genérica,"Servicios de la industria fílmica, del sonido y del video",1258000,Cifras Definitivas.
Estadística de Finanzas Públicas Estatales y Municipales. Anual,Ciudad de México,2013,09,Egresos,Partida Genérica,Servicio de creación y difusión de contenido exclusivamente a través de Internet,27280655,Cifras Definitivas.
Estadística de Finanzas Públicas Estatales y Municipales. Anual,Ciudad de México,2013,09,Egresos,Partida Genérica,Otros servicios de información,3574408,Cifras Definitivas.
Estadística de Finanzas Públicas Estatales y Municipales. Anual,Ciudad de México,2013,09,Egresos,Concepto,Servicios de traslado y viáticos,43006889,Cifras Definitivas.
Estadística de Finanzas Públicas Estatales y Municipales. Anual,Ciudad de México,2013,09,Egresos,Partida Genérica,Pasajes aéreos,2933160,Cifras Definitivas.
Estadística de Finanzas Públicas Estatales y Municipales. Anual,Ciudad de México,2013,09,Egresos,Partida Genérica,Pasajes terrestres,31135853,Cifras Definitivas.
Estadística de Finanzas Públicas Estatales y Municipales. Anual,Ciudad de México,2013,09,Egresos,Partida Genérica,Viáticos en el país,4585736,Cifras Definitivas.
Estadística de Finanzas Públicas Estatales y Municipales. Anual,Ciudad de México,2013,09,Egresos,Partida Genérica,Viáticos en el extranjero,1393184,Cifras Definitivas.
Estadística de Finanzas Públicas Estatales y Municipales. Anual,Ciudad de México,2013,09,Egresos,Partida Genérica,Servicios integrales de traslado y viáticos,267339,Cifras Definitivas.
Estadística de Finanzas Públicas Estatales y Municipales. Anual,Ciudad de México,2013,09,Egresos,Partida Genérica,Otros servicios de traslado y hospedaje,2691617,Cifras Definitivas.
Estadística de Finanzas Públicas Estatales y Municipales. Anual,Ciudad de México,2013,09,Egresos,Concepto,Servicios oficiales,198727228,Cifras Definitivas.
Estadística de Finanzas Públicas Estatales y Municipales. Anual,Ciudad de México,2013,09,Egresos,Partida Genérica,Gastos de ceremonial,138041874,Cifras Definitivas.
Estadística de Finanzas Públicas Estatales y Municipales. Anual,Ciudad de México,2013,09,Egresos,Partida Genérica,Gastos de orden social y cultural,5962647,Cifras Definitivas.
Estadística de Finanzas Públicas Estatales y Municipales. Anual,Ciudad de México,2013,09,Egresos,Partida Genérica,Congresos y convenciones,53537913,Cifras Definitivas.
Estadística de Finanzas Públicas Estatales y Municipales. Anual,Ciudad de México,2013,09,Egresos,Partida Genérica,Exposiciones,1184794,Cifras Definitivas.
Estadística de Finanzas Públicas Estatales y Municipales. Anual,Ciudad de México,2013,09,Egresos,Concepto,Otros servicios generales,3946413654,Cifras Definitivas.
Estadística de Finanzas Públicas Estatales y Municipales. Anual,Ciudad de México,2013,09,Egresos,Partida Genérica,Servicios funerarios y de cementerios,6061457,Cifras Definitivas.
Estadística de Finanzas Públicas Estatales y Municipales. Anual,Ciudad de México,2013,09,Egresos,Partida Genérica,Impuestos y derechos,20807544,Cifras Definitivas.
Estadística de Finanzas Públicas Estatales y Municipales. Anual,Ciudad de México,2013,09,Egresos,Partida Genérica,Sentencias y resoluciones por autoridad competente,210596271,Cifras Definitivas.
Estadística de Finanzas Públicas Estatales y Municipales. Anual,Ciudad de México,2013,09,Egresos,Partida Genérica,"Penas, multas, accesorios y actualizaciones",233981,Cifras Definitivas.
Estadística de Finanzas Públicas Estatales y Municipales. Anual,Ciudad de México,2013,09,Egresos,Partida Genérica,Otros gastos por responsabilidades,35263315,Cifras Definitivas.
Estadística de Finanzas Públicas Estatales y Municipales. Anual,Ciudad de México,2013,09,Egresos,Partida Genérica,Otros servicios generales,3673451086,Cifras Definitivas.
Estadística de Finanzas Públicas Estatales y Municipales. Anual,Ciudad de México,2013,09,Egresos,Capítulo,"Transferencias, asignaciones, subsidios y otras ayudas",41913214345,Cifras Definitivas.
Estadística de Finanzas Públicas Estatales y Municipales. Anual,Ciudad de México,2013,09,Egresos,Concepto,Transferencias internas y asignaciones al sector público,41774243222,Cifras Definitivas.
Estadística de Finanzas Públicas Estatales y Municipales. Anual,Ciudad de México,2013,09,Egresos,Partida Genérica,A poderes,6218003086,Cifras Definitivas.
Estadística de Finanzas Públicas Estatales y Municipales. Anual,Ciudad de México,2013,09,Egresos,Subpartida Genérica,Legislativo,1472274250,Cifras Definitivas.
Estadística de Finanzas Públicas Estatales y Municipales. Anual,Ciudad de México,2013,09,Egresos,Subpartida Genérica,Judicial,4745728836,Cifras Definitivas.
Estadística de Finanzas Públicas Estatales y Municipales. Anual,Ciudad de México,2013,09,Egresos,Partida Genérica,A instituciones del gobierno según función,30060046730,Cifras Definitivas.
Estadística de Finanzas Públicas Estatales y Municipales. Anual,Ciudad de México,2013,09,Egresos,Subpartida Genérica,Instituciones y programas de educación,1009236470,Cifras Definitivas.
Estadística de Finanzas Públicas Estatales y Municipales. Anual,Ciudad de México,2013,09,Egresos,Subpartida Genérica,Instituciones y programas de salud,82735274,Cifras Definitivas.
Estadística de Finanzas Públicas Estatales y Municipales. Anual,Ciudad de México,2013,09,Egresos,Subpartida Genérica,Instituciones y programas de asistencia social,6638227547,Cifras Definitivas.
Estadística de Finanzas Públicas Estatales y Municipales. Anual,Ciudad de México,2013,09,Egresos,Subpartida Genérica,Instituciones y programas de cultura y deporte,88804789,Cifras Definitivas.
Estadística de Finanzas Públicas Estatales y Municipales. Anual,Ciudad de México,2013,09,Egresos,Subpartida Genérica,Instituciones y programas de seguridad pública,10512301287,Cifras Definitivas.
Estadística de Finanzas Públicas Estatales y Municipales. Anual,Ciudad de México,2013,09,Egresos,Subpartida Genérica,Instituciones y programas del sector turismo,144089268,Cifras Definitivas.
Estadística de Finanzas Públicas Estatales y Municipales. Anual,Ciudad de México,2013,09,Egresos,Subpartida Genérica,Instituciones y programas del sector agropecuario,234150394,Cifras Definitivas.
Estadística de Finanzas Públicas Estatales y Municipales. Anual,Ciudad de México,2013,09,Egresos,Subpartida Genérica,Instituciones y programas del sector económico,4500000,Cifras Definitivas.
Estadística de Finanzas Públicas Estatales y Municipales. Anual,Ciudad de México,2013,09,Egresos,Subpartida Genérica,Instituciones y programas ecológicos,46983579,Cifras Definitivas.
Estadística de Finanzas Públicas Estatales y Municipales. Anual,Ciudad de México,2013,09,Egresos,Subpartida Genérica,Instituciones y programas de infraestructura,11299018122,Cifras Definitivas.
Estadística de Finanzas Públicas Estatales y Municipales. Anual,Ciudad de México,2013,09,Egresos,Partida Genérica,Órganos autónomos y electorales,2506108808,Cifras Definitivas.
Estadística de Finanzas Públicas Estatales y Municipales. Anual,Ciudad de México,2013,09,Egresos,Subpartida Genérica,Instituto electoral,1194569432,Cifras Definitivas.
Estadística de Finanzas Públicas Estatales y Municipales. Anual,Ciudad de México,2013,09,Egresos,Subpartida Genérica,Comisión de derechos humanos,310790957,Cifras Definitivas.
Estadística de Finanzas Públicas Estatales y Municipales. Anual,Ciudad de México,2013,09,Egresos,Subpartida Genérica,Instituciones de transparencia,125561917,Cifras Definitivas.
Estadística de Finanzas Públicas Estatales y Municipales. Anual,Ciudad de México,2013,09,Egresos,Subpartida Genérica,Diversos órganos autónomos y electorales,875186502,Cifras Definitivas.
Estadística de Finanzas Públicas Estatales y Municipales. Anual,Ciudad de México,2013,09,Egresos,Partida Genérica,Diversas transferencias,2990084598,Cifras Definitivas.
Estadística de Finanzas Públicas Estatales y Municipales. Anual,Ciudad de México,2013,09,Egresos,Subpartida Genérica,Otras transferencias,2990084598,Cifras Definitivas.
Estadística de Finanzas Públicas Estatales y Municipales. Anual,Ciudad de México,2013,09,Egresos,Concepto,Ayudas sociales,65471840,Cifras Definitivas.
Estadística de Finanzas Públicas Estatales y Municipales. Anual,Ciudad de México,2013,09,Egresos,Partida Genérica,Becas y otras ayudas para programas de capacitación,65471840,Cifras Definitivas.
Estadística de Finanzas Públicas Estatales y Municipales. Anual,Ciudad de México,2013,09,Egresos,Concepto,Subsidios y subvenciones,73469829,Cifras Definitivas.
Estadística de Finanzas Públicas Estatales y Municipales. Anual,Ciudad de México,2013,09,Egresos,Partida Genérica,Subsidios a la inversión,73469829,Cifras Definitivas.
Estadística de Finanzas Públicas Estatales y Municipales. Anual,Ciudad de México,2013,09,Egresos,Concepto,Pensiones y jubilaciones,29454,Cifras Definitivas.
Estadística de Finanzas Públicas Estatales y Municipales. Anual,Ciudad de México,2013,09,Egresos,Partida Genérica,Pensiones,29454,Cifras Definitivas.
Estadística de Finanzas Públicas Estatales y Municipales. Anual,Ciudad de México,2013,09,Egresos,Capítulo,"Bienes muebles, inmuebles e intangibles",1242371914,Cifras Definitivas.
Estadística de Finanzas Públicas Estatales y Municipales. Anual,Ciudad de México,2013,09,Egresos,Concepto,Mobiliario y equipo de administración,220742442,Cifras Definitivas.
Estadística de Finanzas Públicas Estatales y Municipales. Anual,Ciudad de México,2013,09,Egresos,Partida Genérica,Muebles de oficina y estantería,29647965,Cifras Definitivas.
Estadística de Finanzas Públicas Estatales y Municipales. Anual,Ciudad de México,2013,09,Egresos,Partida Genérica,"Muebles, excepto de oficina y estantería",76680,Cifras Definitivas.
Estadística de Finanzas Públicas Estatales y Municipales. Anual,Ciudad de México,2013,09,Egresos,Partida Genérica,"Bienes artísticos, culturales y científicos",20532,Cifras Definitivas.
Estadística de Finanzas Públicas Estatales y Municipales. Anual,Ciudad de México,2013,09,Egresos,Partida Genérica,Equipo de cómputo y de tecnologías de la información,168590801,Cifras Definitivas.
Estadística de Finanzas Públicas Estatales y Municipales. Anual,Ciudad de México,2013,09,Egresos,Partida Genérica,Otros mobiliarios y equipos de administración,22406464,Cifras Definitivas.
Estadística de Finanzas Públicas Estatales y Municipales. Anual,Ciudad de México,2013,09,Egresos,Concepto,Mobiliario y equipo educacional y recreativo,40260209,Cifras Definitivas.
Estadística de Finanzas Públicas Estatales y Municipales. Anual,Ciudad de México,2013,09,Egresos,Partida Genérica,Equipos y aparatos audiovisuales,1553149,Cifras Definitivas.
Estadística de Finanzas Públicas Estatales y Municipales. Anual,Ciudad de México,2013,09,Egresos,Partida Genérica,Aparatos deportivos,20000,Cifras Definitivas.
Estadística de Finanzas Públicas Estatales y Municipales. Anual,Ciudad de México,2013,09,Egresos,Partida Genérica,Cámaras fotográficas y de video,16343356,Cifras Definitivas.
Estadística de Finanzas Públicas Estatales y Municipales. Anual,Ciudad de México,2013,09,Egresos,Partida Genérica,Otro mobiliario y equipo educacional y recreativo,22343704,Cifras Definitivas.
Estadística de Finanzas Públicas Estatales y Municipales. Anual,Ciudad de México,2013,09,Egresos,Concepto,Vehículos y equipo de transporte,298462533,Cifras Definitivas.
Estadística de Finanzas Públicas Estatales y Municipales. Anual,Ciudad de México,2013,09,Egresos,Partida Genérica,Vehículos y equipo terrestre,254505573,Cifras Definitivas.
Estadística de Finanzas Públicas Estatales y Municipales. Anual,Ciudad de México,2013,09,Egresos,Partida Genérica,Carrocerías y remolques,43012800,Cifras Definitivas.
Estadística de Finanzas Públicas Estatales y Municipales. Anual,Ciudad de México,2013,09,Egresos,Partida Genérica,Otros equipos de transporte,944160,Cifras Definitivas.
Estadística de Finanzas Públicas Estatales y Municipales. Anual,Ciudad de México,2013,09,Egresos,Concepto,Equipo de defensa y seguridad y equipo e instrumental médico y laboratorio,354037505,Cifras Definitivas.
Estadística de Finanzas Públicas Estatales y Municipales. Anual,Ciudad de México,2013,09,Egresos,Partida Genérica,Equipo de defensa y seguridad,52141099,Cifras Definitivas.
Estadística de Finanzas Públicas Estatales y Municipales. Anual,Ciudad de México,2013,09,Egresos,Partida Genérica,Equipo médico y de laboratorio,301759054,Cifras Definitivas.
Estadística de Finanzas Públicas Estatales y Municipales. Anual,Ciudad de México,2013,09,Egresos,Partida Genérica,Instrumental médico y de laboratorio,137352,Cifras Definitivas.
Estadística de Finanzas Públicas Estatales y Municipales. Anual,Ciudad de México,2013,09,Egresos,Concepto,"Maquinaria, otros equipos y herramientas",160774316,Cifras Definitivas.
Estadística de Finanzas Públicas Estatales y Municipales. Anual,Ciudad de México,2013,09,Egresos,Partida Genérica,Maquinaria y equipo agropecuario,7524000,Cifras Definitivas.
Estadística de Finanzas Públicas Estatales y Municipales. Anual,Ciudad de México,2013,09,Egresos,Partida Genérica,Maquinaria y equipo industrial,13017026,Cifras Definitivas.
Estadística de Finanzas Públicas Estatales y Municipales. Anual,Ciudad de México,2013,09,Egresos,Partida Genérica,Maquinaria y equipo de construcción,43108859,Cifras Definitivas.
Estadística de Finanzas Públicas Estatales y Municipales. Anual,Ciudad de México,2013,09,Egresos,Partida Genérica,"Sistemas de aire acondicionado, calefacción y de refrigeración industrial y comercial",3134286,Cifras Definitivas.
Estadística de Finanzas Públicas Estatales y Municipales. Anual,Ciudad de México,2013,09,Egresos,Partida Genérica,Equipo de comunicación y telecomunicación,61397435,Cifras Definitivas.
Estadística de Finanzas Públicas Estatales y Municipales. Anual,Ciudad de México,2013,09,Egresos,Partida Genérica,"Equipos de generación eléctrica, aparatos y accesorios eléctricos",5851437,Cifras Definitivas.
Estadística de Finanzas Públicas Estatales y Municipales. Anual,Ciudad de México,2013,09,Egresos,Partida Genérica,Herramientas y máquinas-herramienta,5672,Cifras Definitivas.
Estadística de Finanzas Públicas Estatales y Municipales. Anual,Ciudad de México,2013,09,Egresos,Partida Genérica,Otros equipos,26735601,Cifras Definitivas.
Estadística de Finanzas Públicas Estatales y Municipales. Anual,Ciudad de México,2013,09,Egresos,Concepto,Activos biológicos,72067,Cifras Definitivas.
Estadística de Finanzas Públicas Estatales y Municipales. Anual,Ciudad de México,2013,09,Egresos,Partida Genérica,Especies menores y de zoológico,72067,Cifras Definitivas.
Estadística de Finanzas Públicas Estatales y Municipales. Anual,Ciudad de México,2013,09,Egresos,Concepto,Bienes inmuebles,156633252,Cifras Definitivas.
Estadística de Finanzas Públicas Estatales y Municipales. Anual,Ciudad de México,2013,09,Egresos,Partida Genérica,Otros bienes inmuebles,156633252,Cifras Definitivas.
Estadística de Finanzas Públicas Estatales y Municipales. Anual,Ciudad de México,2013,09,Egresos,Concepto,Activos intangibles,11389590,Cifras Definitivas.
Estadística de Finanzas Públicas Estatales y Municipales. Anual,Ciudad de México,2013,09,Egresos,Partida Genérica,Software,5890653,Cifras Definitivas.
Estadística de Finanzas Públicas Estatales y Municipales. Anual,Ciudad de México,2013,09,Egresos,Partida Genérica,Licencias informáticas e intelectuales,5498937,Cifras Definitivas.
Estadística de Finanzas Públicas Estatales y Municipales. Anual,Ciudad de México,2013,09,Egresos,Capítulo,Inversión pública,3833407359,Cifras Definitivas.
Estadística de Finanzas Públicas Estatales y Municipales. Anual,Ciudad de México,2013,09,Egresos,Concepto,Obra pública en bienes de dominio público,3688471946,Cifras Definitivas.
Estadística de Finanzas Públicas Estatales y Municipales. Anual,Ciudad de México,2013,09,Egresos,Partida Genérica,Edificación no habitacional,167046275,Cifras Definitivas.
Estadística de Finanzas Públicas Estatales y Municipales. Anual,Ciudad de México,2013,09,Egresos,Subpartida Genérica,Edificios públicos diversos,167046275,Cifras Definitivas.
Estadística de Finanzas Públicas Estatales y Municipales. Anual,Ciudad de México,2013,09,Egresos,Partida Genérica,División de terrenos y construcción de obras de urbanización,368836740,Cifras Definitivas.
Estadística de Finanzas Públicas Estatales y Municipales. Anual,Ciudad de México,2013,09,Egresos,Partida Genérica,Construcción de vías de comunicación,1426478495,Cifras Definitivas.
Estadística de Finanzas Públicas Estatales y Municipales. Anual,Ciudad de México,2013,09,Egresos,Partida Genérica,Otras construcciones de ingeniería civil u obra pesada,895871620,Cifras Definitivas.
Estadística de Finanzas Públicas Estatales y Municipales. Anual,Ciudad de México,2013,09,Egresos,Partida Genérica,Instalaciones y equipamiento en construcciones,664599,Cifras Definitivas.
Estadística de Finanzas Públicas Estatales y Municipales. Anual,Ciudad de México,2013,09,Egresos,Partida Genérica,Trabajos de acabados en edificaciones y otros trabajos especializados,3540251,Cifras Definitivas.
Estadística de Finanzas Públicas Estatales y Municipales. Anual,Ciudad de México,2013,09,Egresos,Partida Genérica,Diversas obras públicas en bienes de dominio público,826033966,Cifras Definitivas.
Estadística de Finanzas Públicas Estatales y Municipales. Anual,Ciudad de México,2013,09,Egresos,Concepto,Obra pública en bienes propios,144935413,Cifras Definitivas.
Estadística de Finanzas Públicas Estatales y Municipales. Anual,Ciudad de México,2013,09,Egresos,Partida Genérica,Edificación no habitacional,144935413,Cifras Definitivas.
Estadística de Finanzas Públicas Estatales y Municipales. Anual,Ciudad de México,2013,09,Egresos,Subpartida Genérica,Edificios públicos diversos,144935413,Cifras Definitivas.
Estadística de Finanzas Públicas Estatales y Municipales. Anual,Ciudad de México,2013,09,Egresos,Capítulo,Inversiones financieras y otras provisiones,76342565,Cifras Definitivas.
Estadística de Finanzas Públicas Estatales y Municipales. Anual,Ciudad de México,2013,09,Egresos,Concepto,Inversiones para el fomento de actividades productivas,76342565,Cifras Definitivas.
Estadística de Finanzas Públicas Estatales y Municipales. Anual,Ciudad de México,2013,09,Egresos,Partida Genérica,Diversos créditos,76342565,Cifras Definitivas.
Estadística de Finanzas Públicas Estatales y Municipales. Anual,Ciudad de México,2013,09,Egresos,Capítulo,Recursos asignados a alcaldías de la Ciudad de México y sector paraestatal,56287088759,Cifras Definitivas.
Estadística de Finanzas Públicas Estatales y Municipales. Anual,Ciudad de México,2013,09,Egresos,Concepto,Alcaldías de la Ciudad de México,30703020974,Cifras Definitivas.
Estadística de Finanzas Públicas Estatales y Municipales. Anual,Ciudad de México,2013,09,Egresos,Partida Genérica,Azcapotzalco,1495365070,Cifras Definitivas.
Estadística de Finanzas Públicas Estatales y Municipales. Anual,Ciudad de México,2013,09,Egresos,Partida Genérica,Coyoacán,2013919092,Cifras Definitivas.
Estadística de Finanzas Públicas Estatales y Municipales. Anual,Ciudad de México,2013,09,Egresos,Partida Genérica,Cuajimalpa de Morelos,1099773487,Cifras Definitivas.
Estadística de Finanzas Públicas Estatales y Municipales. Anual,Ciudad de México,2013,09,Egresos,Partida Genérica,Gustavo A. Madero,3331515836,Cifras Definitivas.
Estadística de Finanzas Públicas Estatales y Municipales. Anual,Ciudad de México,2013,09,Egresos,Partida Genérica,Iztacalco,1458219390,Cifras Definitivas.
Estadística de Finanzas Públicas Estatales y Municipales. Anual,Ciudad de México,2013,09,Egresos,Partida Genérica,Iztapalapa,4057536789,Cifras Definitivas.
Estadística de Finanzas Públicas Estatales y Municipales. Anual,Ciudad de México,2013,09,Egresos,Partida Genérica,Magdalena Contreras,1043508199,Cifras Definitivas.
Estadística de Finanzas Públicas Estatales y Municipales. Anual,Ciudad de México,2013,09,Egresos,Partida Genérica,Milpa Alta,888422219,Cifras Definitivas.
Estadística de Finanzas Públicas Estatales y Municipales. Anual,Ciudad de México,2013,09,Egresos,Partida Genérica,Álvaro Obregón,2197805622,Cifras Definitivas.
Estadística de Finanzas Públicas Estatales y Municipales. Anual,Ciudad de México,2013,09,Egresos,Partida Genérica,Tláhuac,1253718301,Cifras Definitivas.
Estadística de Finanzas Públicas Estatales y Municipales. Anual,Ciudad de México,2013,09,Egresos,Partida Genérica,Tlalpan,1849293777,Cifras Definitivas.
Estadística de Finanzas Públicas Estatales y Municipales. Anual,Ciudad de México,2013,09,Egresos,Partida Genérica,Xochimilco,1463717425,Cifras Definitivas.
Estadística de Finanzas Públicas Estatales y Municipales. Anual,Ciudad de México,2013,09,Egresos,Partida Genérica,Benito Juárez,1626193585,Cifras Definitivas.
Estadística de Finanzas Públicas Estatales y Municipales. Anual,Ciudad de México,2013,09,Egresos,Partida Genérica,Cuauhtémoc,2660748882,Cifras Definitivas.
Estadística de Finanzas Públicas Estatales y Municipales. Anual,Ciudad de México,2013,09,Egresos,Partida Genérica,Miguel Hidalgo,1905189691,Cifras Definitivas.
Estadística de Finanzas Públicas Estatales y Municipales. Anual,Ciudad de México,2013,09,Egresos,Partida Genérica,Venustiano Carranza,2358093609,Cifras Definitivas.
Estadística de Finanzas Públicas Estatales y Municipales. Anual,Ciudad de México,2013,09,Egresos,Concepto,Sector Paraestatal del Gobierno de la Ciudad de México,25584067785,Cifras Definitivas.
Estadística de Finanzas Públicas Estatales y Municipales. Anual,Ciudad de México,2013,09,Egresos,Partida Genérica,Heroico Cuerpo de Bomberos de la Ciudad de México,697304324,Cifras Definitivas.
Estadística de Finanzas Públicas Estatales y Municipales. Anual,Ciudad de México,2013,09,Egresos,Partida Genérica,Instituto de Vivienda de la Ciudad de México,1412872392,Cifras Definitivas.
Estadística de Finanzas Públicas Estatales y Municipales. Anual,Ciudad de México,2013,09,Egresos,Partida Genérica,Fondo para el Desarrollo Social de la Ciudad de México,50581100,Cifras Definitivas.
Estadística de Finanzas Públicas Estatales y Municipales. Anual,Ciudad de México,2013,09,Egresos,Partida Genérica,Fideicomiso de Recuperación Crediticia de la Ciudad de México FIDERE III,4500000,Cifras Definitivas.
Estadística de Finanzas Públicas Estatales y Municipales. Anual,Ciudad de México,2013,09,Egresos,Partida Genérica,Fondo Mixto de Promoción Turística de la Ciudad de México,266461188,Cifras Definitivas.
Estadística de Finanzas Públicas Estatales y Municipales. Anual,Ciudad de México,2013,09,Egresos,Partida Genérica,Fondo Ambiental Público de la Ciudad de México,171982764,Cifras Definitivas.
Estadística de Finanzas Públicas Estatales y Municipales. Anual,Ciudad de México,2013,09,Egresos,Partida Genérica,Sistema para el Desarrollo Integral de la Familia,2709307527,Cifras Definitivas.
Estadística de Finanzas Públicas Estatales y Municipales. Anual,Ciudad de México,2013,09,Egresos,Partida Genérica,Instituto de Educación Media Superior de la Ciudad de México,779274800,Cifras Definitivas.
Estadística de Finanzas Públicas Estatales y Municipales. Anual,Ciudad de México,2013,09,Egresos,Partida Genérica,Instituto de la Juventud de la Ciudad de México,110388201,Cifras Definitivas.
Estadística de Finanzas Públicas Estatales y Municipales. Anual,Ciudad de México,2013,09,Egresos,Partida Genérica,Instituto de las Mujeres de la Ciudad de México,114918347,Cifras Definitivas.
Estadística de Finanzas Públicas Estatales y Municipales. Anual,Ciudad de México,2013,09,Egresos,Partida Genérica,Fideicomiso del Centro Histórico de la Ciudad de México,50484073,Cifras Definitivas.
Estadística de Finanzas Públicas Estatales y Municipales. Anual,Ciudad de México,2013,09,Egresos,Partida Genérica,Sistema de Transporte Colectivo (Metro),8981029427,Cifras Definitivas.
Estadística de Finanzas Públicas Estatales y Municipales. Anual,Ciudad de México,2013,09,Egresos,Partida Genérica,Servicio de Transportes Eléctricos de la Ciudad de México,922479369,Cifras Definitivas.
Estadística de Finanzas Públicas Estatales y Municipales. Anual,Ciudad de México,2013,09,Egresos,Partida Genérica,Sistema de Movilidad 1,1296395285,Cifras Definitivas.
Estadística de Finanzas Públicas Estatales y Municipales. Anual,Ciudad de México,2013,09,Egresos,Partida Genérica,Fideicomiso para el Fondo de Promoción del Transporte Público,8500000,Cifras Definitivas.
Estadística de Finanzas Públicas Estatales y Municipales. Anual,Ciudad de México,2013,09,Egresos,Partida Genérica,Caja de Previsión para Trabajadores a Lista de Raya de la Ciudad de México,575246896,Cifras Definitivas.
Estadística de Finanzas Públicas Estatales y Municipales. Anual,Ciudad de México,2013,09,Egresos,Partida Genérica,Caja de Previsión de la Policía Preventiva de la Ciudad de México,1759176,Cifras Definitivas.
Estadística de Finanzas Públicas Estatales y Municipales. Anual,Ciudad de México,2013,09,Egresos,Partida Genérica,Servicios de Salud Pública de la Ciudad de México,4385039573,Cifras Definitivas.
Estadística de Finanzas Públicas Estatales y Municipales. Anual,Ciudad de México,2013,09,Egresos,Partida Genérica,Procuraduría Social de la Ciudad de México,253512072,Cifras Definitivas.
Estadística de Finanzas Públicas Estatales y Municipales. Anual,Ciudad de México,2013,09,Egresos,Partida Genérica,Procuraduría Ambiental y del Ordenamiento Territorial de la Ciudad de México,107290453,Cifras Definitivas.
Estadística de Finanzas Públicas Estatales y Municipales. Anual,Ciudad de México,2013,09,Egresos,Partida Genérica,Fondo para la Atención y Apoyo a las Víctimas del Delito,2795390,Cifras Definitivas.
Estadística de Finanzas Públicas Estatales y Municipales. Anual,Ciudad de México,2013,09,Egresos,Partida Genérica,Metrobús,49487120,Cifras Definitivas.
Estadística de Finanzas Públicas Estatales y Municipales. Anual,Ciudad de México,2013,09,Egresos,Partida Genérica,Fideicomiso Museo de Arte Popular Mexicano,14404180,Cifras Definitivas.
Estadística de Finanzas Públicas Estatales y Municipales. Anual,Ciudad de México,2013,09,Egresos,Partida Genérica,Fideicomiso Museo del Estanquillo,11471938,Cifras Definitivas.
Estadística de Finanzas Públicas Estatales y Municipales. Anual,Ciudad de México,2013,09,Egresos,Partida Genérica,Instituto de Ciencia y Tecnología del Distrito Federal,203769727,Cifras Definitivas.
Estadística de Finanzas Públicas Estatales y Municipales. Anual,Ciudad de México,2013,09,Egresos,Partida Genérica,Fideicomiso Educación Garantizada,1697675392,Cifras Definitivas.
Estadística de Finanzas Públicas Estatales y Municipales. Anual,Ciudad de México,2013,09,Egresos,Partida Genérica,Consejo de Evaluación del Desarrollo Social de la Ciudad de México,19119486,Cifras Definitivas.
Estadística de Finanzas Públicas Estatales y Municipales. Anual,Ciudad de México,2013,09,Egresos,Partida Genérica,Instituto del Deporte de la Ciudad de México,87161639,Cifras Definitivas.
Estadística de Finanzas Públicas Estatales y Municipales. Anual,Ciudad de México,2013,09,Egresos,Partida Genérica,Fondo de Apoyo a la Procuración de Justicia,1381956,Cifras Definitivas.
Estadística de Finanzas Públicas Estatales y Municipales. Anual,Ciudad de México,2013,09,Egresos,Partida Genérica,Diversas Entidades Paraestatales de la Ciudad de México,597473990,Cifras Definitivas.
Estadística de Finanzas Públicas Estatales y Municipales. Anual,Ciudad de México,2013,09,Egresos,Capítulo,Deuda pública,5866575501,Cifras Definitivas.
Estadística de Finanzas Públicas Estatales y Municipales. Anual,Ciudad de México,2013,09,Egresos,Concepto,Amortización de la deuda pública,2068925669,Cifras Definitivas.
Estadística de Finanzas Públicas Estatales y Municipales. Anual,Ciudad de México,2013,09,Egresos,Partida Genérica,Amortización de la deuda interna con instituciones de crédito,1428700049,Cifras Definitivas.
Estadística de Finanzas Públicas Estatales y Municipales. Anual,Ciudad de México,2013,09,Egresos,Partida Genérica,Amortización de la deuda interna por emisión de títulos y valores,640225620,Cifras Definitivas.
Estadística de Finanzas Públicas Estatales y Municipales. Anual,Ciudad de México,2013,09,Egresos,Concepto,Intereses de la deuda pública,3709019451,Cifras Definitivas.
Estadística de Finanzas Públicas Estatales y Municipales. Anual,Ciudad de México,2013,09,Egresos,Partida Genérica,Intereses de la deuda interna con instituciones de crédito,2894683410,Cifras Definitivas.
Estadística de Finanzas Públicas Estatales y Municipales. Anual,Ciudad de México,2013,09,Egresos,Partida Genérica,Intereses derivados de la colocación de títulos y valores,814336041,Cifras Definitivas.
Estadística de Finanzas Públicas Estatales y Municipales. Anual,Ciudad de México,2013,09,Egresos,Concepto,Costo por coberturas,31089107,Cifras Definitivas.
Estadística de Finanzas Públicas Estatales y Municipales. Anual,Ciudad de México,2013,09,Egresos,Partida Genérica,Costos por coberturas,31089107,Cifras Definitivas.
Estadística de Finanzas Públicas Estatales y Municipales. Anual,Ciudad de México,2013,09,Egresos,Concepto,Adeudos de ejercicios fiscales anteriores (ADEFAS),57541274,Cifras Definitivas.
Estadística de Finanzas Públicas Estatales y Municipales. Anual,Ciudad de México,2013,09,Egresos,Partida Genérica,ADEFAS,57541274,Cifras Definitivas.
Estadística de Finanzas Públicas Estatales y Municipales. Anual,Ciudad de México,2013,09,Egresos,Capítulo,Disponibilidad final,2942640462,Cifras Definitivas.
Estadística de Finanzas Públicas Estatales y Municipales. Anual,Ciudad de México,2013,09,Ingresos,Tema,Total de ingresos,157266571400,Cifras Definitivas.
Estadística de Finanzas Públicas Estatales y Municipales. Anual,Ciudad de México,2013,09,Ingresos,Capítulo,Impuestos,35967198900,Cifras Definitivas.
Estadística de Finanzas Públicas Estatales y Municipales. Anual,Ciudad de México,2013,09,Ingresos,Concepto,Impuesto sobre los Ingresos,14410428200,Cifras Definitivas.
Estadística de Finanzas Públicas Estatales y Municipales. Anual,Ciudad de México,2013,09,Ingresos,Partida Genérica,Impuesto sobre nómina,14410428200,Cifras Definitivas.
Estadística de Finanzas Públicas Estatales y Municipales. Anual,Ciudad de México,2013,09,Ingresos,Concepto,Impuestos sobre el Patrimonio,20631275500,Cifras Definitivas.
Estadística de Finanzas Públicas Estatales y Municipales. Anual,Ciudad de México,2013,09,Ingresos,Partida Genérica,Impuesto predial,10344662900,Cifras Definitivas.
Estadística de Finanzas Públicas Estatales y Municipales. Anual,Ciudad de México,2013,09,Ingresos,Partida Genérica,Impuesto sobre tenencia o uso de vehículos,5396799100,Cifras Definitivas.
Estadística de Finanzas Públicas Estatales y Municipales. Anual,Ciudad de México,2013,09,Ingresos,Partida Genérica,Adquisición de bienes inmuebles,4889813500,Cifras Definitivas.
Estadística de Finanzas Públicas Estatales y Municipales. Anual,Ciudad de México,2013,09,Ingresos,Concepto,"Impuesto sobre la producción, el consumo y las transacciones",925495200,Cifras Definitivas.
Estadística de Finanzas Públicas Estatales y Municipales. Anual,Ciudad de México,2013,09,Ingresos,Partida Genérica,Impuesto sobre hospedaje,249461200,Cifras Definitivas.
Estadística de Finanzas Públicas Estatales y Municipales. Anual,Ciudad de México,2013,09,Ingresos,Partida Genérica,Diversiones y espectáculos públicos,281484600,Cifras Definitivas.
Estadística de Finanzas Públicas Estatales y Municipales. Anual,Ciudad de México,2013,09,Ingresos,Partida Genérica,"Loterías, rifas, sorteos y juegos permitidos",394549400,Cifras Definitivas.
Estadística de Finanzas Públicas Estatales y Municipales. Anual,Ciudad de México,2013,09,Ingresos,Capítulo,Contribuciones de Mejoras,678296400,Cifras Definitivas.
Estadística de Finanzas Públicas Estatales y Municipales. Anual,Ciudad de México,2013,09,Ingresos,Concepto,Contribución de mejoras por obras públicas,678296400,Cifras Definitivas.
Estadística de Finanzas Públicas Estatales y Municipales. Anual,Ciudad de México,2013,09,Ingresos,Capítulo,Derechos,18561829600,Cifras Definitivas.
Estadística de Finanzas Públicas Estatales y Municipales. Anual,Ciudad de México,2013,09,Ingresos,Concepto,"Derechos por el uso, goce, aprovechamiento o explotación de bienes de dominio público",10413006700,Cifras Definitivas.
Estadística de Finanzas Públicas Estatales y Municipales. Anual,Ciudad de México,2013,09,Ingresos,Partida Genérica,Registros,1417771700,Cifras Definitivas.
Estadística de Finanzas Públicas Estatales y Municipales. Anual,Ciudad de México,2013,09,Ingresos,Subpartida Genérica,Registro civil,193405400,Cifras Definitivas.
Estadística de Finanzas Públicas Estatales y Municipales. Anual,Ciudad de México,2013,09,Ingresos,Subpartida Genérica,Registro público de la propiedad y del comercio,1224366300,Cifras Definitivas.
Estadística de Finanzas Públicas Estatales y Municipales. Anual,Ciudad de México,2013,09,Ingresos,Partida Genérica,Licencias y permisos,534727300,Cifras Definitivas.
Estadística de Finanzas Públicas Estatales y Municipales. Anual,Ciudad de México,2013,09,Ingresos,Subpartida Genérica,Licencias y permisos diversos,534727300,Cifras Definitivas.
Estadística de Finanzas Públicas Estatales y Municipales. Anual,Ciudad de México,2013,09,Ingresos,Partida Genérica,Servicios de vialidad y transporte,2382502900,Cifras Definitivas.
Estadística de Finanzas Públicas Estatales y Municipales. Anual,Ciudad de México,2013,09,Ingresos,Subpartida Genérica,Servicios de grúa y almacenaje de vehículos,245653700,Cifras Definitivas.
Estadística de Finanzas Públicas Estatales y Municipales. Anual,Ciudad de México,2013,09,Ingresos,Subpartida Genérica,Control vehicular,2136849200,Cifras Definitivas.
Estadística de Finanzas Públicas Estatales y Municipales. Anual,Ciudad de México,2013,09,Ingresos,Partida Genérica,Uso y suministro de agua potable,6006321100,Cifras Definitivas.
Estadística de Finanzas Públicas Estatales y Municipales. Anual,Ciudad de México,2013,09,Ingresos,Partida Genérica,Servicios de desarrollo urbano y obras públicas,71683700,Cifras Definitivas.
Estadística de Finanzas Públicas Estatales y Municipales. Anual,Ciudad de México,2013,09,Ingresos,Subpartida Genérica,Urbanización,35260700,Cifras Definitivas.
Estadística de Finanzas Públicas Estatales y Municipales. Anual,Ciudad de México,2013,09,Ingresos,Subpartida Genérica,Por servicios de fraccionamiento,36423000,Cifras Definitivas.
Estadística de Finanzas Públicas Estatales y Municipales. Anual,Ciudad de México,2013,09,Ingresos,Concepto,Derechos por prestación de servicios,7958959300,Cifras Definitivas.
Estadística de Finanzas Públicas Estatales y Municipales. Anual,Ciudad de México,2013,09,Ingresos,Partida Genérica,Estacionamientos,63171600,Cifras Definitivas.
Estadística de Finanzas Públicas Estatales y Municipales. Anual,Ciudad de México,2013,09,Ingresos,Partida Genérica,Seguridad pública,7868839500,Cifras Definitivas.
Estadística de Finanzas Públicas Estatales y Municipales. Anual,Ciudad de México,2013,09,Ingresos,Partida Genérica,Servicios de limpia y recolección de basura,18033400,Cifras Definitivas.
Estadística de Finanzas Públicas Estatales y Municipales. Anual,Ciudad de México,2013,09,Ingresos,Partida Genérica,Diversos derechos por prestación de servicios,8914800,Cifras Definitivas.
Estadística de Finanzas Públicas Estatales y Municipales. Anual,Ciudad de México,2013,09,Ingresos,Concepto,Otros Derechos,189863600,Cifras Definitivas.
Estadística de Finanzas Públicas Estatales y Municipales. Anual,Ciudad de México,2013,09,Ingresos,Capítulo,Productos,1781945700,Cifras Definitivas.
Estadística de Finanzas Públicas Estatales y Municipales. Anual,Ciudad de México,2013,09,Ingresos,Concepto,Productos de tipo corriente,1500641800,Cifras Definitivas.
Estadística de Finanzas Públicas Estatales y Municipales. Anual,Ciudad de México,2013,09,Ingresos,Partida Genérica,Intereses,675153300,Cifras Definitivas.
Estadística de Finanzas Públicas Estatales y Municipales. Anual,Ciudad de México,2013,09,Ingresos,Partida Genérica,Establecimientos y empresas,825488500,Cifras Definitivas.
Estadística de Finanzas Públicas Estatales y Municipales. Anual,Ciudad de México,2013,09,Ingresos,Subpartida Genérica,Talleres gráficos,311229800,Cifras Definitivas.
Estadística de Finanzas Públicas Estatales y Municipales. Anual,Ciudad de México,2013,09,Ingresos,Subpartida Genérica,Establecimientos diversos,514258700,Cifras Definitivas.
Estadística de Finanzas Públicas Estatales y Municipales. Anual,Ciudad de México,2013,09,Ingresos,Concepto,Productos de tipo capital,272849800,Cifras Definitivas.
Estadística de Finanzas Públicas Estatales y Municipales. Anual,Ciudad de México,2013,09,Ingresos,Partida Genérica,Enajenación o venta de bienes,272849800,Cifras Definitivas.
Estadística de Finanzas Públicas Estatales y Municipales. Anual,Ciudad de México,2013,09,Ingresos,Subpartida Genérica,Bienes muebles e inmuebles,263698400,Cifras Definitivas.
Estadística de Finanzas Públicas Estatales y Municipales. Anual,Ciudad de México,2013,09,Ingresos,Subpartida Genérica,Bienes inmuebles,9151400,Cifras Definitivas.
Estadística de Finanzas Públicas Estatales y Municipales. Anual,Ciudad de México,2013,09,Ingresos,Concepto,Otros productos,8454100,Cifras Definitivas.
Estadística de Finanzas Públicas Estatales y Municipales. Anual,Ciudad de México,2013,09,Ingresos,Capítulo,Aprovechamientos,2261061000,Cifras Definitivas.
Estadística de Finanzas Públicas Estatales y Municipales. Anual,Ciudad de México,2013,09,Ingresos,Concepto,Aprovechamientos de tipo corriente,935131400,Cifras Definitivas.
Estadística de Finanzas Públicas Estatales y Municipales. Anual,Ciudad de México,2013,09,Ingresos,Partida Genérica,Multas,892503300,Cifras Definitivas.
Estadística de Finanzas Públicas Estatales y Municipales. Anual,Ciudad de México,2013,09,Ingresos,Partida Genérica,Fianzas y depósitos,29897800,Cifras Definitivas.
Estadística de Finanzas Públicas Estatales y Municipales. Anual,Ciudad de México,2013,09,Ingresos,Partida Genérica,Donaciones y aprovechamientos a favor del estado,12730300,Cifras Definitivas.
Estadística de Finanzas Públicas Estatales y Municipales. Anual,Ciudad de México,2013,09,Ingresos,Concepto,Aprovechamientos de tipo capital,224863300,Cifras Definitivas.
Estadística de Finanzas Públicas Estatales y Municipales. Anual,Ciudad de México,2013,09,Ingresos,Partida Genérica,Concesiones para la explotación de bienes patrimoniales,224863300,Cifras Definitivas.
Estadística de Finanzas Públicas Estatales y Municipales. Anual,Ciudad de México,2013,09,Ingresos,Concepto,Otros aprovechamientos,1101066300,Cifras Definitivas.
Estadística de Finanzas Públicas Estatales y Municipales. Anual,Ciudad de México,2013,09,Ingresos,Capítulo,Participaciones federales,64701231100,Cifras Definitivas.
Estadística de Finanzas Públicas Estatales y Municipales. Anual,Ciudad de México,2013,09,Ingresos,Concepto,Fondos participables,53437719900,Cifras Definitivas.
Estadística de Finanzas Públicas Estatales y Municipales. Anual,Ciudad de México,2013,09,Ingresos,Partida Genérica,Fondo General de Participaciones,48366095500,Cifras Definitivas.
Estadística de Finanzas Públicas Estatales y Municipales. Anual,Ciudad de México,2013,09,Ingresos,Partida Genérica,Fondo de Fomento Municipal,2639618500,Cifras Definitivas.
Estadística de Finanzas Públicas Estatales y Municipales. Anual,Ciudad de México,2013,09,Ingresos,Partida Genérica,Fondo de Fiscalización,2432005900,Cifras Definitivas.
Estadística de Finanzas Públicas Estatales y Municipales. Anual,Ciudad de México,2013,09,Ingresos,Concepto,Impuestos participables,4454519100,Cifras Definitivas.
Estadística de Finanzas Públicas Estatales y Municipales. Anual,Ciudad de México,2013,09,Ingresos,Partida Genérica,Impuesto sobre Tenencia o Uso de Vehículos,158705700,Cifras Definitivas.
Estadística de Finanzas Públicas Estatales y Municipales. Anual,Ciudad de México,2013,09,Ingresos,Partida Genérica,Impuesto sobre Automóviles Nuevos,1832925000,Cifras Definitivas.
Estadística de Finanzas Públicas Estatales y Municipales. Anual,Ciudad de México,2013,09,Ingresos,Partida Genérica,Impuesto Especial sobre Producción y Servicios,1334723300,Cifras Definitivas.
Estadística de Finanzas Públicas Estatales y Municipales. Anual,Ciudad de México,2013,09,Ingresos,Partida Genérica,IEPS Gasolinas,1128165100,Cifras Definitivas.
Estadística de Finanzas Públicas Estatales y Municipales. Anual,Ciudad de México,2013,09,Ingresos,Concepto,Otras participaciones,6808992100,Cifras Definitivas.
Estadística de Finanzas Públicas Estatales y Municipales. Anual,Ciudad de México,2013,09,Ingresos,Partida Genérica,Multas administrativas federales no fiscales,29249700,Cifras Definitivas.
Estadística de Finanzas Públicas Estatales y Municipales. Anual,Ciudad de México,2013,09,Ingresos,Partida Genérica,Incentivos por administración de impuestos,828261300,Cifras Definitivas.
Estadística de Finanzas Públicas Estatales y Municipales. Anual,Ciudad de México,2013,09,Ingresos,Partida Genérica,Participaciones diversas,5951481100,Cifras Definitivas.
Estadística de Finanzas Públicas Estatales y Municipales. Anual,Ciudad de México,2013,09,Ingresos,Capítulo,Aportaciones federales,24579138000,Cifras Definitivas.
Estadística de Finanzas Públicas Estatales y Municipales. Anual,Ciudad de México,2013,09,Ingresos,Concepto,Aportaciones del ramo general 33,10952218700,Cifras Definitivas.
Estadística de Finanzas Públicas Estatales y Municipales. Anual,Ciudad de México,2013,09,Ingresos,Partida Genérica,Aportaciones a entidades federativas,6404346300,Cifras Definitivas.
Estadística de Finanzas Públicas Estatales y Municipales. Anual,Ciudad de México,2013,09,Ingresos,Subpartida Genérica,FA para los Servicios de Salud,3476671200,Cifras Definitivas.
Estadística de Finanzas Públicas Estatales y Municipales. Anual,Ciudad de México,2013,09,Ingresos,Subpartida Genérica,FA Múltiples,578448100,Cifras Definitivas.
Estadística de Finanzas Públicas Estatales y Municipales. Anual,Ciudad de México,2013,09,Ingresos,Subpartida Genérica,FA para la Seguridad Pública,494721900,Cifras Definitivas.
Estadística de Finanzas Públicas Estatales y Municipales. Anual,Ciudad de México,2013,09,Ingresos,Subpartida Genérica,FA para el Fortalecimiento de los Municipios y las Demarcaciones Territoriales de la Ciudad de México,1854505100,Cifras Definitivas.
Estadística de Finanzas Públicas Estatales y Municipales. Anual,Ciudad de México,2013,09,Ingresos,Partida Genérica,Aportaciones a municipios,4547872400,Cifras Definitivas.
Estadística de Finanzas Públicas Estatales y Municipales. Anual,Ciudad de México,2013,09,Ingresos,Subpartida Genérica,FA para el Fortalecimiento de los Municipios,4547872400,Cifras Definitivas.
Estadística de Finanzas Públicas Estatales y Municipales. Anual,Ciudad de México,2013,09,Ingresos,Concepto,Recursos federales reasignados,13626919300,Cifras Definitivas.
Estadística de Finanzas Públicas Estatales y Municipales. Anual,Ciudad de México,2013,09,Ingresos,Partida Genérica,Convenios para obras públicas,34153000,Cifras Definitivas.
Estadística de Finanzas Públicas Estatales y Municipales. Anual,Ciudad de México,2013,09,Ingresos,Subpartida Genérica,Fondo para la estabilización de los ingresos,34153000,Cifras Definitivas.
Estadística de Finanzas Públicas Estatales y Municipales. Anual,Ciudad de México,2013,09,Ingresos,Partida Genérica,Recursos federales diversos,13592766300,Cifras Definitivas.
Estadística de Finanzas Públicas Estatales y Municipales. Anual,Ciudad de México,2013,09,Ingresos,Subpartida Genérica,Otros recursos federales,13592766300,Cifras Definitivas.
Estadística de Finanzas Públicas Estatales y Municipales. Anual,Ciudad de México,2013,09,Ingresos,Capítulo,Otros ingresos,3956819600,Cifras Definitivas.
Estadística de Finanzas Públicas Estatales y Municipales. Anual,Ciudad de México,2013,09,Ingresos,Concepto,Otros ingresos extraordinarios,3956819600,Cifras Definitivas.
Estadística de Finanzas Públicas Estatales y Municipales. Anual,Ciudad de México,2013,09,Ingresos,Capítulo,Financiamiento,4779051100,Cifras Definitivas.
Estadística de Finanzas Públicas Estatales y Municipales. Anual,Ciudad de México,2013,09,Ingresos,Concepto,Empréstitos,4779051100,Cifras Definitivas.
Estadística de Finanzas Públicas Estatales y Municipales. Anual,Ciudad de México,2013,09,Ingresos,Partida Genérica,Empréstitos diversos,4779051100,Cifras Definitivas.
