﻿PROD_EST,COBERTURA,ANIO,ID_ENTIDAD,TEMA,CATEGORIA,DESCRIPCION_CATEGORIA,VALOR,ESTATUS
Estadística de Finanzas Públicas Estatales y Municipales. Anual,Ciudad de México,2007,09,Egresos,Tema,Total de egresos,101176819500,Cifras Definitivas.
Estadística de Finanzas Públicas Estatales y Municipales. Anual,Ciudad de México,2007,09,Egresos,Capítulo,Servicios personales,18526425223,Cifras Definitivas.
Estadística de Finanzas Públicas Estatales y Municipales. Anual,Ciudad de México,2007,09,Egresos,Concepto,Remuneraciones al personal,5992727819,Cifras Definitivas.
Estadística de Finanzas Públicas Estatales y Municipales. Anual,Ciudad de México,2007,09,Egresos,Partida Genérica,Jefatura de Gobierno,48142853,Cifras Definitivas.
Estadística de Finanzas Públicas Estatales y Municipales. Anual,Ciudad de México,2007,09,Egresos,Partida Genérica,Secretaría de Gobierno,496520524,Cifras Definitivas.
Estadística de Finanzas Públicas Estatales y Municipales. Anual,Ciudad de México,2007,09,Egresos,Partida Genérica,Secretaría de Finanzas,337691778,Cifras Definitivas.
Estadística de Finanzas Públicas Estatales y Municipales. Anual,Ciudad de México,2007,09,Egresos,Partida Genérica,Secretaría de Educación,67864765,Cifras Definitivas.
Estadística de Finanzas Públicas Estatales y Municipales. Anual,Ciudad de México,2007,09,Egresos,Partida Genérica,Secretaría de Salud,1097426177,Cifras Definitivas.
Estadística de Finanzas Públicas Estatales y Municipales. Anual,Ciudad de México,2007,09,Egresos,Partida Genérica,Secretaría de Obras Públicas y Servicios,321567742,Cifras Definitivas.
Estadística de Finanzas Públicas Estatales y Municipales. Anual,Ciudad de México,2007,09,Egresos,Partida Genérica,Secretaría de Desarrollo Económico,32569563,Cifras Definitivas.
Estadística de Finanzas Públicas Estatales y Municipales. Anual,Ciudad de México,2007,09,Egresos,Partida Genérica,Secretaría de Turismo,11556847,Cifras Definitivas.
Estadística de Finanzas Públicas Estatales y Municipales. Anual,Ciudad de México,2007,09,Egresos,Partida Genérica,Secretaría del Medio Ambiente,230333975,Cifras Definitivas.
Estadística de Finanzas Públicas Estatales y Municipales. Anual,Ciudad de México,2007,09,Egresos,Partida Genérica,Secretaría de Desarrollo Social,127777763,Cifras Definitivas.
Estadística de Finanzas Públicas Estatales y Municipales. Anual,Ciudad de México,2007,09,Egresos,Partida Genérica,Secretaría de Desarrollo Rural y Equidad para las Comunidades,3968105,Cifras Definitivas.
Estadística de Finanzas Públicas Estatales y Municipales. Anual,Ciudad de México,2007,09,Egresos,Partida Genérica,Secretaría del Trabajo y Previsión Social,17010706,Cifras Definitivas.
Estadística de Finanzas Públicas Estatales y Municipales. Anual,Ciudad de México,2007,09,Egresos,Partida Genérica,Secretaría de Seguridad Pública,1940549189,Cifras Definitivas.
Estadística de Finanzas Públicas Estatales y Municipales. Anual,Ciudad de México,2007,09,Egresos,Partida Genérica,Procuraduría General de Justicia,824681595,Cifras Definitivas.
Estadística de Finanzas Públicas Estatales y Municipales. Anual,Ciudad de México,2007,09,Egresos,Partida Genérica,Contraloría General,53099400,Cifras Definitivas.
Estadística de Finanzas Públicas Estatales y Municipales. Anual,Ciudad de México,2007,09,Egresos,Partida Genérica,Oficialía Mayor,159191019,Cifras Definitivas.
Estadística de Finanzas Públicas Estatales y Municipales. Anual,Ciudad de México,2007,09,Egresos,Partida Genérica,Dependencias diversas,222775818,Cifras Definitivas.
Estadística de Finanzas Públicas Estatales y Municipales. Anual,Ciudad de México,2007,09,Egresos,Concepto,Remuneraciones adicionales y especiales,3267120977,Cifras Definitivas.
Estadística de Finanzas Públicas Estatales y Municipales. Anual,Ciudad de México,2007,09,Egresos,Partida Genérica,Primas por años de servicios efectivos prestados,118713187,Cifras Definitivas.
Estadística de Finanzas Públicas Estatales y Municipales. Anual,Ciudad de México,2007,09,Egresos,Partida Genérica,"Primas de vacaciones, dominical y gratificación de fin de año",1178418928,Cifras Definitivas.
Estadística de Finanzas Públicas Estatales y Municipales. Anual,Ciudad de México,2007,09,Egresos,Partida Genérica,Horas extraordinarias,135547003,Cifras Definitivas.
Estadística de Finanzas Públicas Estatales y Municipales. Anual,Ciudad de México,2007,09,Egresos,Partida Genérica,Compensaciones,1821779876,Cifras Definitivas.
Estadística de Finanzas Públicas Estatales y Municipales. Anual,Ciudad de México,2007,09,Egresos,Partida Genérica,Otras remuneraciones adicionales y especiales,12661983,Cifras Definitivas.
Estadística de Finanzas Públicas Estatales y Municipales. Anual,Ciudad de México,2007,09,Egresos,Concepto,Seguridad social,1681250168,Cifras Definitivas.
Estadística de Finanzas Públicas Estatales y Municipales. Anual,Ciudad de México,2007,09,Egresos,Partida Genérica,Aportaciones a fondos de vivienda,370978674,Cifras Definitivas.
Estadística de Finanzas Públicas Estatales y Municipales. Anual,Ciudad de México,2007,09,Egresos,Partida Genérica,Aportaciones para seguros,238517902,Cifras Definitivas.
Estadística de Finanzas Públicas Estatales y Municipales. Anual,Ciudad de México,2007,09,Egresos,Partida Genérica,Otras cuotas de seguridad social y seguros,1071753592,Cifras Definitivas.
Estadística de Finanzas Públicas Estatales y Municipales. Anual,Ciudad de México,2007,09,Egresos,Concepto,Otras prestaciones sociales y económicas,5608444370,Cifras Definitivas.
Estadística de Finanzas Públicas Estatales y Municipales. Anual,Ciudad de México,2007,09,Egresos,Partida Genérica,Cuotas para el fondo de ahorro y fondo de trabajo,260983976,Cifras Definitivas.
Estadística de Finanzas Públicas Estatales y Municipales. Anual,Ciudad de México,2007,09,Egresos,Partida Genérica,Indemnizaciones,95225972,Cifras Definitivas.
Estadística de Finanzas Públicas Estatales y Municipales. Anual,Ciudad de México,2007,09,Egresos,Partida Genérica,Prestaciones y haberes de retiro,140431403,Cifras Definitivas.
Estadística de Finanzas Públicas Estatales y Municipales. Anual,Ciudad de México,2007,09,Egresos,Partida Genérica,Otras prestaciones sociales y económicas,5111803019,Cifras Definitivas.
Estadística de Finanzas Públicas Estatales y Municipales. Anual,Ciudad de México,2007,09,Egresos,Concepto,Pago de estímulos a servidores públicos,1976881889,Cifras Definitivas.
Estadística de Finanzas Públicas Estatales y Municipales. Anual,Ciudad de México,2007,09,Egresos,Partida Genérica,Estímulos,1976881889,Cifras Definitivas.
Estadística de Finanzas Públicas Estatales y Municipales. Anual,Ciudad de México,2007,09,Egresos,Capítulo,Materiales y suministros,2229176652,Cifras Definitivas.
Estadística de Finanzas Públicas Estatales y Municipales. Anual,Ciudad de México,2007,09,Egresos,Concepto,"Materiales de administración, emisión de documentos y artículos oficiales",163725792,Cifras Definitivas.
Estadística de Finanzas Públicas Estatales y Municipales. Anual,Ciudad de México,2007,09,Egresos,Partida Genérica,"Materiales, útiles y equipos menores de oficina",29250571,Cifras Definitivas.
Estadística de Finanzas Públicas Estatales y Municipales. Anual,Ciudad de México,2007,09,Egresos,Partida Genérica,Materiales y útiles de impresión y reproducción,49229193,Cifras Definitivas.
Estadística de Finanzas Públicas Estatales y Municipales. Anual,Ciudad de México,2007,09,Egresos,Partida Genérica,Material estadístico y geográfico,2254,Cifras Definitivas.
Estadística de Finanzas Públicas Estatales y Municipales. Anual,Ciudad de México,2007,09,Egresos,Partida Genérica,"Materiales, útiles y equipos menores de tecnologías de la información y comunicaciones",54739307,Cifras Definitivas.
Estadística de Finanzas Públicas Estatales y Municipales. Anual,Ciudad de México,2007,09,Egresos,Partida Genérica,Material de limpieza,16969646,Cifras Definitivas.
Estadística de Finanzas Públicas Estatales y Municipales. Anual,Ciudad de México,2007,09,Egresos,Partida Genérica,Materiales y útiles de enseñanza,13534821,Cifras Definitivas.
Estadística de Finanzas Públicas Estatales y Municipales. Anual,Ciudad de México,2007,09,Egresos,Concepto,Alimentos y utensilios,509841182,Cifras Definitivas.
Estadística de Finanzas Públicas Estatales y Municipales. Anual,Ciudad de México,2007,09,Egresos,Partida Genérica,Otros alimentos y utensilios,509841182,Cifras Definitivas.
Estadística de Finanzas Públicas Estatales y Municipales. Anual,Ciudad de México,2007,09,Egresos,Concepto,"Herramientas, refacciones y accesorios menores",112408888,Cifras Definitivas.
Estadística de Finanzas Públicas Estatales y Municipales. Anual,Ciudad de México,2007,09,Egresos,Partida Genérica,Refacciones y accesorios menores otros bienes muebles,112408888,Cifras Definitivas.
Estadística de Finanzas Públicas Estatales y Municipales. Anual,Ciudad de México,2007,09,Egresos,Concepto,Materiales y artículos de construcción y de reparación,370704919,Cifras Definitivas.
Estadística de Finanzas Públicas Estatales y Municipales. Anual,Ciudad de México,2007,09,Egresos,Partida Genérica,Otros materiales y artículos de construcción y reparación,370704919,Cifras Definitivas.
Estadística de Finanzas Públicas Estatales y Municipales. Anual,Ciudad de México,2007,09,Egresos,Concepto,"Productos químicos, farmacéuticos, laboratorio y materias primas de producción y comercialización",565566349,Cifras Definitivas.
Estadística de Finanzas Públicas Estatales y Municipales. Anual,Ciudad de México,2007,09,Egresos,Partida Genérica,"Productos químicos, farmacéuticos y de laboratorio",361238658,Cifras Definitivas.
Estadística de Finanzas Públicas Estatales y Municipales. Anual,Ciudad de México,2007,09,Egresos,Subpartida Genérica,Productos químicos básicos,68271274,Cifras Definitivas.
Estadística de Finanzas Públicas Estatales y Municipales. Anual,Ciudad de México,2007,09,Egresos,Subpartida Genérica,"Fertilizantes, pesticidas y otros agroquímicos",4603504,Cifras Definitivas.
Estadística de Finanzas Públicas Estatales y Municipales. Anual,Ciudad de México,2007,09,Egresos,Subpartida Genérica,Medicinas y productos farmacéuticos,149906219,Cifras Definitivas.
Estadística de Finanzas Públicas Estatales y Municipales. Anual,Ciudad de México,2007,09,Egresos,Subpartida Genérica,"Materiales, accesorios y suministros médicos",122494170,Cifras Definitivas.
Estadística de Finanzas Públicas Estatales y Municipales. Anual,Ciudad de México,2007,09,Egresos,Subpartida Genérica,"Materiales, accesorios y suministros de laboratorio",15963491,Cifras Definitivas.
Estadística de Finanzas Públicas Estatales y Municipales. Anual,Ciudad de México,2007,09,Egresos,Partida Genérica,Otros productos adquiridos como materia prima,204327691,Cifras Definitivas.
Estadística de Finanzas Públicas Estatales y Municipales. Anual,Ciudad de México,2007,09,Egresos,Concepto,"Combustibles, lubricantes y aditivos",405208230,Cifras Definitivas.
Estadística de Finanzas Públicas Estatales y Municipales. Anual,Ciudad de México,2007,09,Egresos,Partida Genérica,"Combustibles, lubricantes y aditivos",405208230,Cifras Definitivas.
Estadística de Finanzas Públicas Estatales y Municipales. Anual,Ciudad de México,2007,09,Egresos,Concepto,"Vestuario, blancos, prendas de protección y artículos deportivos",98113297,Cifras Definitivas.
Estadística de Finanzas Públicas Estatales y Municipales. Anual,Ciudad de México,2007,09,Egresos,Partida Genérica,Vestuario y uniformes,81548223,Cifras Definitivas.
Estadística de Finanzas Públicas Estatales y Municipales. Anual,Ciudad de México,2007,09,Egresos,Partida Genérica,Prendas de seguridad y protección personal,10914109,Cifras Definitivas.
Estadística de Finanzas Públicas Estatales y Municipales. Anual,Ciudad de México,2007,09,Egresos,Partida Genérica,Artículos deportivos,5650965,Cifras Definitivas.
Estadística de Finanzas Públicas Estatales y Municipales. Anual,Ciudad de México,2007,09,Egresos,Concepto,Materiales y suministros para seguridad,3390562,Cifras Definitivas.
Estadística de Finanzas Públicas Estatales y Municipales. Anual,Ciudad de México,2007,09,Egresos,Partida Genérica,Sustancias y materiales explosivos,855509,Cifras Definitivas.
Estadística de Finanzas Públicas Estatales y Municipales. Anual,Ciudad de México,2007,09,Egresos,Partida Genérica,Materiales de seguridad pública,2535053,Cifras Definitivas.
Estadística de Finanzas Públicas Estatales y Municipales. Anual,Ciudad de México,2007,09,Egresos,Concepto,Materiales y suministros diversos,217433,Cifras Definitivas.
Estadística de Finanzas Públicas Estatales y Municipales. Anual,Ciudad de México,2007,09,Egresos,Capítulo,Servicios generales,5561023089,Cifras Definitivas.
Estadística de Finanzas Públicas Estatales y Municipales. Anual,Ciudad de México,2007,09,Egresos,Concepto,Servicios básicos,421617869,Cifras Definitivas.
Estadística de Finanzas Públicas Estatales y Municipales. Anual,Ciudad de México,2007,09,Egresos,Partida Genérica,Energía eléctrica,169266638,Cifras Definitivas.
Estadística de Finanzas Públicas Estatales y Municipales. Anual,Ciudad de México,2007,09,Egresos,Partida Genérica,Agua,66194333,Cifras Definitivas.
Estadística de Finanzas Públicas Estatales y Municipales. Anual,Ciudad de México,2007,09,Egresos,Partida Genérica,Telefonía tradicional,82371381,Cifras Definitivas.
Estadística de Finanzas Públicas Estatales y Municipales. Anual,Ciudad de México,2007,09,Egresos,Partida Genérica,Telefonía celular,141711,Cifras Definitivas.
Estadística de Finanzas Públicas Estatales y Municipales. Anual,Ciudad de México,2007,09,Egresos,Partida Genérica,Servicios de telecomunicaciones y satélites,41410032,Cifras Definitivas.
Estadística de Finanzas Públicas Estatales y Municipales. Anual,Ciudad de México,2007,09,Egresos,Partida Genérica,Servicios postales y telegráficos,26100214,Cifras Definitivas.
Estadística de Finanzas Públicas Estatales y Municipales. Anual,Ciudad de México,2007,09,Egresos,Partida Genérica,Servicios integrales y otros servicios,36133560,Cifras Definitivas.
Estadística de Finanzas Públicas Estatales y Municipales. Anual,Ciudad de México,2007,09,Egresos,Concepto,Servicios de arrendamiento,187711799,Cifras Definitivas.
Estadística de Finanzas Públicas Estatales y Municipales. Anual,Ciudad de México,2007,09,Egresos,Partida Genérica,Otros arrendamientos,187711799,Cifras Definitivas.
Estadística de Finanzas Públicas Estatales y Municipales. Anual,Ciudad de México,2007,09,Egresos,Concepto,"Servicios profesionales, científicos, técnicos y otros servicios",2004777314,Cifras Definitivas.
Estadística de Finanzas Públicas Estatales y Municipales. Anual,Ciudad de México,2007,09,Egresos,Partida Genérica,Servicios de vigilancia,821469445,Cifras Definitivas.
Estadística de Finanzas Públicas Estatales y Municipales. Anual,Ciudad de México,2007,09,Egresos,Partida Genérica,"Servicios profesionales, científicos y técnicos integrales",1183307869,Cifras Definitivas.
Estadística de Finanzas Públicas Estatales y Municipales. Anual,Ciudad de México,2007,09,Egresos,Concepto,"Servicios financieros, bancarios y comerciales",544597257,Cifras Definitivas.
Estadística de Finanzas Públicas Estatales y Municipales. Anual,Ciudad de México,2007,09,Egresos,Partida Genérica,Servicios financieros y bancarios,18282010,Cifras Definitivas.
Estadística de Finanzas Públicas Estatales y Municipales. Anual,Ciudad de México,2007,09,Egresos,Partida Genérica,"Servicios de recaudación, traslado y custodia de valores",271981702,Cifras Definitivas.
Estadística de Finanzas Públicas Estatales y Municipales. Anual,Ciudad de México,2007,09,Egresos,Partida Genérica,Seguro de bienes patrimoniales,196048446,Cifras Definitivas.
Estadística de Finanzas Públicas Estatales y Municipales. Anual,Ciudad de México,2007,09,Egresos,Partida Genérica,"Almacenaje, envase y embalaje",7923,Cifras Definitivas.
Estadística de Finanzas Públicas Estatales y Municipales. Anual,Ciudad de México,2007,09,Egresos,Partida Genérica,Fletes y maniobras,30444368,Cifras Definitivas.
Estadística de Finanzas Públicas Estatales y Municipales. Anual,Ciudad de México,2007,09,Egresos,Partida Genérica,"Servicios financieros, bancarios y comerciales integrales",27832808,Cifras Definitivas.
Estadística de Finanzas Públicas Estatales y Municipales. Anual,Ciudad de México,2007,09,Egresos,Concepto,"Servicios de instalación, reparación, mantenimiento y conservación",647722484,Cifras Definitivas.
Estadística de Finanzas Públicas Estatales y Municipales. Anual,Ciudad de México,2007,09,Egresos,Partida Genérica,Conservación y mantenimiento menor de inmuebles,154425454,Cifras Definitivas.
Estadística de Finanzas Públicas Estatales y Municipales. Anual,Ciudad de México,2007,09,Egresos,Partida Genérica,"Instalación, reparación y mantenimiento de mobiliario y equipo de administración, educacional y recreativo",10164713,Cifras Definitivas.
Estadística de Finanzas Públicas Estatales y Municipales. Anual,Ciudad de México,2007,09,Egresos,Partida Genérica,"Instalación, reparación y mantenimiento de equipo de cómputo y tecnología de la información",16922037,Cifras Definitivas.
Estadística de Finanzas Públicas Estatales y Municipales. Anual,Ciudad de México,2007,09,Egresos,Partida Genérica,Reparación y mantenimiento de equipo de transporte,154877043,Cifras Definitivas.
Estadística de Finanzas Públicas Estatales y Municipales. Anual,Ciudad de México,2007,09,Egresos,Partida Genérica,"Instalación, reparación y mantenimiento de maquinaria, otros equipos y herramienta",151737470,Cifras Definitivas.
Estadística de Finanzas Públicas Estatales y Municipales. Anual,Ciudad de México,2007,09,Egresos,Partida Genérica,Servicios de limpieza y manejo de desechos,137207417,Cifras Definitivas.
Estadística de Finanzas Públicas Estatales y Municipales. Anual,Ciudad de México,2007,09,Egresos,Partida Genérica,Diversos servicios de mantenimiento,22388350,Cifras Definitivas.
Estadística de Finanzas Públicas Estatales y Municipales. Anual,Ciudad de México,2007,09,Egresos,Concepto,Servicios de comunicación social y publicidad,415882873,Cifras Definitivas.
Estadística de Finanzas Públicas Estatales y Municipales. Anual,Ciudad de México,2007,09,Egresos,Partida Genérica,"Difusión por radio, televisión y otros medios de mensajes sobre programas y actividades gubernamentales",261868576,Cifras Definitivas.
Estadística de Finanzas Públicas Estatales y Municipales. Anual,Ciudad de México,2007,09,Egresos,Partida Genérica,"Difusión por radio, televisión y otros medios de mensajes comerciales para promover la venta de bienes o servicios",12940929,Cifras Definitivas.
Estadística de Finanzas Públicas Estatales y Municipales. Anual,Ciudad de México,2007,09,Egresos,Partida Genérica,Otros servicios de información,141073368,Cifras Definitivas.
Estadística de Finanzas Públicas Estatales y Municipales. Anual,Ciudad de México,2007,09,Egresos,Concepto,Servicios de traslado y viáticos,32686275,Cifras Definitivas.
Estadística de Finanzas Públicas Estatales y Municipales. Anual,Ciudad de México,2007,09,Egresos,Partida Genérica,Servicios integrales de traslado y viáticos,30907551,Cifras Definitivas.
Estadística de Finanzas Públicas Estatales y Municipales. Anual,Ciudad de México,2007,09,Egresos,Partida Genérica,Otros servicios de traslado y hospedaje,1778724,Cifras Definitivas.
Estadística de Finanzas Públicas Estatales y Municipales. Anual,Ciudad de México,2007,09,Egresos,Concepto,Servicios oficiales,202563228,Cifras Definitivas.
Estadística de Finanzas Públicas Estatales y Municipales. Anual,Ciudad de México,2007,09,Egresos,Partida Genérica,Gastos de ceremonial,143511660,Cifras Definitivas.
Estadística de Finanzas Públicas Estatales y Municipales. Anual,Ciudad de México,2007,09,Egresos,Partida Genérica,Congresos y convenciones,56988720,Cifras Definitivas.
Estadística de Finanzas Públicas Estatales y Municipales. Anual,Ciudad de México,2007,09,Egresos,Partida Genérica,Diversos servicios oficiales,2062848,Cifras Definitivas.
Estadística de Finanzas Públicas Estatales y Municipales. Anual,Ciudad de México,2007,09,Egresos,Concepto,Otros servicios generales,1103463990,Cifras Definitivas.
Estadística de Finanzas Públicas Estatales y Municipales. Anual,Ciudad de México,2007,09,Egresos,Partida Genérica,Impuestos y derechos,39394154,Cifras Definitivas.
Estadística de Finanzas Públicas Estatales y Municipales. Anual,Ciudad de México,2007,09,Egresos,Partida Genérica,Impuesto sobre nóminas y otros que se deriven de una relación laboral,308580588,Cifras Definitivas.
Estadística de Finanzas Públicas Estatales y Municipales. Anual,Ciudad de México,2007,09,Egresos,Partida Genérica,Otros servicios generales,755489248,Cifras Definitivas.
Estadística de Finanzas Públicas Estatales y Municipales. Anual,Ciudad de México,2007,09,Egresos,Capítulo,"Transferencias, asignaciones, subsidios y otras ayudas",27160651887,Cifras Definitivas.
Estadística de Finanzas Públicas Estatales y Municipales. Anual,Ciudad de México,2007,09,Egresos,Concepto,Transferencias internas y asignaciones al sector público,26997537170,Cifras Definitivas.
Estadística de Finanzas Públicas Estatales y Municipales. Anual,Ciudad de México,2007,09,Egresos,Partida Genérica,A poderes,4143085931,Cifras Definitivas.
Estadística de Finanzas Públicas Estatales y Municipales. Anual,Ciudad de México,2007,09,Egresos,Subpartida Genérica,Legislativo,1132803665,Cifras Definitivas.
Estadística de Finanzas Públicas Estatales y Municipales. Anual,Ciudad de México,2007,09,Egresos,Subpartida Genérica,Judicial,3010282266,Cifras Definitivas.
Estadística de Finanzas Públicas Estatales y Municipales. Anual,Ciudad de México,2007,09,Egresos,Partida Genérica,A instituciones del gobierno según función,20823803934,Cifras Definitivas.
Estadística de Finanzas Públicas Estatales y Municipales. Anual,Ciudad de México,2007,09,Egresos,Subpartida Genérica,Instituciones y programas de educación,712284441,Cifras Definitivas.
Estadística de Finanzas Públicas Estatales y Municipales. Anual,Ciudad de México,2007,09,Egresos,Subpartida Genérica,Instituciones y programas de salud,112500,Cifras Definitivas.
Estadística de Finanzas Públicas Estatales y Municipales. Anual,Ciudad de México,2007,09,Egresos,Subpartida Genérica,Instituciones y programas de asistencia social,46734508,Cifras Definitivas.
Estadística de Finanzas Públicas Estatales y Municipales. Anual,Ciudad de México,2007,09,Egresos,Subpartida Genérica,Instituciones y programas de seguridad social,4012778,Cifras Definitivas.
Estadística de Finanzas Públicas Estatales y Municipales. Anual,Ciudad de México,2007,09,Egresos,Subpartida Genérica,Instituciones y programas de cultura y deporte,4899752087,Cifras Definitivas.
Estadística de Finanzas Públicas Estatales y Municipales. Anual,Ciudad de México,2007,09,Egresos,Subpartida Genérica,Instituciones y programas de seguridad pública,6309499498,Cifras Definitivas.
Estadística de Finanzas Públicas Estatales y Municipales. Anual,Ciudad de México,2007,09,Egresos,Subpartida Genérica,Instituciones y programas del sector turismo,135256127,Cifras Definitivas.
Estadística de Finanzas Públicas Estatales y Municipales. Anual,Ciudad de México,2007,09,Egresos,Subpartida Genérica,Instituciones y programas del sector económico,59577448,Cifras Definitivas.
Estadística de Finanzas Públicas Estatales y Municipales. Anual,Ciudad de México,2007,09,Egresos,Subpartida Genérica,Instituciones y programas de infraestructura,8656574547,Cifras Definitivas.
Estadística de Finanzas Públicas Estatales y Municipales. Anual,Ciudad de México,2007,09,Egresos,Partida Genérica,Órganos autónomos y electorales,1983226817,Cifras Definitivas.
Estadística de Finanzas Públicas Estatales y Municipales. Anual,Ciudad de México,2007,09,Egresos,Subpartida Genérica,Instituto electoral,990755826,Cifras Definitivas.
Estadística de Finanzas Públicas Estatales y Municipales. Anual,Ciudad de México,2007,09,Egresos,Subpartida Genérica,Comisión de derechos humanos,272172486,Cifras Definitivas.
Estadística de Finanzas Públicas Estatales y Municipales. Anual,Ciudad de México,2007,09,Egresos,Subpartida Genérica,Instituciones de transparencia,75896858,Cifras Definitivas.
Estadística de Finanzas Públicas Estatales y Municipales. Anual,Ciudad de México,2007,09,Egresos,Subpartida Genérica,Diversos órganos autónomos y electorales,644401647,Cifras Definitivas.
Estadística de Finanzas Públicas Estatales y Municipales. Anual,Ciudad de México,2007,09,Egresos,Partida Genérica,Diversas transferencias,47420488,Cifras Definitivas.
Estadística de Finanzas Públicas Estatales y Municipales. Anual,Ciudad de México,2007,09,Egresos,Subpartida Genérica,Otras transferencias,47420488,Cifras Definitivas.
Estadística de Finanzas Públicas Estatales y Municipales. Anual,Ciudad de México,2007,09,Egresos,Concepto,Ayudas sociales,142151619,Cifras Definitivas.
Estadística de Finanzas Públicas Estatales y Municipales. Anual,Ciudad de México,2007,09,Egresos,Partida Genérica,Ayudas sociales a personas,134811702,Cifras Definitivas.
Estadística de Finanzas Públicas Estatales y Municipales. Anual,Ciudad de México,2007,09,Egresos,Partida Genérica,Becas y otras ayudas para programas de capacitación,7339917,Cifras Definitivas.
Estadística de Finanzas Públicas Estatales y Municipales. Anual,Ciudad de México,2007,09,Egresos,Concepto,Subsidios y subvenciones,20935264,Cifras Definitivas.
Estadística de Finanzas Públicas Estatales y Municipales. Anual,Ciudad de México,2007,09,Egresos,Partida Genérica,Subsidios diversos,20935264,Cifras Definitivas.
Estadística de Finanzas Públicas Estatales y Municipales. Anual,Ciudad de México,2007,09,Egresos,Concepto,Pensiones y jubilaciones,27834,Cifras Definitivas.
Estadística de Finanzas Públicas Estatales y Municipales. Anual,Ciudad de México,2007,09,Egresos,Partida Genérica,Pensiones,27834,Cifras Definitivas.
Estadística de Finanzas Públicas Estatales y Municipales. Anual,Ciudad de México,2007,09,Egresos,Capítulo,"Bienes muebles, inmuebles e intangibles",1374650989,Cifras Definitivas.
Estadística de Finanzas Públicas Estatales y Municipales. Anual,Ciudad de México,2007,09,Egresos,Concepto,Mobiliario y equipo de administración,199454457,Cifras Definitivas.
Estadística de Finanzas Públicas Estatales y Municipales. Anual,Ciudad de México,2007,09,Egresos,Partida Genérica,Muebles de oficina y estantería,48032458,Cifras Definitivas.
Estadística de Finanzas Públicas Estatales y Municipales. Anual,Ciudad de México,2007,09,Egresos,Partida Genérica,"Bienes artísticos, culturales y científicos",3732932,Cifras Definitivas.
Estadística de Finanzas Públicas Estatales y Municipales. Anual,Ciudad de México,2007,09,Egresos,Partida Genérica,Equipo de cómputo y de tecnologías de la información,147689067,Cifras Definitivas.
Estadística de Finanzas Públicas Estatales y Municipales. Anual,Ciudad de México,2007,09,Egresos,Concepto,Mobiliario y equipo educacional y recreativo,38451681,Cifras Definitivas.
Estadística de Finanzas Públicas Estatales y Municipales. Anual,Ciudad de México,2007,09,Egresos,Partida Genérica,Otro mobiliario y equipo educacional y recreativo,38451681,Cifras Definitivas.
Estadística de Finanzas Públicas Estatales y Municipales. Anual,Ciudad de México,2007,09,Egresos,Concepto,Vehículos y equipo de transporte,204536356,Cifras Definitivas.
Estadística de Finanzas Públicas Estatales y Municipales. Anual,Ciudad de México,2007,09,Egresos,Partida Genérica,Otros equipos de transporte,204536356,Cifras Definitivas.
Estadística de Finanzas Públicas Estatales y Municipales. Anual,Ciudad de México,2007,09,Egresos,Concepto,Equipo de defensa y seguridad y equipo e instrumental médico y laboratorio,112208734,Cifras Definitivas.
Estadística de Finanzas Públicas Estatales y Municipales. Anual,Ciudad de México,2007,09,Egresos,Partida Genérica,Equipo de defensa y seguridad,47814815,Cifras Definitivas.
Estadística de Finanzas Públicas Estatales y Municipales. Anual,Ciudad de México,2007,09,Egresos,Partida Genérica,Equipo médico y de laboratorio,64254628,Cifras Definitivas.
Estadística de Finanzas Públicas Estatales y Municipales. Anual,Ciudad de México,2007,09,Egresos,Partida Genérica,Instrumental médico y de laboratorio,139291,Cifras Definitivas.
Estadística de Finanzas Públicas Estatales y Municipales. Anual,Ciudad de México,2007,09,Egresos,Concepto,"Maquinaria, otros equipos y herramientas",103941990,Cifras Definitivas.
Estadística de Finanzas Públicas Estatales y Municipales. Anual,Ciudad de México,2007,09,Egresos,Partida Genérica,Maquinaria y equipo industrial,4908316,Cifras Definitivas.
Estadística de Finanzas Públicas Estatales y Municipales. Anual,Ciudad de México,2007,09,Egresos,Partida Genérica,Maquinaria y equipo de construcción,48226,Cifras Definitivas.
Estadística de Finanzas Públicas Estatales y Municipales. Anual,Ciudad de México,2007,09,Egresos,Partida Genérica,Equipo de comunicación y telecomunicación,84671214,Cifras Definitivas.
Estadística de Finanzas Públicas Estatales y Municipales. Anual,Ciudad de México,2007,09,Egresos,Partida Genérica,"Equipos de generación eléctrica, aparatos y accesorios eléctricos",12286353,Cifras Definitivas.
Estadística de Finanzas Públicas Estatales y Municipales. Anual,Ciudad de México,2007,09,Egresos,Partida Genérica,Herramientas y máquinas-herramienta,461421,Cifras Definitivas.
Estadística de Finanzas Públicas Estatales y Municipales. Anual,Ciudad de México,2007,09,Egresos,Partida Genérica,Otros equipos,1566460,Cifras Definitivas.
Estadística de Finanzas Públicas Estatales y Municipales. Anual,Ciudad de México,2007,09,Egresos,Concepto,Activos biológicos,1276000,Cifras Definitivas.
Estadística de Finanzas Públicas Estatales y Municipales. Anual,Ciudad de México,2007,09,Egresos,Partida Genérica,Otros activos biológicos,1276000,Cifras Definitivas.
Estadística de Finanzas Públicas Estatales y Municipales. Anual,Ciudad de México,2007,09,Egresos,Concepto,Bienes inmuebles,714781771,Cifras Definitivas.
Estadística de Finanzas Públicas Estatales y Municipales. Anual,Ciudad de México,2007,09,Egresos,Partida Genérica,Edificios no residenciales,54631895,Cifras Definitivas.
Estadística de Finanzas Públicas Estatales y Municipales. Anual,Ciudad de México,2007,09,Egresos,Partida Genérica,Otros bienes inmuebles,660149876,Cifras Definitivas.
Estadística de Finanzas Públicas Estatales y Municipales. Anual,Ciudad de México,2007,09,Egresos,Capítulo,Inversión pública,2905813240,Cifras Definitivas.
Estadística de Finanzas Públicas Estatales y Municipales. Anual,Ciudad de México,2007,09,Egresos,Concepto,Obra pública en bienes de dominio público,2905813240,Cifras Definitivas.
Estadística de Finanzas Públicas Estatales y Municipales. Anual,Ciudad de México,2007,09,Egresos,Partida Genérica,Otras construcciones de ingeniería civil u obra pesada,84044106,Cifras Definitivas.
Estadística de Finanzas Públicas Estatales y Municipales. Anual,Ciudad de México,2007,09,Egresos,Partida Genérica,Diversas obras públicas en bienes de dominio público,2821769134,Cifras Definitivas.
Estadística de Finanzas Públicas Estatales y Municipales. Anual,Ciudad de México,2007,09,Egresos,Capítulo,Inversiones financieras y otras provisiones,185634665,Cifras Definitivas.
Estadística de Finanzas Públicas Estatales y Municipales. Anual,Ciudad de México,2007,09,Egresos,Concepto,Compra de títulos y valores,185634665,Cifras Definitivas.
Estadística de Finanzas Públicas Estatales y Municipales. Anual,Ciudad de México,2007,09,Egresos,Partida Genérica,Otros valores,185634665,Cifras Definitivas.
Estadística de Finanzas Públicas Estatales y Municipales. Anual,Ciudad de México,2007,09,Egresos,Capítulo,Recursos asignados a alcaldías de la Ciudad de México y sector paraestatal,38697824038,Cifras Definitivas.
Estadística de Finanzas Públicas Estatales y Municipales. Anual,Ciudad de México,2007,09,Egresos,Concepto,Alcaldías de la Ciudad de México,19867999100,Cifras Definitivas.
Estadística de Finanzas Públicas Estatales y Municipales. Anual,Ciudad de México,2007,09,Egresos,Partida Genérica,Azcapotzalco,962319700,Cifras Definitivas.
Estadística de Finanzas Públicas Estatales y Municipales. Anual,Ciudad de México,2007,09,Egresos,Partida Genérica,Coyoacán,1215101900,Cifras Definitivas.
Estadística de Finanzas Públicas Estatales y Municipales. Anual,Ciudad de México,2007,09,Egresos,Partida Genérica,Cuajimalpa de Morelos,653144100,Cifras Definitivas.
Estadística de Finanzas Públicas Estatales y Municipales. Anual,Ciudad de México,2007,09,Egresos,Partida Genérica,Gustavo A. Madero,2182761000,Cifras Definitivas.
Estadística de Finanzas Públicas Estatales y Municipales. Anual,Ciudad de México,2007,09,Egresos,Partida Genérica,Iztacalco,981578700,Cifras Definitivas.
Estadística de Finanzas Públicas Estatales y Municipales. Anual,Ciudad de México,2007,09,Egresos,Partida Genérica,Iztapalapa,2600250700,Cifras Definitivas.
Estadística de Finanzas Públicas Estatales y Municipales. Anual,Ciudad de México,2007,09,Egresos,Partida Genérica,Magdalena Contreras,632462800,Cifras Definitivas.
Estadística de Finanzas Públicas Estatales y Municipales. Anual,Ciudad de México,2007,09,Egresos,Partida Genérica,Milpa Alta,712401700,Cifras Definitivas.
Estadística de Finanzas Públicas Estatales y Municipales. Anual,Ciudad de México,2007,09,Egresos,Partida Genérica,Álvaro Obregón,1402456200,Cifras Definitivas.
Estadística de Finanzas Públicas Estatales y Municipales. Anual,Ciudad de México,2007,09,Egresos,Partida Genérica,Tláhuac,851125900,Cifras Definitivas.
Estadística de Finanzas Públicas Estatales y Municipales. Anual,Ciudad de México,2007,09,Egresos,Partida Genérica,Tlalpan,1337426700,Cifras Definitivas.
Estadística de Finanzas Públicas Estatales y Municipales. Anual,Ciudad de México,2007,09,Egresos,Partida Genérica,Xochimilco,1052796800,Cifras Definitivas.
Estadística de Finanzas Públicas Estatales y Municipales. Anual,Ciudad de México,2007,09,Egresos,Partida Genérica,Benito Juárez,974385400,Cifras Definitivas.
Estadística de Finanzas Públicas Estatales y Municipales. Anual,Ciudad de México,2007,09,Egresos,Partida Genérica,Cuauhtémoc,1814989100,Cifras Definitivas.
Estadística de Finanzas Públicas Estatales y Municipales. Anual,Ciudad de México,2007,09,Egresos,Partida Genérica,Miguel Hidalgo,1103978900,Cifras Definitivas.
Estadística de Finanzas Públicas Estatales y Municipales. Anual,Ciudad de México,2007,09,Egresos,Partida Genérica,Venustiano Carranza,1390819500,Cifras Definitivas.
Estadística de Finanzas Públicas Estatales y Municipales. Anual,Ciudad de México,2007,09,Egresos,Concepto,Sector Paraestatal del Gobierno de la Ciudad de México,18829824938,Cifras Definitivas.
Estadística de Finanzas Públicas Estatales y Municipales. Anual,Ciudad de México,2007,09,Egresos,Partida Genérica,Heroico Cuerpo de Bomberos de la Ciudad de México,381729400,Cifras Definitivas.
Estadística de Finanzas Públicas Estatales y Municipales. Anual,Ciudad de México,2007,09,Egresos,Partida Genérica,Instituto de Vivienda de la Ciudad de México,1335548400,Cifras Definitivas.
Estadística de Finanzas Públicas Estatales y Municipales. Anual,Ciudad de México,2007,09,Egresos,Partida Genérica,Fondo para el Desarrollo Social de la Ciudad de México,63052600,Cifras Definitivas.
Estadística de Finanzas Públicas Estatales y Municipales. Anual,Ciudad de México,2007,09,Egresos,Partida Genérica,Fideicomiso de Recuperación Crediticia de la Ciudad de México FIDERE III,2078000,Cifras Definitivas.
Estadística de Finanzas Públicas Estatales y Municipales. Anual,Ciudad de México,2007,09,Egresos,Partida Genérica,Fondo de Desarrollo Económico de la Ciudad de México,30000000,Cifras Definitivas.
Estadística de Finanzas Públicas Estatales y Municipales. Anual,Ciudad de México,2007,09,Egresos,Partida Genérica,Fondo Mixto de Promoción Turística de la Ciudad de México,216464600,Cifras Definitivas.
Estadística de Finanzas Públicas Estatales y Municipales. Anual,Ciudad de México,2007,09,Egresos,Partida Genérica,Fondo Ambiental Público de la Ciudad de México,149690000,Cifras Definitivas.
Estadística de Finanzas Públicas Estatales y Municipales. Anual,Ciudad de México,2007,09,Egresos,Partida Genérica,Fideicomiso para el Mejoramiento de las Vías de Comunicación del D. F.,56286900,Cifras Definitivas.
Estadística de Finanzas Públicas Estatales y Municipales. Anual,Ciudad de México,2007,09,Egresos,Partida Genérica,Sistema para el Desarrollo Integral de la Familia,2024539000,Cifras Definitivas.
Estadística de Finanzas Públicas Estatales y Municipales. Anual,Ciudad de México,2007,09,Egresos,Partida Genérica,Instituto de Educación Media Superior de la Ciudad de México,502365600,Cifras Definitivas.
Estadística de Finanzas Públicas Estatales y Municipales. Anual,Ciudad de México,2007,09,Egresos,Partida Genérica,Instituto de la Juventud de la Ciudad de México,68459300,Cifras Definitivas.
Estadística de Finanzas Públicas Estatales y Municipales. Anual,Ciudad de México,2007,09,Egresos,Partida Genérica,Instituto de las Mujeres de la Ciudad de México,106713404,Cifras Definitivas.
Estadística de Finanzas Públicas Estatales y Municipales. Anual,Ciudad de México,2007,09,Egresos,Partida Genérica,Fideicomiso del Centro Histórico de la Ciudad de México,36815100,Cifras Definitivas.
Estadística de Finanzas Públicas Estatales y Municipales. Anual,Ciudad de México,2007,09,Egresos,Partida Genérica,Sistema de Transporte Colectivo (Metro),6890687300,Cifras Definitivas.
Estadística de Finanzas Públicas Estatales y Municipales. Anual,Ciudad de México,2007,09,Egresos,Partida Genérica,Servicio de Transportes Eléctricos de la Ciudad de México,696637600,Cifras Definitivas.
Estadística de Finanzas Públicas Estatales y Municipales. Anual,Ciudad de México,2007,09,Egresos,Partida Genérica,Sistema de Movilidad 1,599600300,Cifras Definitivas.
Estadística de Finanzas Públicas Estatales y Municipales. Anual,Ciudad de México,2007,09,Egresos,Partida Genérica,Fideicomiso para el Fondo de Promoción del Transporte Público,25000000,Cifras Definitivas.
Estadística de Finanzas Públicas Estatales y Municipales. Anual,Ciudad de México,2007,09,Egresos,Partida Genérica,Caja de Previsión para Trabajadores a Lista de Raya de la Ciudad de México,353374500,Cifras Definitivas.
Estadística de Finanzas Públicas Estatales y Municipales. Anual,Ciudad de México,2007,09,Egresos,Partida Genérica,Caja de Previsión de la Policía Preventiva de la Ciudad de México,200000000,Cifras Definitivas.
Estadística de Finanzas Públicas Estatales y Municipales. Anual,Ciudad de México,2007,09,Egresos,Partida Genérica,Servicios de Salud Pública de la Ciudad de México,2576752000,Cifras Definitivas.
Estadística de Finanzas Públicas Estatales y Municipales. Anual,Ciudad de México,2007,09,Egresos,Partida Genérica,Procuraduría Social de la Ciudad de México,180502500,Cifras Definitivas.
Estadística de Finanzas Públicas Estatales y Municipales. Anual,Ciudad de México,2007,09,Egresos,Partida Genérica,Fondo de Seguridad Pública del D. F.,411145600,Cifras Definitivas.
Estadística de Finanzas Públicas Estatales y Municipales. Anual,Ciudad de México,2007,09,Egresos,Partida Genérica,Procuraduría Ambiental y del Ordenamiento Territorial de la Ciudad de México,51393446,Cifras Definitivas.
Estadística de Finanzas Públicas Estatales y Municipales. Anual,Ciudad de México,2007,09,Egresos,Partida Genérica,Fondo para la Atención y Apoyo a las Víctimas del Delito,9335700,Cifras Definitivas.
Estadística de Finanzas Públicas Estatales y Municipales. Anual,Ciudad de México,2007,09,Egresos,Partida Genérica,Metrobús,74270800,Cifras Definitivas.
Estadística de Finanzas Públicas Estatales y Municipales. Anual,Ciudad de México,2007,09,Egresos,Partida Genérica,Fideicomiso Museo de Arte Popular Mexicano,17000000,Cifras Definitivas.
Estadística de Finanzas Públicas Estatales y Municipales. Anual,Ciudad de México,2007,09,Egresos,Partida Genérica,Fideicomiso Museo del Estanquillo,6718500,Cifras Definitivas.
Estadística de Finanzas Públicas Estatales y Municipales. Anual,Ciudad de México,2007,09,Egresos,Partida Genérica,Instituto de Ciencia y Tecnología del Distrito Federal,104561588,Cifras Definitivas.
Estadística de Finanzas Públicas Estatales y Municipales. Anual,Ciudad de México,2007,09,Egresos,Partida Genérica,Fideicomiso de Apoyo a la Infraestructura,1000000000,Cifras Definitivas.
Estadística de Finanzas Públicas Estatales y Municipales. Anual,Ciudad de México,2007,09,Egresos,Partida Genérica,Fideicomiso Innova,50000000,Cifras Definitivas.
Estadística de Finanzas Públicas Estatales y Municipales. Anual,Ciudad de México,2007,09,Egresos,Partida Genérica,Fideicomiso Educación Garantizada,609102800,Cifras Definitivas.
Estadística de Finanzas Públicas Estatales y Municipales. Anual,Ciudad de México,2007,09,Egresos,Capítulo,Deuda pública,3604985433,Cifras Definitivas.
Estadística de Finanzas Públicas Estatales y Municipales. Anual,Ciudad de México,2007,09,Egresos,Concepto,Intereses de la deuda pública,3604985433,Cifras Definitivas.
Estadística de Finanzas Públicas Estatales y Municipales. Anual,Ciudad de México,2007,09,Egresos,Partida Genérica,Diversos intereses,3604985433,Cifras Definitivas.
Estadística de Finanzas Públicas Estatales y Municipales. Anual,Ciudad de México,2007,09,Egresos,Capítulo,Disponibilidad final,930634284,Cifras Definitivas.
Estadística de Finanzas Públicas Estatales y Municipales. Anual,Ciudad de México,2007,09,Ingresos,Tema,Total de ingresos,101176819500,Cifras Definitivas.
Estadística de Finanzas Públicas Estatales y Municipales. Anual,Ciudad de México,2007,09,Ingresos,Capítulo,Impuestos,18945042200,Cifras Definitivas.
Estadística de Finanzas Públicas Estatales y Municipales. Anual,Ciudad de México,2007,09,Ingresos,Concepto,Impuesto sobre los Ingresos,7467911500,Cifras Definitivas.
Estadística de Finanzas Públicas Estatales y Municipales. Anual,Ciudad de México,2007,09,Ingresos,Partida Genérica,Impuesto sobre nómina,7467911500,Cifras Definitivas.
Estadística de Finanzas Públicas Estatales y Municipales. Anual,Ciudad de México,2007,09,Ingresos,Concepto,Impuestos sobre el Patrimonio,10834668600,Cifras Definitivas.
Estadística de Finanzas Públicas Estatales y Municipales. Anual,Ciudad de México,2007,09,Ingresos,Partida Genérica,Impuesto predial,6721752500,Cifras Definitivas.
Estadística de Finanzas Públicas Estatales y Municipales. Anual,Ciudad de México,2007,09,Ingresos,Partida Genérica,Impuesto sobre tenencia o uso de vehículos,475382700,Cifras Definitivas.
Estadística de Finanzas Públicas Estatales y Municipales. Anual,Ciudad de México,2007,09,Ingresos,Partida Genérica,Adquisición de bienes inmuebles,3637533400,Cifras Definitivas.
Estadística de Finanzas Públicas Estatales y Municipales. Anual,Ciudad de México,2007,09,Ingresos,Concepto,"Impuesto sobre la producción, el consumo y las transacciones",642462100,Cifras Definitivas.
Estadística de Finanzas Públicas Estatales y Municipales. Anual,Ciudad de México,2007,09,Ingresos,Partida Genérica,Impuesto sobre hospedaje,105886200,Cifras Definitivas.
Estadística de Finanzas Públicas Estatales y Municipales. Anual,Ciudad de México,2007,09,Ingresos,Partida Genérica,Diversiones y espectáculos públicos,135276500,Cifras Definitivas.
Estadística de Finanzas Públicas Estatales y Municipales. Anual,Ciudad de México,2007,09,Ingresos,Partida Genérica,"Loterías, rifas, sorteos y juegos permitidos",401299400,Cifras Definitivas.
Estadística de Finanzas Públicas Estatales y Municipales. Anual,Ciudad de México,2007,09,Ingresos,Capítulo,Contribuciones de Mejoras,92900,Cifras Definitivas.
Estadística de Finanzas Públicas Estatales y Municipales. Anual,Ciudad de México,2007,09,Ingresos,Concepto,Contribución de mejoras por obras públicas,92900,Cifras Definitivas.
Estadística de Finanzas Públicas Estatales y Municipales. Anual,Ciudad de México,2007,09,Ingresos,Capítulo,Derechos,14062777300,Cifras Definitivas.
Estadística de Finanzas Públicas Estatales y Municipales. Anual,Ciudad de México,2007,09,Ingresos,Concepto,"Derechos por el uso, goce, aprovechamiento o explotación de bienes de dominio público",7837060600,Cifras Definitivas.
Estadística de Finanzas Públicas Estatales y Municipales. Anual,Ciudad de México,2007,09,Ingresos,Partida Genérica,Registros,977710600,Cifras Definitivas.
Estadística de Finanzas Públicas Estatales y Municipales. Anual,Ciudad de México,2007,09,Ingresos,Subpartida Genérica,Registro civil,115314200,Cifras Definitivas.
Estadística de Finanzas Públicas Estatales y Municipales. Anual,Ciudad de México,2007,09,Ingresos,Subpartida Genérica,Registro público de la propiedad y del comercio,862396400,Cifras Definitivas.
Estadística de Finanzas Públicas Estatales y Municipales. Anual,Ciudad de México,2007,09,Ingresos,Partida Genérica,Licencias y permisos,281580100,Cifras Definitivas.
Estadística de Finanzas Públicas Estatales y Municipales. Anual,Ciudad de México,2007,09,Ingresos,Subpartida Genérica,Licencias y permisos diversos,281580100,Cifras Definitivas.
Estadística de Finanzas Públicas Estatales y Municipales. Anual,Ciudad de México,2007,09,Ingresos,Partida Genérica,Servicios de vialidad y transporte,2575598700,Cifras Definitivas.
Estadística de Finanzas Públicas Estatales y Municipales. Anual,Ciudad de México,2007,09,Ingresos,Subpartida Genérica,Servicios de grúa y almacenaje de vehículos,155572400,Cifras Definitivas.
Estadística de Finanzas Públicas Estatales y Municipales. Anual,Ciudad de México,2007,09,Ingresos,Subpartida Genérica,Control vehicular,2420026300,Cifras Definitivas.
Estadística de Finanzas Públicas Estatales y Municipales. Anual,Ciudad de México,2007,09,Ingresos,Partida Genérica,Uso y suministro de agua potable,3835297300,Cifras Definitivas.
Estadística de Finanzas Públicas Estatales y Municipales. Anual,Ciudad de México,2007,09,Ingresos,Partida Genérica,Servicios de desarrollo urbano y obras públicas,166873900,Cifras Definitivas.
Estadística de Finanzas Públicas Estatales y Municipales. Anual,Ciudad de México,2007,09,Ingresos,Subpartida Genérica,Urbanización,113405800,Cifras Definitivas.
Estadística de Finanzas Públicas Estatales y Municipales. Anual,Ciudad de México,2007,09,Ingresos,Subpartida Genérica,Por servicios de fraccionamiento,53468100,Cifras Definitivas.
Estadística de Finanzas Públicas Estatales y Municipales. Anual,Ciudad de México,2007,09,Ingresos,Concepto,Derechos por prestación de servicios,6175236200,Cifras Definitivas.
Estadística de Finanzas Públicas Estatales y Municipales. Anual,Ciudad de México,2007,09,Ingresos,Partida Genérica,Estacionamientos,45714100,Cifras Definitivas.
Estadística de Finanzas Públicas Estatales y Municipales. Anual,Ciudad de México,2007,09,Ingresos,Partida Genérica,Seguridad pública,6051852700,Cifras Definitivas.
Estadística de Finanzas Públicas Estatales y Municipales. Anual,Ciudad de México,2007,09,Ingresos,Partida Genérica,Diversos derechos por prestación de servicios,77669400,Cifras Definitivas.
Estadística de Finanzas Públicas Estatales y Municipales. Anual,Ciudad de México,2007,09,Ingresos,Concepto,Otros Derechos,50480500,Cifras Definitivas.
Estadística de Finanzas Públicas Estatales y Municipales. Anual,Ciudad de México,2007,09,Ingresos,Capítulo,Productos,1845981300,Cifras Definitivas.
Estadística de Finanzas Públicas Estatales y Municipales. Anual,Ciudad de México,2007,09,Ingresos,Concepto,Productos de tipo corriente,1191054500,Cifras Definitivas.
Estadística de Finanzas Públicas Estatales y Municipales. Anual,Ciudad de México,2007,09,Ingresos,Partida Genérica,Intereses,1015721500,Cifras Definitivas.
Estadística de Finanzas Públicas Estatales y Municipales. Anual,Ciudad de México,2007,09,Ingresos,Partida Genérica,Establecimientos y empresas,175333000,Cifras Definitivas.
Estadística de Finanzas Públicas Estatales y Municipales. Anual,Ciudad de México,2007,09,Ingresos,Subpartida Genérica,Talleres gráficos,175333000,Cifras Definitivas.
Estadística de Finanzas Públicas Estatales y Municipales. Anual,Ciudad de México,2007,09,Ingresos,Concepto,Productos de tipo capital,46599000,Cifras Definitivas.
Estadística de Finanzas Públicas Estatales y Municipales. Anual,Ciudad de México,2007,09,Ingresos,Partida Genérica,Enajenación o venta de bienes,46599000,Cifras Definitivas.
Estadística de Finanzas Públicas Estatales y Municipales. Anual,Ciudad de México,2007,09,Ingresos,Subpartida Genérica,Bienes muebles e inmuebles,34138900,Cifras Definitivas.
Estadística de Finanzas Públicas Estatales y Municipales. Anual,Ciudad de México,2007,09,Ingresos,Subpartida Genérica,Bienes inmuebles,12460100,Cifras Definitivas.
Estadística de Finanzas Públicas Estatales y Municipales. Anual,Ciudad de México,2007,09,Ingresos,Concepto,Otros productos,608327800,Cifras Definitivas.
Estadística de Finanzas Públicas Estatales y Municipales. Anual,Ciudad de México,2007,09,Ingresos,Capítulo,Aprovechamientos,2934950700,Cifras Definitivas.
Estadística de Finanzas Públicas Estatales y Municipales. Anual,Ciudad de México,2007,09,Ingresos,Concepto,Aprovechamientos de tipo corriente,1297687900,Cifras Definitivas.
Estadística de Finanzas Públicas Estatales y Municipales. Anual,Ciudad de México,2007,09,Ingresos,Partida Genérica,Multas,683707100,Cifras Definitivas.
Estadística de Finanzas Públicas Estatales y Municipales. Anual,Ciudad de México,2007,09,Ingresos,Partida Genérica,Donaciones y aprovechamientos a favor del estado,19726100,Cifras Definitivas.
Estadística de Finanzas Públicas Estatales y Municipales. Anual,Ciudad de México,2007,09,Ingresos,Partida Genérica,Indemnizaciones a favor del estado,95964100,Cifras Definitivas.
Estadística de Finanzas Públicas Estatales y Municipales. Anual,Ciudad de México,2007,09,Ingresos,Partida Genérica,Gastos de ejecución,498290600,Cifras Definitivas.
Estadística de Finanzas Públicas Estatales y Municipales. Anual,Ciudad de México,2007,09,Ingresos,Concepto,Otros aprovechamientos,1637262800,Cifras Definitivas.
Estadística de Finanzas Públicas Estatales y Municipales. Anual,Ciudad de México,2007,09,Ingresos,Capítulo,Participaciones federales,43352968200,Cifras Definitivas.
Estadística de Finanzas Públicas Estatales y Municipales. Anual,Ciudad de México,2007,09,Ingresos,Concepto,Fondos participables,35817704900,Cifras Definitivas.
Estadística de Finanzas Públicas Estatales y Municipales. Anual,Ciudad de México,2007,09,Ingresos,Partida Genérica,Fondo General de Participaciones,33856317300,Cifras Definitivas.
Estadística de Finanzas Públicas Estatales y Municipales. Anual,Ciudad de México,2007,09,Ingresos,Partida Genérica,Fondo de Fomento Municipal,1961387600,Cifras Definitivas.
Estadística de Finanzas Públicas Estatales y Municipales. Anual,Ciudad de México,2007,09,Ingresos,Concepto,Impuestos participables,7215138400,Cifras Definitivas.
Estadística de Finanzas Públicas Estatales y Municipales. Anual,Ciudad de México,2007,09,Ingresos,Partida Genérica,Impuesto sobre Tenencia o Uso de Vehículos,5165870900,Cifras Definitivas.
Estadística de Finanzas Públicas Estatales y Municipales. Anual,Ciudad de México,2007,09,Ingresos,Partida Genérica,Impuesto sobre Automóviles Nuevos,1373878600,Cifras Definitivas.
Estadística de Finanzas Públicas Estatales y Municipales. Anual,Ciudad de México,2007,09,Ingresos,Partida Genérica,Impuesto Especial sobre Producción y Servicios,675388900,Cifras Definitivas.
Estadística de Finanzas Públicas Estatales y Municipales. Anual,Ciudad de México,2007,09,Ingresos,Concepto,Otras participaciones,320124900,Cifras Definitivas.
Estadística de Finanzas Públicas Estatales y Municipales. Anual,Ciudad de México,2007,09,Ingresos,Partida Genérica,Multas administrativas federales no fiscales,31949100,Cifras Definitivas.
Estadística de Finanzas Públicas Estatales y Municipales. Anual,Ciudad de México,2007,09,Ingresos,Partida Genérica,Incentivos por administración de impuestos,179656400,Cifras Definitivas.
Estadística de Finanzas Públicas Estatales y Municipales. Anual,Ciudad de México,2007,09,Ingresos,Partida Genérica,Participaciones diversas,108519400,Cifras Definitivas.
Estadística de Finanzas Públicas Estatales y Municipales. Anual,Ciudad de México,2007,09,Ingresos,Capítulo,Aportaciones federales,12824589600,Cifras Definitivas.
Estadística de Finanzas Públicas Estatales y Municipales. Anual,Ciudad de México,2007,09,Ingresos,Concepto,Aportaciones del ramo general 33,7332424500,Cifras Definitivas.
Estadística de Finanzas Públicas Estatales y Municipales. Anual,Ciudad de México,2007,09,Ingresos,Partida Genérica,Aportaciones a entidades federativas,4584618700,Cifras Definitivas.
Estadística de Finanzas Públicas Estatales y Municipales. Anual,Ciudad de México,2007,09,Ingresos,Subpartida Genérica,FA para los Servicios de Salud,2347057300,Cifras Definitivas.
Estadística de Finanzas Públicas Estatales y Municipales. Anual,Ciudad de México,2007,09,Ingresos,Subpartida Genérica,FA Múltiples,418959300,Cifras Definitivas.
Estadística de Finanzas Públicas Estatales y Municipales. Anual,Ciudad de México,2007,09,Ingresos,Subpartida Genérica,FA para la Seguridad Pública,315907900,Cifras Definitivas.
Estadística de Finanzas Públicas Estatales y Municipales. Anual,Ciudad de México,2007,09,Ingresos,Subpartida Genérica,FA para el Fortalecimiento de los Municipios y las Demarcaciones Territoriales de la Ciudad de México,1502694200,Cifras Definitivas.
Estadística de Finanzas Públicas Estatales y Municipales. Anual,Ciudad de México,2007,09,Ingresos,Partida Genérica,Aportaciones a municipios,2747805800,Cifras Definitivas.
Estadística de Finanzas Públicas Estatales y Municipales. Anual,Ciudad de México,2007,09,Ingresos,Subpartida Genérica,FA para el Fortalecimiento de los Municipios,2747805800,Cifras Definitivas.
Estadística de Finanzas Públicas Estatales y Municipales. Anual,Ciudad de México,2007,09,Ingresos,Concepto,Recursos federales reasignados,5492165100,Cifras Definitivas.
Estadística de Finanzas Públicas Estatales y Municipales. Anual,Ciudad de México,2007,09,Ingresos,Partida Genérica,Convenios para obras públicas,2251402500,Cifras Definitivas.
Estadística de Finanzas Públicas Estatales y Municipales. Anual,Ciudad de México,2007,09,Ingresos,Subpartida Genérica,Comisión nacional del agua,607306300,Cifras Definitivas.
Estadística de Finanzas Públicas Estatales y Municipales. Anual,Ciudad de México,2007,09,Ingresos,Subpartida Genérica,Fideicomiso para la infraestructura,741496900,Cifras Definitivas.
Estadística de Finanzas Públicas Estatales y Municipales. Anual,Ciudad de México,2007,09,Ingresos,Subpartida Genérica,Fondo para la estabilización de los ingresos,902599300,Cifras Definitivas.
Estadística de Finanzas Públicas Estatales y Municipales. Anual,Ciudad de México,2007,09,Ingresos,Partida Genérica,"Convenios para salud, asistencia y seguridad social",1002798400,Cifras Definitivas.
Estadística de Finanzas Públicas Estatales y Municipales. Anual,Ciudad de México,2007,09,Ingresos,Subpartida Genérica,Convenios para salud,497798400,Cifras Definitivas.
Estadística de Finanzas Públicas Estatales y Municipales. Anual,Ciudad de México,2007,09,Ingresos,Subpartida Genérica,Convenio para asistencia social,505000000,Cifras Definitivas.
Estadística de Finanzas Públicas Estatales y Municipales. Anual,Ciudad de México,2007,09,Ingresos,Partida Genérica,Recursos federales diversos,2237964200,Cifras Definitivas.
Estadística de Finanzas Públicas Estatales y Municipales. Anual,Ciudad de México,2007,09,Ingresos,Subpartida Genérica,Convenio para la protección de los recursos naturales,1471577500,Cifras Definitivas.
Estadística de Finanzas Públicas Estatales y Municipales. Anual,Ciudad de México,2007,09,Ingresos,Subpartida Genérica,Otros recursos federales,766386700,Cifras Definitivas.
Estadística de Finanzas Públicas Estatales y Municipales. Anual,Ciudad de México,2007,09,Ingresos,Capítulo,Otros ingresos,7210417300,Cifras Definitivas.
Estadística de Finanzas Públicas Estatales y Municipales. Anual,Ciudad de México,2007,09,Ingresos,Concepto,Otros ingresos extraordinarios,7210417300,Cifras Definitivas.
