﻿PROD_EST,COBERTURA,ANIO,ID_ENTIDAD,TEMA,CATEGORIA,DESCRIPCION_CATEGORIA,VALOR,ESTATUS
Estadística de Finanzas Públicas Estatales y Municipales. Anual,Ciudad de México,2010,09,Egresos,Tema,Total de egresos,130541396200,Cifras Definitivas.
Estadística de Finanzas Públicas Estatales y Municipales. Anual,Ciudad de México,2010,09,Egresos,Capítulo,Servicios personales,22532946496,Cifras Definitivas.
Estadística de Finanzas Públicas Estatales y Municipales. Anual,Ciudad de México,2010,09,Egresos,Concepto,Remuneraciones al personal,7706452870,Cifras Definitivas.
Estadística de Finanzas Públicas Estatales y Municipales. Anual,Ciudad de México,2010,09,Egresos,Partida Genérica,Jefatura de Gobierno,51261419,Cifras Definitivas.
Estadística de Finanzas Públicas Estatales y Municipales. Anual,Ciudad de México,2010,09,Egresos,Partida Genérica,Secretaría de Gobierno,551549633,Cifras Definitivas.
Estadística de Finanzas Públicas Estatales y Municipales. Anual,Ciudad de México,2010,09,Egresos,Partida Genérica,Secretaría de Finanzas,361318418,Cifras Definitivas.
Estadística de Finanzas Públicas Estatales y Municipales. Anual,Ciudad de México,2010,09,Egresos,Partida Genérica,Secretaría de Educación,76568465,Cifras Definitivas.
Estadística de Finanzas Públicas Estatales y Municipales. Anual,Ciudad de México,2010,09,Egresos,Partida Genérica,Secretaría de Salud,1777562974,Cifras Definitivas.
Estadística de Finanzas Públicas Estatales y Municipales. Anual,Ciudad de México,2010,09,Egresos,Partida Genérica,Secretaría de Obras Públicas y Servicios,330347493,Cifras Definitivas.
Estadística de Finanzas Públicas Estatales y Municipales. Anual,Ciudad de México,2010,09,Egresos,Partida Genérica,Secretaría de Desarrollo Económico,36013090,Cifras Definitivas.
Estadística de Finanzas Públicas Estatales y Municipales. Anual,Ciudad de México,2010,09,Egresos,Partida Genérica,Secretaría de Turismo,12514986,Cifras Definitivas.
Estadística de Finanzas Públicas Estatales y Municipales. Anual,Ciudad de México,2010,09,Egresos,Partida Genérica,Secretaría del Medio Ambiente,257200773,Cifras Definitivas.
Estadística de Finanzas Públicas Estatales y Municipales. Anual,Ciudad de México,2010,09,Egresos,Partida Genérica,Secretaría de Desarrollo Social,207993377,Cifras Definitivas.
Estadística de Finanzas Públicas Estatales y Municipales. Anual,Ciudad de México,2010,09,Egresos,Partida Genérica,Secretaría de Desarrollo Rural y Equidad para las Comunidades,11120567,Cifras Definitivas.
Estadística de Finanzas Públicas Estatales y Municipales. Anual,Ciudad de México,2010,09,Egresos,Partida Genérica,Secretaría del Trabajo y Previsión Social,27043611,Cifras Definitivas.
Estadística de Finanzas Públicas Estatales y Municipales. Anual,Ciudad de México,2010,09,Egresos,Partida Genérica,Secretaría de Seguridad Pública,2518911416,Cifras Definitivas.
Estadística de Finanzas Públicas Estatales y Municipales. Anual,Ciudad de México,2010,09,Egresos,Partida Genérica,Procuraduría General de Justicia,939779716,Cifras Definitivas.
Estadística de Finanzas Públicas Estatales y Municipales. Anual,Ciudad de México,2010,09,Egresos,Partida Genérica,Contraloría General,65513598,Cifras Definitivas.
Estadística de Finanzas Públicas Estatales y Municipales. Anual,Ciudad de México,2010,09,Egresos,Partida Genérica,Oficialía Mayor,170937967,Cifras Definitivas.
Estadística de Finanzas Públicas Estatales y Municipales. Anual,Ciudad de México,2010,09,Egresos,Partida Genérica,Dependencias diversas,310815367,Cifras Definitivas.
Estadística de Finanzas Públicas Estatales y Municipales. Anual,Ciudad de México,2010,09,Egresos,Concepto,Remuneraciones adicionales y especiales,4053635567,Cifras Definitivas.
Estadística de Finanzas Públicas Estatales y Municipales. Anual,Ciudad de México,2010,09,Egresos,Partida Genérica,Primas por años de servicios efectivos prestados,166072656,Cifras Definitivas.
Estadística de Finanzas Públicas Estatales y Municipales. Anual,Ciudad de México,2010,09,Egresos,Partida Genérica,"Primas de vacaciones, dominical y gratificación de fin de año",1383702295,Cifras Definitivas.
Estadística de Finanzas Públicas Estatales y Municipales. Anual,Ciudad de México,2010,09,Egresos,Partida Genérica,Horas extraordinarias,159442019,Cifras Definitivas.
Estadística de Finanzas Públicas Estatales y Municipales. Anual,Ciudad de México,2010,09,Egresos,Partida Genérica,Compensaciones,2326924504,Cifras Definitivas.
Estadística de Finanzas Públicas Estatales y Municipales. Anual,Ciudad de México,2010,09,Egresos,Partida Genérica,Otras remuneraciones adicionales y especiales,17494093,Cifras Definitivas.
Estadística de Finanzas Públicas Estatales y Municipales. Anual,Ciudad de México,2010,09,Egresos,Concepto,Seguridad social,2007248142,Cifras Definitivas.
Estadística de Finanzas Públicas Estatales y Municipales. Anual,Ciudad de México,2010,09,Egresos,Partida Genérica,Aportaciones a fondos de vivienda,499411701,Cifras Definitivas.
Estadística de Finanzas Públicas Estatales y Municipales. Anual,Ciudad de México,2010,09,Egresos,Partida Genérica,Aportaciones para seguros,308118229,Cifras Definitivas.
Estadística de Finanzas Públicas Estatales y Municipales. Anual,Ciudad de México,2010,09,Egresos,Partida Genérica,Otras cuotas de seguridad social y seguros,1199718212,Cifras Definitivas.
Estadística de Finanzas Públicas Estatales y Municipales. Anual,Ciudad de México,2010,09,Egresos,Concepto,Otras prestaciones sociales y económicas,5954091942,Cifras Definitivas.
Estadística de Finanzas Públicas Estatales y Municipales. Anual,Ciudad de México,2010,09,Egresos,Partida Genérica,Cuotas para el fondo de ahorro y fondo de trabajo,379990454,Cifras Definitivas.
Estadística de Finanzas Públicas Estatales y Municipales. Anual,Ciudad de México,2010,09,Egresos,Partida Genérica,Indemnizaciones,121804921,Cifras Definitivas.
Estadística de Finanzas Públicas Estatales y Municipales. Anual,Ciudad de México,2010,09,Egresos,Partida Genérica,Prestaciones y haberes de retiro,471351801,Cifras Definitivas.
Estadística de Finanzas Públicas Estatales y Municipales. Anual,Ciudad de México,2010,09,Egresos,Partida Genérica,Otras prestaciones sociales y económicas,4980944766,Cifras Definitivas.
Estadística de Finanzas Públicas Estatales y Municipales. Anual,Ciudad de México,2010,09,Egresos,Concepto,Pago de estímulos a servidores públicos,2811517975,Cifras Definitivas.
Estadística de Finanzas Públicas Estatales y Municipales. Anual,Ciudad de México,2010,09,Egresos,Partida Genérica,Estímulos,2811517975,Cifras Definitivas.
Estadística de Finanzas Públicas Estatales y Municipales. Anual,Ciudad de México,2010,09,Egresos,Capítulo,Materiales y suministros,3049041746,Cifras Definitivas.
Estadística de Finanzas Públicas Estatales y Municipales. Anual,Ciudad de México,2010,09,Egresos,Concepto,"Materiales de administración, emisión de documentos y artículos oficiales",199024621,Cifras Definitivas.
Estadística de Finanzas Públicas Estatales y Municipales. Anual,Ciudad de México,2010,09,Egresos,Partida Genérica,"Materiales, útiles y equipos menores de oficina",42797928,Cifras Definitivas.
Estadística de Finanzas Públicas Estatales y Municipales. Anual,Ciudad de México,2010,09,Egresos,Partida Genérica,Materiales y útiles de impresión y reproducción,40874710,Cifras Definitivas.
Estadística de Finanzas Públicas Estatales y Municipales. Anual,Ciudad de México,2010,09,Egresos,Partida Genérica,Material estadístico y geográfico,1391124,Cifras Definitivas.
Estadística de Finanzas Públicas Estatales y Municipales. Anual,Ciudad de México,2010,09,Egresos,Partida Genérica,"Materiales, útiles y equipos menores de tecnologías de la información y comunicaciones",69046132,Cifras Definitivas.
Estadística de Finanzas Públicas Estatales y Municipales. Anual,Ciudad de México,2010,09,Egresos,Partida Genérica,Material de limpieza,25080415,Cifras Definitivas.
Estadística de Finanzas Públicas Estatales y Municipales. Anual,Ciudad de México,2010,09,Egresos,Partida Genérica,Materiales y útiles de enseñanza,19834312,Cifras Definitivas.
Estadística de Finanzas Públicas Estatales y Municipales. Anual,Ciudad de México,2010,09,Egresos,Concepto,Alimentos y utensilios,824860254,Cifras Definitivas.
Estadística de Finanzas Públicas Estatales y Municipales. Anual,Ciudad de México,2010,09,Egresos,Partida Genérica,Otros alimentos y utensilios,824860254,Cifras Definitivas.
Estadística de Finanzas Públicas Estatales y Municipales. Anual,Ciudad de México,2010,09,Egresos,Concepto,"Herramientas, refacciones y accesorios menores",128923477,Cifras Definitivas.
Estadística de Finanzas Públicas Estatales y Municipales. Anual,Ciudad de México,2010,09,Egresos,Partida Genérica,Refacciones y accesorios menores otros bienes muebles,128923477,Cifras Definitivas.
Estadística de Finanzas Públicas Estatales y Municipales. Anual,Ciudad de México,2010,09,Egresos,Concepto,Materiales y artículos de construcción y de reparación,664898957,Cifras Definitivas.
Estadística de Finanzas Públicas Estatales y Municipales. Anual,Ciudad de México,2010,09,Egresos,Partida Genérica,Otros materiales y artículos de construcción y reparación,664898957,Cifras Definitivas.
Estadística de Finanzas Públicas Estatales y Municipales. Anual,Ciudad de México,2010,09,Egresos,Concepto,"Productos químicos, farmacéuticos, laboratorio y materias primas de producción y comercialización",384460578,Cifras Definitivas.
Estadística de Finanzas Públicas Estatales y Municipales. Anual,Ciudad de México,2010,09,Egresos,Partida Genérica,"Productos químicos, farmacéuticos y de laboratorio",372743026,Cifras Definitivas.
Estadística de Finanzas Públicas Estatales y Municipales. Anual,Ciudad de México,2010,09,Egresos,Subpartida Genérica,Productos químicos básicos,36613279,Cifras Definitivas.
Estadística de Finanzas Públicas Estatales y Municipales. Anual,Ciudad de México,2010,09,Egresos,Subpartida Genérica,"Fertilizantes, pesticidas y otros agroquímicos",4182510,Cifras Definitivas.
Estadística de Finanzas Públicas Estatales y Municipales. Anual,Ciudad de México,2010,09,Egresos,Subpartida Genérica,Medicinas y productos farmacéuticos,203439518,Cifras Definitivas.
Estadística de Finanzas Públicas Estatales y Municipales. Anual,Ciudad de México,2010,09,Egresos,Subpartida Genérica,"Materiales, accesorios y suministros médicos",107582019,Cifras Definitivas.
Estadística de Finanzas Públicas Estatales y Municipales. Anual,Ciudad de México,2010,09,Egresos,Subpartida Genérica,"Materiales, accesorios y suministros de laboratorio",20925700,Cifras Definitivas.
Estadística de Finanzas Públicas Estatales y Municipales. Anual,Ciudad de México,2010,09,Egresos,Partida Genérica,Otros productos adquiridos como materia prima,11717552,Cifras Definitivas.
Estadística de Finanzas Públicas Estatales y Municipales. Anual,Ciudad de México,2010,09,Egresos,Concepto,"Combustibles, lubricantes y aditivos",509771424,Cifras Definitivas.
Estadística de Finanzas Públicas Estatales y Municipales. Anual,Ciudad de México,2010,09,Egresos,Partida Genérica,"Combustibles, lubricantes y aditivos",509771424,Cifras Definitivas.
Estadística de Finanzas Públicas Estatales y Municipales. Anual,Ciudad de México,2010,09,Egresos,Concepto,"Vestuario, blancos, prendas de protección y artículos deportivos",320169822,Cifras Definitivas.
Estadística de Finanzas Públicas Estatales y Municipales. Anual,Ciudad de México,2010,09,Egresos,Partida Genérica,Vestuario y uniformes,283985992,Cifras Definitivas.
Estadística de Finanzas Públicas Estatales y Municipales. Anual,Ciudad de México,2010,09,Egresos,Partida Genérica,Prendas de seguridad y protección personal,29625349,Cifras Definitivas.
Estadística de Finanzas Públicas Estatales y Municipales. Anual,Ciudad de México,2010,09,Egresos,Partida Genérica,Artículos deportivos,6558481,Cifras Definitivas.
Estadística de Finanzas Públicas Estatales y Municipales. Anual,Ciudad de México,2010,09,Egresos,Concepto,Materiales y suministros para seguridad,13867421,Cifras Definitivas.
Estadística de Finanzas Públicas Estatales y Municipales. Anual,Ciudad de México,2010,09,Egresos,Partida Genérica,Materiales de seguridad pública,13867421,Cifras Definitivas.
Estadística de Finanzas Públicas Estatales y Municipales. Anual,Ciudad de México,2010,09,Egresos,Concepto,Materiales y suministros diversos,3065192,Cifras Definitivas.
Estadística de Finanzas Públicas Estatales y Municipales. Anual,Ciudad de México,2010,09,Egresos,Capítulo,Servicios generales,9914576528,Cifras Definitivas.
Estadística de Finanzas Públicas Estatales y Municipales. Anual,Ciudad de México,2010,09,Egresos,Concepto,Servicios básicos,419913861,Cifras Definitivas.
Estadística de Finanzas Públicas Estatales y Municipales. Anual,Ciudad de México,2010,09,Egresos,Partida Genérica,Energía eléctrica,131494987,Cifras Definitivas.
Estadística de Finanzas Públicas Estatales y Municipales. Anual,Ciudad de México,2010,09,Egresos,Partida Genérica,Agua,107073793,Cifras Definitivas.
Estadística de Finanzas Públicas Estatales y Municipales. Anual,Ciudad de México,2010,09,Egresos,Partida Genérica,Telefonía tradicional,75935214,Cifras Definitivas.
Estadística de Finanzas Públicas Estatales y Municipales. Anual,Ciudad de México,2010,09,Egresos,Partida Genérica,Servicios de telecomunicaciones y satélites,48751804,Cifras Definitivas.
Estadística de Finanzas Públicas Estatales y Municipales. Anual,Ciudad de México,2010,09,Egresos,Partida Genérica,Servicios postales y telegráficos,47980299,Cifras Definitivas.
Estadística de Finanzas Públicas Estatales y Municipales. Anual,Ciudad de México,2010,09,Egresos,Partida Genérica,Servicios integrales y otros servicios,8677764,Cifras Definitivas.
Estadística de Finanzas Públicas Estatales y Municipales. Anual,Ciudad de México,2010,09,Egresos,Concepto,Servicios de arrendamiento,497584956,Cifras Definitivas.
Estadística de Finanzas Públicas Estatales y Municipales. Anual,Ciudad de México,2010,09,Egresos,Partida Genérica,Otros arrendamientos,497584956,Cifras Definitivas.
Estadística de Finanzas Públicas Estatales y Municipales. Anual,Ciudad de México,2010,09,Egresos,Concepto,"Servicios profesionales, científicos, técnicos y otros servicios",3311962920,Cifras Definitivas.
Estadística de Finanzas Públicas Estatales y Municipales. Anual,Ciudad de México,2010,09,Egresos,Partida Genérica,Servicios de vigilancia,980604673,Cifras Definitivas.
Estadística de Finanzas Públicas Estatales y Municipales. Anual,Ciudad de México,2010,09,Egresos,Partida Genérica,"Servicios profesionales, científicos y técnicos integrales",2331358247,Cifras Definitivas.
Estadística de Finanzas Públicas Estatales y Municipales. Anual,Ciudad de México,2010,09,Egresos,Concepto,"Servicios financieros, bancarios y comerciales",616550569,Cifras Definitivas.
Estadística de Finanzas Públicas Estatales y Municipales. Anual,Ciudad de México,2010,09,Egresos,Partida Genérica,Servicios financieros y bancarios,17718357,Cifras Definitivas.
Estadística de Finanzas Públicas Estatales y Municipales. Anual,Ciudad de México,2010,09,Egresos,Partida Genérica,"Servicios de recaudación, traslado y custodia de valores",280767173,Cifras Definitivas.
Estadística de Finanzas Públicas Estatales y Municipales. Anual,Ciudad de México,2010,09,Egresos,Partida Genérica,Seguro de bienes patrimoniales,251839129,Cifras Definitivas.
Estadística de Finanzas Públicas Estatales y Municipales. Anual,Ciudad de México,2010,09,Egresos,Partida Genérica,Fletes y maniobras,11304351,Cifras Definitivas.
Estadística de Finanzas Públicas Estatales y Municipales. Anual,Ciudad de México,2010,09,Egresos,Partida Genérica,"Servicios financieros, bancarios y comerciales integrales",54921559,Cifras Definitivas.
Estadística de Finanzas Públicas Estatales y Municipales. Anual,Ciudad de México,2010,09,Egresos,Concepto,"Servicios de instalación, reparación, mantenimiento y conservación",1264411044,Cifras Definitivas.
Estadística de Finanzas Públicas Estatales y Municipales. Anual,Ciudad de México,2010,09,Egresos,Partida Genérica,Conservación y mantenimiento menor de inmuebles,423311185,Cifras Definitivas.
Estadística de Finanzas Públicas Estatales y Municipales. Anual,Ciudad de México,2010,09,Egresos,Partida Genérica,"Instalación, reparación y mantenimiento de mobiliario y equipo de administración, educacional y recreativo",16870091,Cifras Definitivas.
Estadística de Finanzas Públicas Estatales y Municipales. Anual,Ciudad de México,2010,09,Egresos,Partida Genérica,"Instalación, reparación y mantenimiento de equipo de cómputo y tecnología de la información",20649977,Cifras Definitivas.
Estadística de Finanzas Públicas Estatales y Municipales. Anual,Ciudad de México,2010,09,Egresos,Partida Genérica,Reparación y mantenimiento de equipo de transporte,305362063,Cifras Definitivas.
Estadística de Finanzas Públicas Estatales y Municipales. Anual,Ciudad de México,2010,09,Egresos,Partida Genérica,"Instalación, reparación y mantenimiento de maquinaria, otros equipos y herramienta",289133539,Cifras Definitivas.
Estadística de Finanzas Públicas Estatales y Municipales. Anual,Ciudad de México,2010,09,Egresos,Partida Genérica,Servicios de limpieza y manejo de desechos,209084189,Cifras Definitivas.
Estadística de Finanzas Públicas Estatales y Municipales. Anual,Ciudad de México,2010,09,Egresos,Concepto,Servicios de comunicación social y publicidad,612039968,Cifras Definitivas.
Estadística de Finanzas Públicas Estatales y Municipales. Anual,Ciudad de México,2010,09,Egresos,Partida Genérica,"Difusión por radio, televisión y otros medios de mensajes sobre programas y actividades gubernamentales",348701208,Cifras Definitivas.
Estadística de Finanzas Públicas Estatales y Municipales. Anual,Ciudad de México,2010,09,Egresos,Partida Genérica,Otros servicios de información,263338760,Cifras Definitivas.
Estadística de Finanzas Públicas Estatales y Municipales. Anual,Ciudad de México,2010,09,Egresos,Concepto,Servicios de traslado y viáticos,32170176,Cifras Definitivas.
Estadística de Finanzas Públicas Estatales y Municipales. Anual,Ciudad de México,2010,09,Egresos,Partida Genérica,Servicios integrales de traslado y viáticos,30411137,Cifras Definitivas.
Estadística de Finanzas Públicas Estatales y Municipales. Anual,Ciudad de México,2010,09,Egresos,Partida Genérica,Otros servicios de traslado y hospedaje,1759039,Cifras Definitivas.
Estadística de Finanzas Públicas Estatales y Municipales. Anual,Ciudad de México,2010,09,Egresos,Concepto,Servicios oficiales,265415491,Cifras Definitivas.
Estadística de Finanzas Públicas Estatales y Municipales. Anual,Ciudad de México,2010,09,Egresos,Partida Genérica,Gastos de ceremonial,125142211,Cifras Definitivas.
Estadística de Finanzas Públicas Estatales y Municipales. Anual,Ciudad de México,2010,09,Egresos,Partida Genérica,Congresos y convenciones,107640253,Cifras Definitivas.
Estadística de Finanzas Públicas Estatales y Municipales. Anual,Ciudad de México,2010,09,Egresos,Partida Genérica,Diversos servicios oficiales,32633027,Cifras Definitivas.
Estadística de Finanzas Públicas Estatales y Municipales. Anual,Ciudad de México,2010,09,Egresos,Concepto,Otros servicios generales,2894527543,Cifras Definitivas.
Estadística de Finanzas Públicas Estatales y Municipales. Anual,Ciudad de México,2010,09,Egresos,Partida Genérica,Impuestos y derechos,21919671,Cifras Definitivas.
Estadística de Finanzas Públicas Estatales y Municipales. Anual,Ciudad de México,2010,09,Egresos,Partida Genérica,Impuesto sobre nóminas y otros que se deriven de una relación laboral,434711513,Cifras Definitivas.
Estadística de Finanzas Públicas Estatales y Municipales. Anual,Ciudad de México,2010,09,Egresos,Partida Genérica,Otros servicios generales,2437896359,Cifras Definitivas.
Estadística de Finanzas Públicas Estatales y Municipales. Anual,Ciudad de México,2010,09,Egresos,Capítulo,"Transferencias, asignaciones, subsidios y otras ayudas",42028851657,Cifras Definitivas.
Estadística de Finanzas Públicas Estatales y Municipales. Anual,Ciudad de México,2010,09,Egresos,Concepto,Transferencias internas y asignaciones al sector público,41711012002,Cifras Definitivas.
Estadística de Finanzas Públicas Estatales y Municipales. Anual,Ciudad de México,2010,09,Egresos,Partida Genérica,A poderes,5246990861,Cifras Definitivas.
Estadística de Finanzas Públicas Estatales y Municipales. Anual,Ciudad de México,2010,09,Egresos,Subpartida Genérica,Legislativo,1349910461,Cifras Definitivas.
Estadística de Finanzas Públicas Estatales y Municipales. Anual,Ciudad de México,2010,09,Egresos,Subpartida Genérica,Judicial,3897080400,Cifras Definitivas.
Estadística de Finanzas Públicas Estatales y Municipales. Anual,Ciudad de México,2010,09,Egresos,Partida Genérica,A instituciones del gobierno según función,34073725634,Cifras Definitivas.
Estadística de Finanzas Públicas Estatales y Municipales. Anual,Ciudad de México,2010,09,Egresos,Subpartida Genérica,Instituciones y programas de educación,978093751,Cifras Definitivas.
Estadística de Finanzas Públicas Estatales y Municipales. Anual,Ciudad de México,2010,09,Egresos,Subpartida Genérica,Instituciones y programas de salud,134067677,Cifras Definitivas.
Estadística de Finanzas Públicas Estatales y Municipales. Anual,Ciudad de México,2010,09,Egresos,Subpartida Genérica,Instituciones y programas de asistencia social,4903495661,Cifras Definitivas.
Estadística de Finanzas Públicas Estatales y Municipales. Anual,Ciudad de México,2010,09,Egresos,Subpartida Genérica,Instituciones y programas de cultura y deporte,1603895092,Cifras Definitivas.
Estadística de Finanzas Públicas Estatales y Municipales. Anual,Ciudad de México,2010,09,Egresos,Subpartida Genérica,Instituciones y programas de seguridad pública,8652060020,Cifras Definitivas.
Estadística de Finanzas Públicas Estatales y Municipales. Anual,Ciudad de México,2010,09,Egresos,Subpartida Genérica,Instituciones y programas del sector turismo,150998424,Cifras Definitivas.
Estadística de Finanzas Públicas Estatales y Municipales. Anual,Ciudad de México,2010,09,Egresos,Subpartida Genérica,Instituciones y programas del sector agropecuario,40510655,Cifras Definitivas.
Estadística de Finanzas Públicas Estatales y Municipales. Anual,Ciudad de México,2010,09,Egresos,Subpartida Genérica,Instituciones y programas del sector económico,81553868,Cifras Definitivas.
Estadística de Finanzas Públicas Estatales y Municipales. Anual,Ciudad de México,2010,09,Egresos,Subpartida Genérica,Instituciones y programas ecológicos,56389508,Cifras Definitivas.
Estadística de Finanzas Públicas Estatales y Municipales. Anual,Ciudad de México,2010,09,Egresos,Subpartida Genérica,Instituciones y programas de infraestructura,17472660978,Cifras Definitivas.
Estadística de Finanzas Públicas Estatales y Municipales. Anual,Ciudad de México,2010,09,Egresos,Partida Genérica,Órganos autónomos y electorales,2254257048,Cifras Definitivas.
Estadística de Finanzas Públicas Estatales y Municipales. Anual,Ciudad de México,2010,09,Egresos,Subpartida Genérica,Instituto electoral,1102000000,Cifras Definitivas.
Estadística de Finanzas Públicas Estatales y Municipales. Anual,Ciudad de México,2010,09,Egresos,Subpartida Genérica,Comisión de derechos humanos,271007700,Cifras Definitivas.
Estadística de Finanzas Públicas Estatales y Municipales. Anual,Ciudad de México,2010,09,Egresos,Subpartida Genérica,Instituciones de transparencia,102934644,Cifras Definitivas.
Estadística de Finanzas Públicas Estatales y Municipales. Anual,Ciudad de México,2010,09,Egresos,Subpartida Genérica,Diversos órganos autónomos y electorales,778314704,Cifras Definitivas.
Estadística de Finanzas Públicas Estatales y Municipales. Anual,Ciudad de México,2010,09,Egresos,Partida Genérica,Diversas transferencias,136038459,Cifras Definitivas.
Estadística de Finanzas Públicas Estatales y Municipales. Anual,Ciudad de México,2010,09,Egresos,Subpartida Genérica,Otras transferencias,136038459,Cifras Definitivas.
Estadística de Finanzas Públicas Estatales y Municipales. Anual,Ciudad de México,2010,09,Egresos,Concepto,Ayudas sociales,116300253,Cifras Definitivas.
Estadística de Finanzas Públicas Estatales y Municipales. Anual,Ciudad de México,2010,09,Egresos,Partida Genérica,Ayudas sociales a personas,95429736,Cifras Definitivas.
Estadística de Finanzas Públicas Estatales y Municipales. Anual,Ciudad de México,2010,09,Egresos,Partida Genérica,Becas y otras ayudas para programas de capacitación,20870517,Cifras Definitivas.
Estadística de Finanzas Públicas Estatales y Municipales. Anual,Ciudad de México,2010,09,Egresos,Concepto,Subsidios y subvenciones,201498060,Cifras Definitivas.
Estadística de Finanzas Públicas Estatales y Municipales. Anual,Ciudad de México,2010,09,Egresos,Partida Genérica,Subsidios diversos,201498060,Cifras Definitivas.
Estadística de Finanzas Públicas Estatales y Municipales. Anual,Ciudad de México,2010,09,Egresos,Concepto,Pensiones y jubilaciones,41342,Cifras Definitivas.
Estadística de Finanzas Públicas Estatales y Municipales. Anual,Ciudad de México,2010,09,Egresos,Partida Genérica,Pensiones,41342,Cifras Definitivas.
Estadística de Finanzas Públicas Estatales y Municipales. Anual,Ciudad de México,2010,09,Egresos,Capítulo,"Bienes muebles, inmuebles e intangibles",1319021180,Cifras Definitivas.
Estadística de Finanzas Públicas Estatales y Municipales. Anual,Ciudad de México,2010,09,Egresos,Concepto,Mobiliario y equipo de administración,178477053,Cifras Definitivas.
Estadística de Finanzas Públicas Estatales y Municipales. Anual,Ciudad de México,2010,09,Egresos,Partida Genérica,Muebles de oficina y estantería,62092080,Cifras Definitivas.
Estadística de Finanzas Públicas Estatales y Municipales. Anual,Ciudad de México,2010,09,Egresos,Partida Genérica,"Bienes artísticos, culturales y científicos",3269330,Cifras Definitivas.
Estadística de Finanzas Públicas Estatales y Municipales. Anual,Ciudad de México,2010,09,Egresos,Partida Genérica,Equipo de cómputo y de tecnologías de la información,113115643,Cifras Definitivas.
Estadística de Finanzas Públicas Estatales y Municipales. Anual,Ciudad de México,2010,09,Egresos,Concepto,Mobiliario y equipo educacional y recreativo,5924014,Cifras Definitivas.
Estadística de Finanzas Públicas Estatales y Municipales. Anual,Ciudad de México,2010,09,Egresos,Partida Genérica,Otro mobiliario y equipo educacional y recreativo,5924014,Cifras Definitivas.
Estadística de Finanzas Públicas Estatales y Municipales. Anual,Ciudad de México,2010,09,Egresos,Concepto,Vehículos y equipo de transporte,446218643,Cifras Definitivas.
Estadística de Finanzas Públicas Estatales y Municipales. Anual,Ciudad de México,2010,09,Egresos,Partida Genérica,Otros equipos de transporte,446218643,Cifras Definitivas.
Estadística de Finanzas Públicas Estatales y Municipales. Anual,Ciudad de México,2010,09,Egresos,Concepto,Equipo de defensa y seguridad y equipo e instrumental médico y laboratorio,151355222,Cifras Definitivas.
Estadística de Finanzas Públicas Estatales y Municipales. Anual,Ciudad de México,2010,09,Egresos,Partida Genérica,Equipo de defensa y seguridad,74771007,Cifras Definitivas.
Estadística de Finanzas Públicas Estatales y Municipales. Anual,Ciudad de México,2010,09,Egresos,Partida Genérica,Equipo médico y de laboratorio,75131032,Cifras Definitivas.
Estadística de Finanzas Públicas Estatales y Municipales. Anual,Ciudad de México,2010,09,Egresos,Partida Genérica,Instrumental médico y de laboratorio,1453183,Cifras Definitivas.
Estadística de Finanzas Públicas Estatales y Municipales. Anual,Ciudad de México,2010,09,Egresos,Concepto,"Maquinaria, otros equipos y herramientas",403184647,Cifras Definitivas.
Estadística de Finanzas Públicas Estatales y Municipales. Anual,Ciudad de México,2010,09,Egresos,Partida Genérica,Maquinaria y equipo agropecuario,18484481,Cifras Definitivas.
Estadística de Finanzas Públicas Estatales y Municipales. Anual,Ciudad de México,2010,09,Egresos,Partida Genérica,Maquinaria y equipo industrial,16845722,Cifras Definitivas.
Estadística de Finanzas Públicas Estatales y Municipales. Anual,Ciudad de México,2010,09,Egresos,Partida Genérica,Maquinaria y equipo de construcción,97521472,Cifras Definitivas.
Estadística de Finanzas Públicas Estatales y Municipales. Anual,Ciudad de México,2010,09,Egresos,Partida Genérica,Equipo de comunicación y telecomunicación,117881973,Cifras Definitivas.
Estadística de Finanzas Públicas Estatales y Municipales. Anual,Ciudad de México,2010,09,Egresos,Partida Genérica,"Equipos de generación eléctrica, aparatos y accesorios eléctricos",121052823,Cifras Definitivas.
Estadística de Finanzas Públicas Estatales y Municipales. Anual,Ciudad de México,2010,09,Egresos,Partida Genérica,Herramientas y máquinas-herramienta,1012456,Cifras Definitivas.
Estadística de Finanzas Públicas Estatales y Municipales. Anual,Ciudad de México,2010,09,Egresos,Partida Genérica,Otros equipos,30385720,Cifras Definitivas.
Estadística de Finanzas Públicas Estatales y Municipales. Anual,Ciudad de México,2010,09,Egresos,Concepto,Activos biológicos,798615,Cifras Definitivas.
Estadística de Finanzas Públicas Estatales y Municipales. Anual,Ciudad de México,2010,09,Egresos,Partida Genérica,Otros activos biológicos,798615,Cifras Definitivas.
Estadística de Finanzas Públicas Estatales y Municipales. Anual,Ciudad de México,2010,09,Egresos,Concepto,Bienes inmuebles,133062986,Cifras Definitivas.
Estadística de Finanzas Públicas Estatales y Municipales. Anual,Ciudad de México,2010,09,Egresos,Partida Genérica,Otros bienes inmuebles,133062986,Cifras Definitivas.
Estadística de Finanzas Públicas Estatales y Municipales. Anual,Ciudad de México,2010,09,Egresos,Capítulo,Inversión pública,1739332693,Cifras Definitivas.
Estadística de Finanzas Públicas Estatales y Municipales. Anual,Ciudad de México,2010,09,Egresos,Concepto,Obra pública en bienes de dominio público,1739332693,Cifras Definitivas.
Estadística de Finanzas Públicas Estatales y Municipales. Anual,Ciudad de México,2010,09,Egresos,Partida Genérica,Otras construcciones de ingeniería civil u obra pesada,17542319,Cifras Definitivas.
Estadística de Finanzas Públicas Estatales y Municipales. Anual,Ciudad de México,2010,09,Egresos,Partida Genérica,Diversas obras públicas en bienes de dominio público,1721790374,Cifras Definitivas.
Estadística de Finanzas Públicas Estatales y Municipales. Anual,Ciudad de México,2010,09,Egresos,Capítulo,Inversiones financieras y otras provisiones,138707871,Cifras Definitivas.
Estadística de Finanzas Públicas Estatales y Municipales. Anual,Ciudad de México,2010,09,Egresos,Concepto,Inversiones para el fomento de actividades productivas,138707871,Cifras Definitivas.
Estadística de Finanzas Públicas Estatales y Municipales. Anual,Ciudad de México,2010,09,Egresos,Partida Genérica,Diversos créditos,138707871,Cifras Definitivas.
Estadística de Finanzas Públicas Estatales y Municipales. Anual,Ciudad de México,2010,09,Egresos,Capítulo,Recursos asignados a alcaldías de la Ciudad de México y sector paraestatal,41553665100,Cifras Definitivas.
Estadística de Finanzas Públicas Estatales y Municipales. Anual,Ciudad de México,2010,09,Egresos,Concepto,Alcaldías de la Ciudad de México,21846380800,Cifras Definitivas.
Estadística de Finanzas Públicas Estatales y Municipales. Anual,Ciudad de México,2010,09,Egresos,Partida Genérica,Azcapotzalco,1018138623,Cifras Definitivas.
Estadística de Finanzas Públicas Estatales y Municipales. Anual,Ciudad de México,2010,09,Egresos,Partida Genérica,Coyoacán,1422153300,Cifras Definitivas.
Estadística de Finanzas Públicas Estatales y Municipales. Anual,Ciudad de México,2010,09,Egresos,Partida Genérica,Cuajimalpa de Morelos,740158100,Cifras Definitivas.
Estadística de Finanzas Públicas Estatales y Municipales. Anual,Ciudad de México,2010,09,Egresos,Partida Genérica,Gustavo A. Madero,2537151165,Cifras Definitivas.
Estadística de Finanzas Públicas Estatales y Municipales. Anual,Ciudad de México,2010,09,Egresos,Partida Genérica,Iztacalco,1029265275,Cifras Definitivas.
Estadística de Finanzas Públicas Estatales y Municipales. Anual,Ciudad de México,2010,09,Egresos,Partida Genérica,Iztapalapa,2846731070,Cifras Definitivas.
Estadística de Finanzas Públicas Estatales y Municipales. Anual,Ciudad de México,2010,09,Egresos,Partida Genérica,Magdalena Contreras,660939337,Cifras Definitivas.
Estadística de Finanzas Públicas Estatales y Municipales. Anual,Ciudad de México,2010,09,Egresos,Partida Genérica,Milpa Alta,718640260,Cifras Definitivas.
Estadística de Finanzas Públicas Estatales y Municipales. Anual,Ciudad de México,2010,09,Egresos,Partida Genérica,Álvaro Obregón,1524081300,Cifras Definitivas.
Estadística de Finanzas Públicas Estatales y Municipales. Anual,Ciudad de México,2010,09,Egresos,Partida Genérica,Tláhuac,1002048410,Cifras Definitivas.
Estadística de Finanzas Públicas Estatales y Municipales. Anual,Ciudad de México,2010,09,Egresos,Partida Genérica,Tlalpan,1418484092,Cifras Definitivas.
Estadística de Finanzas Públicas Estatales y Municipales. Anual,Ciudad de México,2010,09,Egresos,Partida Genérica,Xochimilco,1124213038,Cifras Definitivas.
Estadística de Finanzas Públicas Estatales y Municipales. Anual,Ciudad de México,2010,09,Egresos,Partida Genérica,Benito Juárez,1081539616,Cifras Definitivas.
Estadística de Finanzas Públicas Estatales y Municipales. Anual,Ciudad de México,2010,09,Egresos,Partida Genérica,Cuauhtémoc,1896126044,Cifras Definitivas.
Estadística de Finanzas Públicas Estatales y Municipales. Anual,Ciudad de México,2010,09,Egresos,Partida Genérica,Miguel Hidalgo,1331111137,Cifras Definitivas.
Estadística de Finanzas Públicas Estatales y Municipales. Anual,Ciudad de México,2010,09,Egresos,Partida Genérica,Venustiano Carranza,1495600033,Cifras Definitivas.
Estadística de Finanzas Públicas Estatales y Municipales. Anual,Ciudad de México,2010,09,Egresos,Concepto,Sector Paraestatal del Gobierno de la Ciudad de México,19707284300,Cifras Definitivas.
Estadística de Finanzas Públicas Estatales y Municipales. Anual,Ciudad de México,2010,09,Egresos,Partida Genérica,Heroico Cuerpo de Bomberos de la Ciudad de México,508705321,Cifras Definitivas.
Estadística de Finanzas Públicas Estatales y Municipales. Anual,Ciudad de México,2010,09,Egresos,Partida Genérica,Instituto de Vivienda de la Ciudad de México,1177128836,Cifras Definitivas.
Estadística de Finanzas Públicas Estatales y Municipales. Anual,Ciudad de México,2010,09,Egresos,Partida Genérica,Fondo para el Desarrollo Social de la Ciudad de México,65660520,Cifras Definitivas.
Estadística de Finanzas Públicas Estatales y Municipales. Anual,Ciudad de México,2010,09,Egresos,Partida Genérica,Fideicomiso de Recuperación Crediticia de la Ciudad de México FIDERE III,18276098,Cifras Definitivas.
Estadística de Finanzas Públicas Estatales y Municipales. Anual,Ciudad de México,2010,09,Egresos,Partida Genérica,Fondo Mixto de Promoción Turística de la Ciudad de México,229923973,Cifras Definitivas.
Estadística de Finanzas Públicas Estatales y Municipales. Anual,Ciudad de México,2010,09,Egresos,Partida Genérica,Fondo Ambiental Público de la Ciudad de México,169095930,Cifras Definitivas.
Estadística de Finanzas Públicas Estatales y Municipales. Anual,Ciudad de México,2010,09,Egresos,Partida Genérica,Fideicomiso para el Mejoramiento de las Vías de Comunicación del D. F.,8194041,Cifras Definitivas.
Estadística de Finanzas Públicas Estatales y Municipales. Anual,Ciudad de México,2010,09,Egresos,Partida Genérica,Sistema para el Desarrollo Integral de la Familia,2547218942,Cifras Definitivas.
Estadística de Finanzas Públicas Estatales y Municipales. Anual,Ciudad de México,2010,09,Egresos,Partida Genérica,Instituto de Educación Media Superior de la Ciudad de México,633346841,Cifras Definitivas.
Estadística de Finanzas Públicas Estatales y Municipales. Anual,Ciudad de México,2010,09,Egresos,Partida Genérica,Instituto de la Juventud de la Ciudad de México,86389478,Cifras Definitivas.
Estadística de Finanzas Públicas Estatales y Municipales. Anual,Ciudad de México,2010,09,Egresos,Partida Genérica,Instituto de las Mujeres de la Ciudad de México,135876909,Cifras Definitivas.
Estadística de Finanzas Públicas Estatales y Municipales. Anual,Ciudad de México,2010,09,Egresos,Partida Genérica,Fideicomiso del Centro Histórico de la Ciudad de México,278816224,Cifras Definitivas.
Estadística de Finanzas Públicas Estatales y Municipales. Anual,Ciudad de México,2010,09,Egresos,Partida Genérica,Sistema de Transporte Colectivo (Metro),5593844800,Cifras Definitivas.
Estadística de Finanzas Públicas Estatales y Municipales. Anual,Ciudad de México,2010,09,Egresos,Partida Genérica,Servicio de Transportes Eléctricos de la Ciudad de México,837634505,Cifras Definitivas.
Estadística de Finanzas Públicas Estatales y Municipales. Anual,Ciudad de México,2010,09,Egresos,Partida Genérica,Sistema de Movilidad 1,752827149,Cifras Definitivas.
Estadística de Finanzas Públicas Estatales y Municipales. Anual,Ciudad de México,2010,09,Egresos,Partida Genérica,Fideicomiso para el Fondo de Promoción del Transporte Público,42400000,Cifras Definitivas.
Estadística de Finanzas Públicas Estatales y Municipales. Anual,Ciudad de México,2010,09,Egresos,Partida Genérica,Caja de Previsión para Trabajadores a Lista de Raya de la Ciudad de México,329243893,Cifras Definitivas.
Estadística de Finanzas Públicas Estatales y Municipales. Anual,Ciudad de México,2010,09,Egresos,Partida Genérica,Servicios de Salud Pública de la Ciudad de México,3340330552,Cifras Definitivas.
Estadística de Finanzas Públicas Estatales y Municipales. Anual,Ciudad de México,2010,09,Egresos,Partida Genérica,Procuraduría Social de la Ciudad de México,244347597,Cifras Definitivas.
Estadística de Finanzas Públicas Estatales y Municipales. Anual,Ciudad de México,2010,09,Egresos,Partida Genérica,Procuraduría Ambiental y del Ordenamiento Territorial de la Ciudad de México,99344644,Cifras Definitivas.
Estadística de Finanzas Públicas Estatales y Municipales. Anual,Ciudad de México,2010,09,Egresos,Partida Genérica,Fondo para la Atención y Apoyo a las Víctimas del Delito,4799380,Cifras Definitivas.
Estadística de Finanzas Públicas Estatales y Municipales. Anual,Ciudad de México,2010,09,Egresos,Partida Genérica,Metrobús,90618946,Cifras Definitivas.
Estadística de Finanzas Públicas Estatales y Municipales. Anual,Ciudad de México,2010,09,Egresos,Partida Genérica,Fideicomiso Museo de Arte Popular Mexicano,7000000,Cifras Definitivas.
Estadística de Finanzas Públicas Estatales y Municipales. Anual,Ciudad de México,2010,09,Egresos,Partida Genérica,Fideicomiso Museo del Estanquillo,10608720,Cifras Definitivas.
Estadística de Finanzas Públicas Estatales y Municipales. Anual,Ciudad de México,2010,09,Egresos,Partida Genérica,Instituto de Ciencia y Tecnología del Distrito Federal,516039090,Cifras Definitivas.
Estadística de Finanzas Públicas Estatales y Municipales. Anual,Ciudad de México,2010,09,Egresos,Partida Genérica,Fideicomiso Educación Garantizada,1567315275,Cifras Definitivas.
Estadística de Finanzas Públicas Estatales y Municipales. Anual,Ciudad de México,2010,09,Egresos,Partida Genérica,Consejo de Evaluación del Desarrollo Social de la Ciudad de México,27145665,Cifras Definitivas.
Estadística de Finanzas Públicas Estatales y Municipales. Anual,Ciudad de México,2010,09,Egresos,Partida Genérica,Instituto del Deporte de la Ciudad de México,58430198,Cifras Definitivas.
Estadística de Finanzas Públicas Estatales y Municipales. Anual,Ciudad de México,2010,09,Egresos,Partida Genérica,Fondo de Apoyo a la Procuración de Justicia,7253800,Cifras Definitivas.
Estadística de Finanzas Públicas Estatales y Municipales. Anual,Ciudad de México,2010,09,Egresos,Partida Genérica,Fideicomiso Público Complejo Ambiental Xochimilco,139709765,Cifras Definitivas.
Estadística de Finanzas Públicas Estatales y Municipales. Anual,Ciudad de México,2010,09,Egresos,Partida Genérica,Fideicomiso Público Ciudad Digital,7146750,Cifras Definitivas.
Estadística de Finanzas Públicas Estatales y Municipales. Anual,Ciudad de México,2010,09,Egresos,Partida Genérica,Diversas Entidades Paraestatales de la Ciudad de México,172610458,Cifras Definitivas.
Estadística de Finanzas Públicas Estatales y Municipales. Anual,Ciudad de México,2010,09,Egresos,Capítulo,Deuda pública,6751311188,Cifras Definitivas.
Estadística de Finanzas Públicas Estatales y Municipales. Anual,Ciudad de México,2010,09,Egresos,Concepto,Amortización de la deuda pública,124342428,Cifras Definitivas.
Estadística de Finanzas Públicas Estatales y Municipales. Anual,Ciudad de México,2010,09,Egresos,Partida Genérica,Diversas amortizaciones de la deuda pública,124342428,Cifras Definitivas.
Estadística de Finanzas Públicas Estatales y Municipales. Anual,Ciudad de México,2010,09,Egresos,Concepto,Intereses de la deuda pública,3265343318,Cifras Definitivas.
Estadística de Finanzas Públicas Estatales y Municipales. Anual,Ciudad de México,2010,09,Egresos,Partida Genérica,Diversos intereses,3265343318,Cifras Definitivas.
Estadística de Finanzas Públicas Estatales y Municipales. Anual,Ciudad de México,2010,09,Egresos,Concepto,Adeudos de ejercicios fiscales anteriores (ADEFAS),3361625442,Cifras Definitivas.
Estadística de Finanzas Públicas Estatales y Municipales. Anual,Ciudad de México,2010,09,Egresos,Partida Genérica,ADEFAS,3361625442,Cifras Definitivas.
Estadística de Finanzas Públicas Estatales y Municipales. Anual,Ciudad de México,2010,09,Egresos,Capítulo,Disponibilidad final,1513941741,Cifras Definitivas.
Estadística de Finanzas Públicas Estatales y Municipales. Anual,Ciudad de México,2010,09,Ingresos,Tema,Total de ingresos,130541396200,Cifras Definitivas.
Estadística de Finanzas Públicas Estatales y Municipales. Anual,Ciudad de México,2010,09,Ingresos,Capítulo,Impuestos,24241892400,Cifras Definitivas.
Estadística de Finanzas Públicas Estatales y Municipales. Anual,Ciudad de México,2010,09,Ingresos,Concepto,Impuesto sobre los Ingresos,11112984000,Cifras Definitivas.
Estadística de Finanzas Públicas Estatales y Municipales. Anual,Ciudad de México,2010,09,Ingresos,Partida Genérica,Impuesto sobre nómina,11112984000,Cifras Definitivas.
Estadística de Finanzas Públicas Estatales y Municipales. Anual,Ciudad de México,2010,09,Ingresos,Concepto,Impuestos sobre el Patrimonio,12385943600,Cifras Definitivas.
Estadística de Finanzas Públicas Estatales y Municipales. Anual,Ciudad de México,2010,09,Ingresos,Partida Genérica,Impuesto predial,8521626800,Cifras Definitivas.
Estadística de Finanzas Públicas Estatales y Municipales. Anual,Ciudad de México,2010,09,Ingresos,Partida Genérica,Impuesto sobre tenencia o uso de vehículos,497856100,Cifras Definitivas.
Estadística de Finanzas Públicas Estatales y Municipales. Anual,Ciudad de México,2010,09,Ingresos,Partida Genérica,Adquisición de bienes inmuebles,3366460700,Cifras Definitivas.
Estadística de Finanzas Públicas Estatales y Municipales. Anual,Ciudad de México,2010,09,Ingresos,Concepto,"Impuesto sobre la producción, el consumo y las transacciones",742964800,Cifras Definitivas.
Estadística de Finanzas Públicas Estatales y Municipales. Anual,Ciudad de México,2010,09,Ingresos,Partida Genérica,Impuesto sobre hospedaje,179340500,Cifras Definitivas.
Estadística de Finanzas Públicas Estatales y Municipales. Anual,Ciudad de México,2010,09,Ingresos,Partida Genérica,Diversiones y espectáculos públicos,226431200,Cifras Definitivas.
Estadística de Finanzas Públicas Estatales y Municipales. Anual,Ciudad de México,2010,09,Ingresos,Partida Genérica,"Loterías, rifas, sorteos y juegos permitidos",337193100,Cifras Definitivas.
Estadística de Finanzas Públicas Estatales y Municipales. Anual,Ciudad de México,2010,09,Ingresos,Capítulo,Derechos,15358283900,Cifras Definitivas.
Estadística de Finanzas Públicas Estatales y Municipales. Anual,Ciudad de México,2010,09,Ingresos,Concepto,"Derechos por el uso, goce, aprovechamiento o explotación de bienes de dominio público",8656840500,Cifras Definitivas.
Estadística de Finanzas Públicas Estatales y Municipales. Anual,Ciudad de México,2010,09,Ingresos,Partida Genérica,Registros,1166216500,Cifras Definitivas.
Estadística de Finanzas Públicas Estatales y Municipales. Anual,Ciudad de México,2010,09,Ingresos,Subpartida Genérica,Registro civil,136851000,Cifras Definitivas.
Estadística de Finanzas Públicas Estatales y Municipales. Anual,Ciudad de México,2010,09,Ingresos,Subpartida Genérica,Registro público de la propiedad y del comercio,1029365500,Cifras Definitivas.
Estadística de Finanzas Públicas Estatales y Municipales. Anual,Ciudad de México,2010,09,Ingresos,Partida Genérica,Licencias y permisos,303539200,Cifras Definitivas.
Estadística de Finanzas Públicas Estatales y Municipales. Anual,Ciudad de México,2010,09,Ingresos,Subpartida Genérica,Licencias y permisos diversos,303539200,Cifras Definitivas.
Estadística de Finanzas Públicas Estatales y Municipales. Anual,Ciudad de México,2010,09,Ingresos,Partida Genérica,Servicios de vialidad y transporte,1966371000,Cifras Definitivas.
Estadística de Finanzas Públicas Estatales y Municipales. Anual,Ciudad de México,2010,09,Ingresos,Subpartida Genérica,Servicios de grúa y almacenaje de vehículos,189577000,Cifras Definitivas.
Estadística de Finanzas Públicas Estatales y Municipales. Anual,Ciudad de México,2010,09,Ingresos,Subpartida Genérica,Control vehicular,1776794000,Cifras Definitivas.
Estadística de Finanzas Públicas Estatales y Municipales. Anual,Ciudad de México,2010,09,Ingresos,Partida Genérica,Uso y suministro de agua potable,5067528800,Cifras Definitivas.
Estadística de Finanzas Públicas Estatales y Municipales. Anual,Ciudad de México,2010,09,Ingresos,Partida Genérica,Servicios de desarrollo urbano y obras públicas,153185000,Cifras Definitivas.
Estadística de Finanzas Públicas Estatales y Municipales. Anual,Ciudad de México,2010,09,Ingresos,Subpartida Genérica,Urbanización,97867500,Cifras Definitivas.
Estadística de Finanzas Públicas Estatales y Municipales. Anual,Ciudad de México,2010,09,Ingresos,Subpartida Genérica,Por servicios de fraccionamiento,55317500,Cifras Definitivas.
Estadística de Finanzas Públicas Estatales y Municipales. Anual,Ciudad de México,2010,09,Ingresos,Concepto,Derechos por prestación de servicios,6505135400,Cifras Definitivas.
Estadística de Finanzas Públicas Estatales y Municipales. Anual,Ciudad de México,2010,09,Ingresos,Partida Genérica,Estacionamientos,46460500,Cifras Definitivas.
Estadística de Finanzas Públicas Estatales y Municipales. Anual,Ciudad de México,2010,09,Ingresos,Partida Genérica,Seguridad pública,6424839700,Cifras Definitivas.
Estadística de Finanzas Públicas Estatales y Municipales. Anual,Ciudad de México,2010,09,Ingresos,Partida Genérica,Servicios de limpia y recolección de basura,22193000,Cifras Definitivas.
Estadística de Finanzas Públicas Estatales y Municipales. Anual,Ciudad de México,2010,09,Ingresos,Partida Genérica,Diversos derechos por prestación de servicios,11642200,Cifras Definitivas.
Estadística de Finanzas Públicas Estatales y Municipales. Anual,Ciudad de México,2010,09,Ingresos,Concepto,Otros Derechos,196308000,Cifras Definitivas.
Estadística de Finanzas Públicas Estatales y Municipales. Anual,Ciudad de México,2010,09,Ingresos,Capítulo,Productos,1378084400,Cifras Definitivas.
Estadística de Finanzas Públicas Estatales y Municipales. Anual,Ciudad de México,2010,09,Ingresos,Concepto,Productos de tipo corriente,1153085900,Cifras Definitivas.
Estadística de Finanzas Públicas Estatales y Municipales. Anual,Ciudad de México,2010,09,Ingresos,Partida Genérica,Intereses,249973200,Cifras Definitivas.
Estadística de Finanzas Públicas Estatales y Municipales. Anual,Ciudad de México,2010,09,Ingresos,Partida Genérica,Establecimientos y empresas,903112700,Cifras Definitivas.
Estadística de Finanzas Públicas Estatales y Municipales. Anual,Ciudad de México,2010,09,Ingresos,Subpartida Genérica,Talleres gráficos,200870600,Cifras Definitivas.
Estadística de Finanzas Públicas Estatales y Municipales. Anual,Ciudad de México,2010,09,Ingresos,Subpartida Genérica,Establecimientos diversos,702242100,Cifras Definitivas.
Estadística de Finanzas Públicas Estatales y Municipales. Anual,Ciudad de México,2010,09,Ingresos,Concepto,Productos de tipo capital,221108900,Cifras Definitivas.
Estadística de Finanzas Públicas Estatales y Municipales. Anual,Ciudad de México,2010,09,Ingresos,Partida Genérica,Enajenación o venta de bienes,221108900,Cifras Definitivas.
Estadística de Finanzas Públicas Estatales y Municipales. Anual,Ciudad de México,2010,09,Ingresos,Subpartida Genérica,Bienes muebles e inmuebles,215076000,Cifras Definitivas.
Estadística de Finanzas Públicas Estatales y Municipales. Anual,Ciudad de México,2010,09,Ingresos,Subpartida Genérica,Bienes inmuebles,6032900,Cifras Definitivas.
Estadística de Finanzas Públicas Estatales y Municipales. Anual,Ciudad de México,2010,09,Ingresos,Concepto,Otros productos,3889600,Cifras Definitivas.
Estadística de Finanzas Públicas Estatales y Municipales. Anual,Ciudad de México,2010,09,Ingresos,Capítulo,Aprovechamientos,5526067900,Cifras Definitivas.
Estadística de Finanzas Públicas Estatales y Municipales. Anual,Ciudad de México,2010,09,Ingresos,Concepto,Aprovechamientos de tipo corriente,811178800,Cifras Definitivas.
Estadística de Finanzas Públicas Estatales y Municipales. Anual,Ciudad de México,2010,09,Ingresos,Partida Genérica,Multas,694169900,Cifras Definitivas.
Estadística de Finanzas Públicas Estatales y Municipales. Anual,Ciudad de México,2010,09,Ingresos,Partida Genérica,Donaciones y aprovechamientos a favor del estado,94702500,Cifras Definitivas.
Estadística de Finanzas Públicas Estatales y Municipales. Anual,Ciudad de México,2010,09,Ingresos,Partida Genérica,Indemnizaciones a favor del estado,22306400,Cifras Definitivas.
Estadística de Finanzas Públicas Estatales y Municipales. Anual,Ciudad de México,2010,09,Ingresos,Concepto,Otros aprovechamientos,4714889100,Cifras Definitivas.
Estadística de Finanzas Públicas Estatales y Municipales. Anual,Ciudad de México,2010,09,Ingresos,Capítulo,Participaciones federales,52600854200,Cifras Definitivas.
Estadística de Finanzas Públicas Estatales y Municipales. Anual,Ciudad de México,2010,09,Ingresos,Concepto,Fondos participables,43699879600,Cifras Definitivas.
Estadística de Finanzas Públicas Estatales y Municipales. Anual,Ciudad de México,2010,09,Ingresos,Partida Genérica,Fondo General de Participaciones,39458844700,Cifras Definitivas.
Estadística de Finanzas Públicas Estatales y Municipales. Anual,Ciudad de México,2010,09,Ingresos,Partida Genérica,Fondo de Fomento Municipal,2275964000,Cifras Definitivas.
Estadística de Finanzas Públicas Estatales y Municipales. Anual,Ciudad de México,2010,09,Ingresos,Partida Genérica,Fondo de Fiscalización,1965070900,Cifras Definitivas.
Estadística de Finanzas Públicas Estatales y Municipales. Anual,Ciudad de México,2010,09,Ingresos,Concepto,Impuestos participables,8248628300,Cifras Definitivas.
Estadística de Finanzas Públicas Estatales y Municipales. Anual,Ciudad de México,2010,09,Ingresos,Partida Genérica,Impuesto sobre Tenencia o Uso de Vehículos,4827261700,Cifras Definitivas.
Estadística de Finanzas Públicas Estatales y Municipales. Anual,Ciudad de México,2010,09,Ingresos,Partida Genérica,Impuesto sobre Automóviles Nuevos,1355679000,Cifras Definitivas.
Estadística de Finanzas Públicas Estatales y Municipales. Anual,Ciudad de México,2010,09,Ingresos,Partida Genérica,Impuesto Especial sobre Producción y Servicios,817289900,Cifras Definitivas.
Estadística de Finanzas Públicas Estatales y Municipales. Anual,Ciudad de México,2010,09,Ingresos,Partida Genérica,IEPS Gasolinas,1248397700,Cifras Definitivas.
Estadística de Finanzas Públicas Estatales y Municipales. Anual,Ciudad de México,2010,09,Ingresos,Concepto,Otras participaciones,652346300,Cifras Definitivas.
Estadística de Finanzas Públicas Estatales y Municipales. Anual,Ciudad de México,2010,09,Ingresos,Partida Genérica,Multas administrativas federales no fiscales,9370600,Cifras Definitivas.
Estadística de Finanzas Públicas Estatales y Municipales. Anual,Ciudad de México,2010,09,Ingresos,Partida Genérica,Incentivos por administración de impuestos,516971600,Cifras Definitivas.
Estadística de Finanzas Públicas Estatales y Municipales. Anual,Ciudad de México,2010,09,Ingresos,Partida Genérica,Participaciones diversas,126004100,Cifras Definitivas.
Estadística de Finanzas Públicas Estatales y Municipales. Anual,Ciudad de México,2010,09,Ingresos,Capítulo,Aportaciones federales,21196116800,Cifras Definitivas.
Estadística de Finanzas Públicas Estatales y Municipales. Anual,Ciudad de México,2010,09,Ingresos,Concepto,Aportaciones del ramo general 33,8971027200,Cifras Definitivas.
Estadística de Finanzas Públicas Estatales y Municipales. Anual,Ciudad de México,2010,09,Ingresos,Partida Genérica,Aportaciones a entidades federativas,5409330700,Cifras Definitivas.
Estadística de Finanzas Públicas Estatales y Municipales. Anual,Ciudad de México,2010,09,Ingresos,Subpartida Genérica,FA para los Servicios de Salud,2834851900,Cifras Definitivas.
Estadística de Finanzas Públicas Estatales y Municipales. Anual,Ciudad de México,2010,09,Ingresos,Subpartida Genérica,FA Múltiples,459625000,Cifras Definitivas.
Estadística de Finanzas Públicas Estatales y Municipales. Anual,Ciudad de México,2010,09,Ingresos,Subpartida Genérica,FA para la Seguridad Pública,447236500,Cifras Definitivas.
Estadística de Finanzas Públicas Estatales y Municipales. Anual,Ciudad de México,2010,09,Ingresos,Subpartida Genérica,FA para el Fortalecimiento de los Municipios y las Demarcaciones Territoriales de la Ciudad de México,1667617300,Cifras Definitivas.
Estadística de Finanzas Públicas Estatales y Municipales. Anual,Ciudad de México,2010,09,Ingresos,Partida Genérica,Aportaciones a municipios,3561696500,Cifras Definitivas.
Estadística de Finanzas Públicas Estatales y Municipales. Anual,Ciudad de México,2010,09,Ingresos,Subpartida Genérica,FA para el Fortalecimiento de los Municipios,3561696500,Cifras Definitivas.
Estadística de Finanzas Públicas Estatales y Municipales. Anual,Ciudad de México,2010,09,Ingresos,Concepto,Recursos federales reasignados,12225089600,Cifras Definitivas.
Estadística de Finanzas Públicas Estatales y Municipales. Anual,Ciudad de México,2010,09,Ingresos,Partida Genérica,Convenios para obras públicas,8002600,Cifras Definitivas.
Estadística de Finanzas Públicas Estatales y Municipales. Anual,Ciudad de México,2010,09,Ingresos,Subpartida Genérica,Fideicomiso para la infraestructura,334400,Cifras Definitivas.
Estadística de Finanzas Públicas Estatales y Municipales. Anual,Ciudad de México,2010,09,Ingresos,Subpartida Genérica,Fondo para la estabilización de los ingresos,7668200,Cifras Definitivas.
Estadística de Finanzas Públicas Estatales y Municipales. Anual,Ciudad de México,2010,09,Ingresos,Partida Genérica,Recursos federales diversos,12217087000,Cifras Definitivas.
Estadística de Finanzas Públicas Estatales y Municipales. Anual,Ciudad de México,2010,09,Ingresos,Subpartida Genérica,Otros recursos federales,12217087000,Cifras Definitivas.
Estadística de Finanzas Públicas Estatales y Municipales. Anual,Ciudad de México,2010,09,Ingresos,Capítulo,Otros ingresos,4846513100,Cifras Definitivas.
Estadística de Finanzas Públicas Estatales y Municipales. Anual,Ciudad de México,2010,09,Ingresos,Concepto,Otros ingresos extraordinarios,4846513100,Cifras Definitivas.
Estadística de Finanzas Públicas Estatales y Municipales. Anual,Ciudad de México,2010,09,Ingresos,Capítulo,Financiamiento,5393583500,Cifras Definitivas.
Estadística de Finanzas Públicas Estatales y Municipales. Anual,Ciudad de México,2010,09,Ingresos,Concepto,Empréstitos,5393583500,Cifras Definitivas.
Estadística de Finanzas Públicas Estatales y Municipales. Anual,Ciudad de México,2010,09,Ingresos,Partida Genérica,Empréstitos diversos,5393583500,Cifras Definitivas.
