﻿PROD_EST,COBERTURA,ANIO,ID_ENTIDAD,TEMA,CATEGORIA,DESCRIPCION_CATEGORIA,VALOR,ESTATUS
Estadística de Finanzas Públicas Estatales y Municipales. Anual,Ciudad de México,2005,09,Egresos,Tema,Total de egresos,79623633100,Cifras Definitivas.
Estadística de Finanzas Públicas Estatales y Municipales. Anual,Ciudad de México,2005,09,Egresos,Capítulo,Servicios personales,15144091690,Cifras Definitivas.
Estadística de Finanzas Públicas Estatales y Municipales. Anual,Ciudad de México,2005,09,Egresos,Concepto,Remuneraciones al personal,5070780493,Cifras Definitivas.
Estadística de Finanzas Públicas Estatales y Municipales. Anual,Ciudad de México,2005,09,Egresos,Partida Genérica,Jefatura de Gobierno,41755555,Cifras Definitivas.
Estadística de Finanzas Públicas Estatales y Municipales. Anual,Ciudad de México,2005,09,Egresos,Partida Genérica,Secretaría de Gobierno,464629571,Cifras Definitivas.
Estadística de Finanzas Públicas Estatales y Municipales. Anual,Ciudad de México,2005,09,Egresos,Partida Genérica,Secretaría de Finanzas,326077326,Cifras Definitivas.
Estadística de Finanzas Públicas Estatales y Municipales. Anual,Ciudad de México,2005,09,Egresos,Partida Genérica,Secretaría de Educación,66037234,Cifras Definitivas.
Estadística de Finanzas Públicas Estatales y Municipales. Anual,Ciudad de México,2005,09,Egresos,Partida Genérica,Secretaría de Salud,870196201,Cifras Definitivas.
Estadística de Finanzas Públicas Estatales y Municipales. Anual,Ciudad de México,2005,09,Egresos,Partida Genérica,Secretaría de Obras Públicas y Servicios,299582470,Cifras Definitivas.
Estadística de Finanzas Públicas Estatales y Municipales. Anual,Ciudad de México,2005,09,Egresos,Partida Genérica,Secretaría de Desarrollo Económico,30345159,Cifras Definitivas.
Estadística de Finanzas Públicas Estatales y Municipales. Anual,Ciudad de México,2005,09,Egresos,Partida Genérica,Secretaría de Turismo,8999288,Cifras Definitivas.
Estadística de Finanzas Públicas Estatales y Municipales. Anual,Ciudad de México,2005,09,Egresos,Partida Genérica,Secretaría del Medio Ambiente,209570245,Cifras Definitivas.
Estadística de Finanzas Públicas Estatales y Municipales. Anual,Ciudad de México,2005,09,Egresos,Partida Genérica,Secretaría de Desarrollo Social,19552420,Cifras Definitivas.
Estadística de Finanzas Públicas Estatales y Municipales. Anual,Ciudad de México,2005,09,Egresos,Partida Genérica,Secretaría de Seguridad Pública,1587173838,Cifras Definitivas.
Estadística de Finanzas Públicas Estatales y Municipales. Anual,Ciudad de México,2005,09,Egresos,Partida Genérica,Procuraduría General de Justicia,751869668,Cifras Definitivas.
Estadística de Finanzas Públicas Estatales y Municipales. Anual,Ciudad de México,2005,09,Egresos,Partida Genérica,Contraloría General,54547816,Cifras Definitivas.
Estadística de Finanzas Públicas Estatales y Municipales. Anual,Ciudad de México,2005,09,Egresos,Partida Genérica,Oficialía Mayor,144293235,Cifras Definitivas.
Estadística de Finanzas Públicas Estatales y Municipales. Anual,Ciudad de México,2005,09,Egresos,Partida Genérica,Dependencias diversas,196150467,Cifras Definitivas.
Estadística de Finanzas Públicas Estatales y Municipales. Anual,Ciudad de México,2005,09,Egresos,Concepto,Remuneraciones adicionales y especiales,3296229957,Cifras Definitivas.
Estadística de Finanzas Públicas Estatales y Municipales. Anual,Ciudad de México,2005,09,Egresos,Partida Genérica,Primas por años de servicios efectivos prestados,106941958,Cifras Definitivas.
Estadística de Finanzas Públicas Estatales y Municipales. Anual,Ciudad de México,2005,09,Egresos,Partida Genérica,"Primas de vacaciones, dominical y gratificación de fin de año",1181995823,Cifras Definitivas.
Estadística de Finanzas Públicas Estatales y Municipales. Anual,Ciudad de México,2005,09,Egresos,Partida Genérica,Horas extraordinarias,120472592,Cifras Definitivas.
Estadística de Finanzas Públicas Estatales y Municipales. Anual,Ciudad de México,2005,09,Egresos,Partida Genérica,Compensaciones,1526162587,Cifras Definitivas.
Estadística de Finanzas Públicas Estatales y Municipales. Anual,Ciudad de México,2005,09,Egresos,Partida Genérica,Otras remuneraciones adicionales y especiales,360656997,Cifras Definitivas.
Estadística de Finanzas Públicas Estatales y Municipales. Anual,Ciudad de México,2005,09,Egresos,Concepto,Seguridad social,1342311426,Cifras Definitivas.
Estadística de Finanzas Públicas Estatales y Municipales. Anual,Ciudad de México,2005,09,Egresos,Partida Genérica,Aportaciones a fondos de vivienda,305505668,Cifras Definitivas.
Estadística de Finanzas Públicas Estatales y Municipales. Anual,Ciudad de México,2005,09,Egresos,Partida Genérica,Aportaciones para seguros,167583203,Cifras Definitivas.
Estadística de Finanzas Públicas Estatales y Municipales. Anual,Ciudad de México,2005,09,Egresos,Partida Genérica,Otras cuotas de seguridad social y seguros,869222555,Cifras Definitivas.
Estadística de Finanzas Públicas Estatales y Municipales. Anual,Ciudad de México,2005,09,Egresos,Concepto,Otras prestaciones sociales y económicas,4010043413,Cifras Definitivas.
Estadística de Finanzas Públicas Estatales y Municipales. Anual,Ciudad de México,2005,09,Egresos,Partida Genérica,Cuotas para el fondo de ahorro y fondo de trabajo,217646523,Cifras Definitivas.
Estadística de Finanzas Públicas Estatales y Municipales. Anual,Ciudad de México,2005,09,Egresos,Partida Genérica,Indemnizaciones,105749247,Cifras Definitivas.
Estadística de Finanzas Públicas Estatales y Municipales. Anual,Ciudad de México,2005,09,Egresos,Partida Genérica,Prestaciones y haberes de retiro,179876204,Cifras Definitivas.
Estadística de Finanzas Públicas Estatales y Municipales. Anual,Ciudad de México,2005,09,Egresos,Partida Genérica,Otras prestaciones sociales y económicas,3506771439,Cifras Definitivas.
Estadística de Finanzas Públicas Estatales y Municipales. Anual,Ciudad de México,2005,09,Egresos,Concepto,Pago de estímulos a servidores públicos,1424726401,Cifras Definitivas.
Estadística de Finanzas Públicas Estatales y Municipales. Anual,Ciudad de México,2005,09,Egresos,Partida Genérica,Estímulos,1424726401,Cifras Definitivas.
Estadística de Finanzas Públicas Estatales y Municipales. Anual,Ciudad de México,2005,09,Egresos,Capítulo,Materiales y suministros,1594891976,Cifras Definitivas.
Estadística de Finanzas Públicas Estatales y Municipales. Anual,Ciudad de México,2005,09,Egresos,Concepto,"Materiales de administración, emisión de documentos y artículos oficiales",111726181,Cifras Definitivas.
Estadística de Finanzas Públicas Estatales y Municipales. Anual,Ciudad de México,2005,09,Egresos,Partida Genérica,"Materiales, útiles y equipos menores de oficina",17071851,Cifras Definitivas.
Estadística de Finanzas Públicas Estatales y Municipales. Anual,Ciudad de México,2005,09,Egresos,Partida Genérica,Materiales y útiles de impresión y reproducción,36639260,Cifras Definitivas.
Estadística de Finanzas Públicas Estatales y Municipales. Anual,Ciudad de México,2005,09,Egresos,Partida Genérica,Material estadístico y geográfico,93594,Cifras Definitivas.
Estadística de Finanzas Públicas Estatales y Municipales. Anual,Ciudad de México,2005,09,Egresos,Partida Genérica,"Materiales, útiles y equipos menores de tecnologías de la información y comunicaciones",39505946,Cifras Definitivas.
Estadística de Finanzas Públicas Estatales y Municipales. Anual,Ciudad de México,2005,09,Egresos,Partida Genérica,Material de limpieza,9047568,Cifras Definitivas.
Estadística de Finanzas Públicas Estatales y Municipales. Anual,Ciudad de México,2005,09,Egresos,Partida Genérica,Materiales y útiles de enseñanza,9367962,Cifras Definitivas.
Estadística de Finanzas Públicas Estatales y Municipales. Anual,Ciudad de México,2005,09,Egresos,Concepto,Alimentos y utensilios,332581063,Cifras Definitivas.
Estadística de Finanzas Públicas Estatales y Municipales. Anual,Ciudad de México,2005,09,Egresos,Partida Genérica,Otros alimentos y utensilios,332581063,Cifras Definitivas.
Estadística de Finanzas Públicas Estatales y Municipales. Anual,Ciudad de México,2005,09,Egresos,Concepto,"Herramientas, refacciones y accesorios menores",109070270,Cifras Definitivas.
Estadística de Finanzas Públicas Estatales y Municipales. Anual,Ciudad de México,2005,09,Egresos,Partida Genérica,Refacciones y accesorios menores otros bienes muebles,109070270,Cifras Definitivas.
Estadística de Finanzas Públicas Estatales y Municipales. Anual,Ciudad de México,2005,09,Egresos,Concepto,Materiales y artículos de construcción y de reparación,212276937,Cifras Definitivas.
Estadística de Finanzas Públicas Estatales y Municipales. Anual,Ciudad de México,2005,09,Egresos,Partida Genérica,Otros materiales y artículos de construcción y reparación,212276937,Cifras Definitivas.
Estadística de Finanzas Públicas Estatales y Municipales. Anual,Ciudad de México,2005,09,Egresos,Concepto,"Productos químicos, farmacéuticos, laboratorio y materias primas de producción y comercialización",401220708,Cifras Definitivas.
Estadística de Finanzas Públicas Estatales y Municipales. Anual,Ciudad de México,2005,09,Egresos,Partida Genérica,"Productos químicos, farmacéuticos y de laboratorio",300261407,Cifras Definitivas.
Estadística de Finanzas Públicas Estatales y Municipales. Anual,Ciudad de México,2005,09,Egresos,Subpartida Genérica,Productos químicos básicos,65470643,Cifras Definitivas.
Estadística de Finanzas Públicas Estatales y Municipales. Anual,Ciudad de México,2005,09,Egresos,Subpartida Genérica,"Fertilizantes, pesticidas y otros agroquímicos",2332721,Cifras Definitivas.
Estadística de Finanzas Públicas Estatales y Municipales. Anual,Ciudad de México,2005,09,Egresos,Subpartida Genérica,Medicinas y productos farmacéuticos,137679565,Cifras Definitivas.
Estadística de Finanzas Públicas Estatales y Municipales. Anual,Ciudad de México,2005,09,Egresos,Subpartida Genérica,"Materiales, accesorios y suministros médicos",79541207,Cifras Definitivas.
Estadística de Finanzas Públicas Estatales y Municipales. Anual,Ciudad de México,2005,09,Egresos,Subpartida Genérica,"Materiales, accesorios y suministros de laboratorio",15237271,Cifras Definitivas.
Estadística de Finanzas Públicas Estatales y Municipales. Anual,Ciudad de México,2005,09,Egresos,Partida Genérica,Otros productos adquiridos como materia prima,100959301,Cifras Definitivas.
Estadística de Finanzas Públicas Estatales y Municipales. Anual,Ciudad de México,2005,09,Egresos,Concepto,"Combustibles, lubricantes y aditivos",372077234,Cifras Definitivas.
Estadística de Finanzas Públicas Estatales y Municipales. Anual,Ciudad de México,2005,09,Egresos,Partida Genérica,"Combustibles, lubricantes y aditivos",372077234,Cifras Definitivas.
Estadística de Finanzas Públicas Estatales y Municipales. Anual,Ciudad de México,2005,09,Egresos,Concepto,"Vestuario, blancos, prendas de protección y artículos deportivos",53063079,Cifras Definitivas.
Estadística de Finanzas Públicas Estatales y Municipales. Anual,Ciudad de México,2005,09,Egresos,Partida Genérica,Vestuario y uniformes,45078149,Cifras Definitivas.
Estadística de Finanzas Públicas Estatales y Municipales. Anual,Ciudad de México,2005,09,Egresos,Partida Genérica,Prendas de seguridad y protección personal,6833325,Cifras Definitivas.
Estadística de Finanzas Públicas Estatales y Municipales. Anual,Ciudad de México,2005,09,Egresos,Partida Genérica,Artículos deportivos,1151605,Cifras Definitivas.
Estadística de Finanzas Públicas Estatales y Municipales. Anual,Ciudad de México,2005,09,Egresos,Concepto,Materiales y suministros para seguridad,2876504,Cifras Definitivas.
Estadística de Finanzas Públicas Estatales y Municipales. Anual,Ciudad de México,2005,09,Egresos,Partida Genérica,Sustancias y materiales explosivos,870302,Cifras Definitivas.
Estadística de Finanzas Públicas Estatales y Municipales. Anual,Ciudad de México,2005,09,Egresos,Partida Genérica,Materiales de seguridad pública,2006202,Cifras Definitivas.
Estadística de Finanzas Públicas Estatales y Municipales. Anual,Ciudad de México,2005,09,Egresos,Capítulo,Servicios generales,4168517414,Cifras Definitivas.
Estadística de Finanzas Públicas Estatales y Municipales. Anual,Ciudad de México,2005,09,Egresos,Concepto,Servicios básicos,518767161,Cifras Definitivas.
Estadística de Finanzas Públicas Estatales y Municipales. Anual,Ciudad de México,2005,09,Egresos,Partida Genérica,Energía eléctrica,188975552,Cifras Definitivas.
Estadística de Finanzas Públicas Estatales y Municipales. Anual,Ciudad de México,2005,09,Egresos,Partida Genérica,Agua,156310412,Cifras Definitivas.
Estadística de Finanzas Públicas Estatales y Municipales. Anual,Ciudad de México,2005,09,Egresos,Partida Genérica,Telefonía tradicional,74430087,Cifras Definitivas.
Estadística de Finanzas Públicas Estatales y Municipales. Anual,Ciudad de México,2005,09,Egresos,Partida Genérica,Telefonía celular,1110628,Cifras Definitivas.
Estadística de Finanzas Públicas Estatales y Municipales. Anual,Ciudad de México,2005,09,Egresos,Partida Genérica,Servicios de telecomunicaciones y satélites,37747423,Cifras Definitivas.
Estadística de Finanzas Públicas Estatales y Municipales. Anual,Ciudad de México,2005,09,Egresos,Partida Genérica,Servicios postales y telegráficos,32145621,Cifras Definitivas.
Estadística de Finanzas Públicas Estatales y Municipales. Anual,Ciudad de México,2005,09,Egresos,Partida Genérica,Servicios integrales y otros servicios,28047438,Cifras Definitivas.
Estadística de Finanzas Públicas Estatales y Municipales. Anual,Ciudad de México,2005,09,Egresos,Concepto,Servicios de arrendamiento,152120500,Cifras Definitivas.
Estadística de Finanzas Públicas Estatales y Municipales. Anual,Ciudad de México,2005,09,Egresos,Partida Genérica,Otros arrendamientos,152120500,Cifras Definitivas.
Estadística de Finanzas Públicas Estatales y Municipales. Anual,Ciudad de México,2005,09,Egresos,Concepto,"Servicios profesionales, científicos, técnicos y otros servicios",1225303861,Cifras Definitivas.
Estadística de Finanzas Públicas Estatales y Municipales. Anual,Ciudad de México,2005,09,Egresos,Partida Genérica,Servicios de vigilancia,719364095,Cifras Definitivas.
Estadística de Finanzas Públicas Estatales y Municipales. Anual,Ciudad de México,2005,09,Egresos,Partida Genérica,"Servicios profesionales, científicos y técnicos integrales",505939766,Cifras Definitivas.
Estadística de Finanzas Públicas Estatales y Municipales. Anual,Ciudad de México,2005,09,Egresos,Concepto,"Servicios financieros, bancarios y comerciales",405617411,Cifras Definitivas.
Estadística de Finanzas Públicas Estatales y Municipales. Anual,Ciudad de México,2005,09,Egresos,Partida Genérica,Servicios financieros y bancarios,16517570,Cifras Definitivas.
Estadística de Finanzas Públicas Estatales y Municipales. Anual,Ciudad de México,2005,09,Egresos,Partida Genérica,"Servicios de recaudación, traslado y custodia de valores",180648219,Cifras Definitivas.
Estadística de Finanzas Públicas Estatales y Municipales. Anual,Ciudad de México,2005,09,Egresos,Partida Genérica,Seguro de bienes patrimoniales,166451723,Cifras Definitivas.
Estadística de Finanzas Públicas Estatales y Municipales. Anual,Ciudad de México,2005,09,Egresos,Partida Genérica,"Almacenaje, envase y embalaje",4947,Cifras Definitivas.
Estadística de Finanzas Públicas Estatales y Municipales. Anual,Ciudad de México,2005,09,Egresos,Partida Genérica,Fletes y maniobras,31020216,Cifras Definitivas.
Estadística de Finanzas Públicas Estatales y Municipales. Anual,Ciudad de México,2005,09,Egresos,Partida Genérica,"Servicios financieros, bancarios y comerciales integrales",10974736,Cifras Definitivas.
Estadística de Finanzas Públicas Estatales y Municipales. Anual,Ciudad de México,2005,09,Egresos,Concepto,"Servicios de instalación, reparación, mantenimiento y conservación",466700342,Cifras Definitivas.
Estadística de Finanzas Públicas Estatales y Municipales. Anual,Ciudad de México,2005,09,Egresos,Partida Genérica,Conservación y mantenimiento menor de inmuebles,72133068,Cifras Definitivas.
Estadística de Finanzas Públicas Estatales y Municipales. Anual,Ciudad de México,2005,09,Egresos,Partida Genérica,"Instalación, reparación y mantenimiento de mobiliario y equipo de administración, educacional y recreativo",9431317,Cifras Definitivas.
Estadística de Finanzas Públicas Estatales y Municipales. Anual,Ciudad de México,2005,09,Egresos,Partida Genérica,"Instalación, reparación y mantenimiento de equipo de cómputo y tecnología de la información",15205050,Cifras Definitivas.
Estadística de Finanzas Públicas Estatales y Municipales. Anual,Ciudad de México,2005,09,Egresos,Partida Genérica,Reparación y mantenimiento de equipo de transporte,132166018,Cifras Definitivas.
Estadística de Finanzas Públicas Estatales y Municipales. Anual,Ciudad de México,2005,09,Egresos,Partida Genérica,"Instalación, reparación y mantenimiento de maquinaria, otros equipos y herramienta",117562276,Cifras Definitivas.
Estadística de Finanzas Públicas Estatales y Municipales. Anual,Ciudad de México,2005,09,Egresos,Partida Genérica,Servicios de limpieza y manejo de desechos,93096411,Cifras Definitivas.
Estadística de Finanzas Públicas Estatales y Municipales. Anual,Ciudad de México,2005,09,Egresos,Partida Genérica,Diversos servicios de mantenimiento,27106202,Cifras Definitivas.
Estadística de Finanzas Públicas Estatales y Municipales. Anual,Ciudad de México,2005,09,Egresos,Concepto,Servicios de comunicación social y publicidad,215338584,Cifras Definitivas.
Estadística de Finanzas Públicas Estatales y Municipales. Anual,Ciudad de México,2005,09,Egresos,Partida Genérica,"Difusión por radio, televisión y otros medios de mensajes sobre programas y actividades gubernamentales",145840239,Cifras Definitivas.
Estadística de Finanzas Públicas Estatales y Municipales. Anual,Ciudad de México,2005,09,Egresos,Partida Genérica,Otros servicios de información,69498345,Cifras Definitivas.
Estadística de Finanzas Públicas Estatales y Municipales. Anual,Ciudad de México,2005,09,Egresos,Concepto,Servicios de traslado y viáticos,23945173,Cifras Definitivas.
Estadística de Finanzas Públicas Estatales y Municipales. Anual,Ciudad de México,2005,09,Egresos,Partida Genérica,Servicios integrales de traslado y viáticos,22920087,Cifras Definitivas.
Estadística de Finanzas Públicas Estatales y Municipales. Anual,Ciudad de México,2005,09,Egresos,Partida Genérica,Otros servicios de traslado y hospedaje,1025086,Cifras Definitivas.
Estadística de Finanzas Públicas Estatales y Municipales. Anual,Ciudad de México,2005,09,Egresos,Concepto,Servicios oficiales,45963546,Cifras Definitivas.
Estadística de Finanzas Públicas Estatales y Municipales. Anual,Ciudad de México,2005,09,Egresos,Partida Genérica,Gastos de ceremonial,36764004,Cifras Definitivas.
Estadística de Finanzas Públicas Estatales y Municipales. Anual,Ciudad de México,2005,09,Egresos,Partida Genérica,Congresos y convenciones,7095374,Cifras Definitivas.
Estadística de Finanzas Públicas Estatales y Municipales. Anual,Ciudad de México,2005,09,Egresos,Partida Genérica,Diversos servicios oficiales,2104168,Cifras Definitivas.
Estadística de Finanzas Públicas Estatales y Municipales. Anual,Ciudad de México,2005,09,Egresos,Concepto,Otros servicios generales,1114760836,Cifras Definitivas.
Estadística de Finanzas Públicas Estatales y Municipales. Anual,Ciudad de México,2005,09,Egresos,Partida Genérica,Impuestos y derechos,390433444,Cifras Definitivas.
Estadística de Finanzas Públicas Estatales y Municipales. Anual,Ciudad de México,2005,09,Egresos,Partida Genérica,Impuesto sobre nóminas y otros que se deriven de una relación laboral,240346590,Cifras Definitivas.
Estadística de Finanzas Públicas Estatales y Municipales. Anual,Ciudad de México,2005,09,Egresos,Partida Genérica,Otros servicios generales,483980802,Cifras Definitivas.
Estadística de Finanzas Públicas Estatales y Municipales. Anual,Ciudad de México,2005,09,Egresos,Capítulo,"Transferencias, asignaciones, subsidios y otras ayudas",21171294099,Cifras Definitivas.
Estadística de Finanzas Públicas Estatales y Municipales. Anual,Ciudad de México,2005,09,Egresos,Concepto,Transferencias internas y asignaciones al sector público,21059046141,Cifras Definitivas.
Estadística de Finanzas Públicas Estatales y Municipales. Anual,Ciudad de México,2005,09,Egresos,Partida Genérica,A poderes,3438162287,Cifras Definitivas.
Estadística de Finanzas Públicas Estatales y Municipales. Anual,Ciudad de México,2005,09,Egresos,Subpartida Genérica,Legislativo,901729698,Cifras Definitivas.
Estadística de Finanzas Públicas Estatales y Municipales. Anual,Ciudad de México,2005,09,Egresos,Subpartida Genérica,Judicial,2536432589,Cifras Definitivas.
Estadística de Finanzas Públicas Estatales y Municipales. Anual,Ciudad de México,2005,09,Egresos,Partida Genérica,A instituciones del gobierno según función,14085509491,Cifras Definitivas.
Estadística de Finanzas Públicas Estatales y Municipales. Anual,Ciudad de México,2005,09,Egresos,Subpartida Genérica,Instituciones y programas de educación,394350048,Cifras Definitivas.
Estadística de Finanzas Públicas Estatales y Municipales. Anual,Ciudad de México,2005,09,Egresos,Subpartida Genérica,Instituciones y programas de salud,110000,Cifras Definitivas.
Estadística de Finanzas Públicas Estatales y Municipales. Anual,Ciudad de México,2005,09,Egresos,Subpartida Genérica,Instituciones y programas de asistencia social,188890313,Cifras Definitivas.
Estadística de Finanzas Públicas Estatales y Municipales. Anual,Ciudad de México,2005,09,Egresos,Subpartida Genérica,Instituciones y programas de seguridad social,56083116,Cifras Definitivas.
Estadística de Finanzas Públicas Estatales y Municipales. Anual,Ciudad de México,2005,09,Egresos,Subpartida Genérica,Instituciones y programas de cultura y deporte,3602814838,Cifras Definitivas.
Estadística de Finanzas Públicas Estatales y Municipales. Anual,Ciudad de México,2005,09,Egresos,Subpartida Genérica,Instituciones y programas de seguridad pública,5595792822,Cifras Definitivas.
Estadística de Finanzas Públicas Estatales y Municipales. Anual,Ciudad de México,2005,09,Egresos,Subpartida Genérica,Instituciones y programas del sector turismo,3459893,Cifras Definitivas.
Estadística de Finanzas Públicas Estatales y Municipales. Anual,Ciudad de México,2005,09,Egresos,Subpartida Genérica,Instituciones y programas del sector económico,60000,Cifras Definitivas.
Estadística de Finanzas Públicas Estatales y Municipales. Anual,Ciudad de México,2005,09,Egresos,Subpartida Genérica,Instituciones y programas ecológicos,20000000,Cifras Definitivas.
Estadística de Finanzas Públicas Estatales y Municipales. Anual,Ciudad de México,2005,09,Egresos,Subpartida Genérica,Instituciones y programas de infraestructura,4223948461,Cifras Definitivas.
Estadística de Finanzas Públicas Estatales y Municipales. Anual,Ciudad de México,2005,09,Egresos,Partida Genérica,Órganos autónomos y electorales,1572138858,Cifras Definitivas.
Estadística de Finanzas Públicas Estatales y Municipales. Anual,Ciudad de México,2005,09,Egresos,Subpartida Genérica,Instituto electoral,825523092,Cifras Definitivas.
Estadística de Finanzas Públicas Estatales y Municipales. Anual,Ciudad de México,2005,09,Egresos,Subpartida Genérica,Comisión de derechos humanos,195183137,Cifras Definitivas.
Estadística de Finanzas Públicas Estatales y Municipales. Anual,Ciudad de México,2005,09,Egresos,Subpartida Genérica,Diversos órganos autónomos y electorales,551432629,Cifras Definitivas.
Estadística de Finanzas Públicas Estatales y Municipales. Anual,Ciudad de México,2005,09,Egresos,Partida Genérica,Diversas transferencias,1963235505,Cifras Definitivas.
Estadística de Finanzas Públicas Estatales y Municipales. Anual,Ciudad de México,2005,09,Egresos,Subpartida Genérica,Otras transferencias,1963235505,Cifras Definitivas.
Estadística de Finanzas Públicas Estatales y Municipales. Anual,Ciudad de México,2005,09,Egresos,Concepto,Ayudas sociales,10509960,Cifras Definitivas.
Estadística de Finanzas Públicas Estatales y Municipales. Anual,Ciudad de México,2005,09,Egresos,Partida Genérica,Ayudas sociales a personas,5300897,Cifras Definitivas.
Estadística de Finanzas Públicas Estatales y Municipales. Anual,Ciudad de México,2005,09,Egresos,Partida Genérica,Becas y otras ayudas para programas de capacitación,5209063,Cifras Definitivas.
Estadística de Finanzas Públicas Estatales y Municipales. Anual,Ciudad de México,2005,09,Egresos,Concepto,Subsidios y subvenciones,101709459,Cifras Definitivas.
Estadística de Finanzas Públicas Estatales y Municipales. Anual,Ciudad de México,2005,09,Egresos,Partida Genérica,Subsidios a la producción,95709459,Cifras Definitivas.
Estadística de Finanzas Públicas Estatales y Municipales. Anual,Ciudad de México,2005,09,Egresos,Partida Genérica,Subsidios diversos,6000000,Cifras Definitivas.
Estadística de Finanzas Públicas Estatales y Municipales. Anual,Ciudad de México,2005,09,Egresos,Concepto,Pensiones y jubilaciones,28539,Cifras Definitivas.
Estadística de Finanzas Públicas Estatales y Municipales. Anual,Ciudad de México,2005,09,Egresos,Partida Genérica,Pensiones,28539,Cifras Definitivas.
Estadística de Finanzas Públicas Estatales y Municipales. Anual,Ciudad de México,2005,09,Egresos,Capítulo,"Bienes muebles, inmuebles e intangibles",239473415,Cifras Definitivas.
Estadística de Finanzas Públicas Estatales y Municipales. Anual,Ciudad de México,2005,09,Egresos,Concepto,Mobiliario y equipo de administración,33334020,Cifras Definitivas.
Estadística de Finanzas Públicas Estatales y Municipales. Anual,Ciudad de México,2005,09,Egresos,Partida Genérica,Muebles de oficina y estantería,12845841,Cifras Definitivas.
Estadística de Finanzas Públicas Estatales y Municipales. Anual,Ciudad de México,2005,09,Egresos,Partida Genérica,"Bienes artísticos, culturales y científicos",1867836,Cifras Definitivas.
Estadística de Finanzas Públicas Estatales y Municipales. Anual,Ciudad de México,2005,09,Egresos,Partida Genérica,Equipo de cómputo y de tecnologías de la información,18620343,Cifras Definitivas.
Estadística de Finanzas Públicas Estatales y Municipales. Anual,Ciudad de México,2005,09,Egresos,Concepto,Mobiliario y equipo educacional y recreativo,3321693,Cifras Definitivas.
Estadística de Finanzas Públicas Estatales y Municipales. Anual,Ciudad de México,2005,09,Egresos,Partida Genérica,Otro mobiliario y equipo educacional y recreativo,3321693,Cifras Definitivas.
Estadística de Finanzas Públicas Estatales y Municipales. Anual,Ciudad de México,2005,09,Egresos,Concepto,Vehículos y equipo de transporte,24593030,Cifras Definitivas.
Estadística de Finanzas Públicas Estatales y Municipales. Anual,Ciudad de México,2005,09,Egresos,Partida Genérica,Otros equipos de transporte,24593030,Cifras Definitivas.
Estadística de Finanzas Públicas Estatales y Municipales. Anual,Ciudad de México,2005,09,Egresos,Concepto,Equipo de defensa y seguridad y equipo e instrumental médico y laboratorio,142199887,Cifras Definitivas.
Estadística de Finanzas Públicas Estatales y Municipales. Anual,Ciudad de México,2005,09,Egresos,Partida Genérica,Equipo de defensa y seguridad,8472451,Cifras Definitivas.
Estadística de Finanzas Públicas Estatales y Municipales. Anual,Ciudad de México,2005,09,Egresos,Partida Genérica,Equipo médico y de laboratorio,123389421,Cifras Definitivas.
Estadística de Finanzas Públicas Estatales y Municipales. Anual,Ciudad de México,2005,09,Egresos,Partida Genérica,Instrumental médico y de laboratorio,10338015,Cifras Definitivas.
Estadística de Finanzas Públicas Estatales y Municipales. Anual,Ciudad de México,2005,09,Egresos,Concepto,"Maquinaria, otros equipos y herramientas",21136417,Cifras Definitivas.
Estadística de Finanzas Públicas Estatales y Municipales. Anual,Ciudad de México,2005,09,Egresos,Partida Genérica,Maquinaria y equipo agropecuario,2429067,Cifras Definitivas.
Estadística de Finanzas Públicas Estatales y Municipales. Anual,Ciudad de México,2005,09,Egresos,Partida Genérica,Maquinaria y equipo industrial,1947391,Cifras Definitivas.
Estadística de Finanzas Públicas Estatales y Municipales. Anual,Ciudad de México,2005,09,Egresos,Partida Genérica,Maquinaria y equipo de construcción,1281495,Cifras Definitivas.
Estadística de Finanzas Públicas Estatales y Municipales. Anual,Ciudad de México,2005,09,Egresos,Partida Genérica,Equipo de comunicación y telecomunicación,3647818,Cifras Definitivas.
Estadística de Finanzas Públicas Estatales y Municipales. Anual,Ciudad de México,2005,09,Egresos,Partida Genérica,"Equipos de generación eléctrica, aparatos y accesorios eléctricos",5597364,Cifras Definitivas.
Estadística de Finanzas Públicas Estatales y Municipales. Anual,Ciudad de México,2005,09,Egresos,Partida Genérica,Herramientas y máquinas-herramienta,3818011,Cifras Definitivas.
Estadística de Finanzas Públicas Estatales y Municipales. Anual,Ciudad de México,2005,09,Egresos,Partida Genérica,Otros equipos,2415271,Cifras Definitivas.
Estadística de Finanzas Públicas Estatales y Municipales. Anual,Ciudad de México,2005,09,Egresos,Concepto,Activos biológicos,2243500,Cifras Definitivas.
Estadística de Finanzas Públicas Estatales y Municipales. Anual,Ciudad de México,2005,09,Egresos,Partida Genérica,Otros activos biológicos,2243500,Cifras Definitivas.
Estadística de Finanzas Públicas Estatales y Municipales. Anual,Ciudad de México,2005,09,Egresos,Concepto,Bienes inmuebles,12644868,Cifras Definitivas.
Estadística de Finanzas Públicas Estatales y Municipales. Anual,Ciudad de México,2005,09,Egresos,Partida Genérica,Terrenos,1161000,Cifras Definitivas.
Estadística de Finanzas Públicas Estatales y Municipales. Anual,Ciudad de México,2005,09,Egresos,Partida Genérica,Otros bienes inmuebles,11483868,Cifras Definitivas.
Estadística de Finanzas Públicas Estatales y Municipales. Anual,Ciudad de México,2005,09,Egresos,Capítulo,Inversión pública,763772115,Cifras Definitivas.
Estadística de Finanzas Públicas Estatales y Municipales. Anual,Ciudad de México,2005,09,Egresos,Concepto,Obra pública en bienes de dominio público,763772115,Cifras Definitivas.
Estadística de Finanzas Públicas Estatales y Municipales. Anual,Ciudad de México,2005,09,Egresos,Partida Genérica,Otras construcciones de ingeniería civil u obra pesada,11503001,Cifras Definitivas.
Estadística de Finanzas Públicas Estatales y Municipales. Anual,Ciudad de México,2005,09,Egresos,Partida Genérica,Diversas obras públicas en bienes de dominio público,752269114,Cifras Definitivas.
Estadística de Finanzas Públicas Estatales y Municipales. Anual,Ciudad de México,2005,09,Egresos,Capítulo,Recursos asignados a alcaldías de la Ciudad de México y sector paraestatal,31757477295,Cifras Definitivas.
Estadística de Finanzas Públicas Estatales y Municipales. Anual,Ciudad de México,2005,09,Egresos,Concepto,Alcaldías de la Ciudad de México,16603233961,Cifras Definitivas.
Estadística de Finanzas Públicas Estatales y Municipales. Anual,Ciudad de México,2005,09,Egresos,Partida Genérica,Azcapotzalco,799094991,Cifras Definitivas.
Estadística de Finanzas Públicas Estatales y Municipales. Anual,Ciudad de México,2005,09,Egresos,Partida Genérica,Coyoacán,1090120717,Cifras Definitivas.
Estadística de Finanzas Públicas Estatales y Municipales. Anual,Ciudad de México,2005,09,Egresos,Partida Genérica,Cuajimalpa de Morelos,502683432,Cifras Definitivas.
Estadística de Finanzas Públicas Estatales y Municipales. Anual,Ciudad de México,2005,09,Egresos,Partida Genérica,Gustavo A. Madero,1782138159,Cifras Definitivas.
Estadística de Finanzas Públicas Estatales y Municipales. Anual,Ciudad de México,2005,09,Egresos,Partida Genérica,Iztacalco,849325100,Cifras Definitivas.
Estadística de Finanzas Públicas Estatales y Municipales. Anual,Ciudad de México,2005,09,Egresos,Partida Genérica,Iztapalapa,2248224478,Cifras Definitivas.
Estadística de Finanzas Públicas Estatales y Municipales. Anual,Ciudad de México,2005,09,Egresos,Partida Genérica,Magdalena Contreras,486736662,Cifras Definitivas.
Estadística de Finanzas Públicas Estatales y Municipales. Anual,Ciudad de México,2005,09,Egresos,Partida Genérica,Milpa Alta,516836736,Cifras Definitivas.
Estadística de Finanzas Públicas Estatales y Municipales. Anual,Ciudad de México,2005,09,Egresos,Partida Genérica,Álvaro Obregón,1149479654,Cifras Definitivas.
Estadística de Finanzas Públicas Estatales y Municipales. Anual,Ciudad de México,2005,09,Egresos,Partida Genérica,Tláhuac,698595788,Cifras Definitivas.
Estadística de Finanzas Públicas Estatales y Municipales. Anual,Ciudad de México,2005,09,Egresos,Partida Genérica,Tlalpan,1013002496,Cifras Definitivas.
Estadística de Finanzas Públicas Estatales y Municipales. Anual,Ciudad de México,2005,09,Egresos,Partida Genérica,Xochimilco,889330113,Cifras Definitivas.
Estadística de Finanzas Públicas Estatales y Municipales. Anual,Ciudad de México,2005,09,Egresos,Partida Genérica,Benito Juárez,816835666,Cifras Definitivas.
Estadística de Finanzas Públicas Estatales y Municipales. Anual,Ciudad de México,2005,09,Egresos,Partida Genérica,Cuauhtémoc,1550350792,Cifras Definitivas.
Estadística de Finanzas Públicas Estatales y Municipales. Anual,Ciudad de México,2005,09,Egresos,Partida Genérica,Miguel Hidalgo,1012286322,Cifras Definitivas.
Estadística de Finanzas Públicas Estatales y Municipales. Anual,Ciudad de México,2005,09,Egresos,Partida Genérica,Venustiano Carranza,1198192855,Cifras Definitivas.
Estadística de Finanzas Públicas Estatales y Municipales. Anual,Ciudad de México,2005,09,Egresos,Concepto,Sector Paraestatal del Gobierno de la Ciudad de México,15154243334,Cifras Definitivas.
Estadística de Finanzas Públicas Estatales y Municipales. Anual,Ciudad de México,2005,09,Egresos,Partida Genérica,Heroico Cuerpo de Bomberos de la Ciudad de México,288493800,Cifras Definitivas.
Estadística de Finanzas Públicas Estatales y Municipales. Anual,Ciudad de México,2005,09,Egresos,Partida Genérica,Instituto de Vivienda de la Ciudad de México,1176436600,Cifras Definitivas.
Estadística de Finanzas Públicas Estatales y Municipales. Anual,Ciudad de México,2005,09,Egresos,Partida Genérica,Fondo para el Desarrollo Social de la Ciudad de México,51213000,Cifras Definitivas.
Estadística de Finanzas Públicas Estatales y Municipales. Anual,Ciudad de México,2005,09,Egresos,Partida Genérica,Fideicomiso de Recuperación Crediticia de la Ciudad de México FIDERE III,1964800,Cifras Definitivas.
Estadística de Finanzas Públicas Estatales y Municipales. Anual,Ciudad de México,2005,09,Egresos,Partida Genérica,Fondo Mixto de Promoción Turística de la Ciudad de México,122405400,Cifras Definitivas.
Estadística de Finanzas Públicas Estatales y Municipales. Anual,Ciudad de México,2005,09,Egresos,Partida Genérica,Fondo Ambiental Público de la Ciudad de México,22659600,Cifras Definitivas.
Estadística de Finanzas Públicas Estatales y Municipales. Anual,Ciudad de México,2005,09,Egresos,Partida Genérica,Fideicomiso para el Mejoramiento de las Vías de Comunicación del D. F.,1639594400,Cifras Definitivas.
Estadística de Finanzas Públicas Estatales y Municipales. Anual,Ciudad de México,2005,09,Egresos,Partida Genérica,Sistema para el Desarrollo Integral de la Familia,1483924000,Cifras Definitivas.
Estadística de Finanzas Públicas Estatales y Municipales. Anual,Ciudad de México,2005,09,Egresos,Partida Genérica,Instituto de Educación Media Superior de la Ciudad de México,386520900,Cifras Definitivas.
Estadística de Finanzas Públicas Estatales y Municipales. Anual,Ciudad de México,2005,09,Egresos,Partida Genérica,Instituto de la Juventud de la Ciudad de México,63343000,Cifras Definitivas.
Estadística de Finanzas Públicas Estatales y Municipales. Anual,Ciudad de México,2005,09,Egresos,Partida Genérica,Instituto de las Mujeres de la Ciudad de México,76746400,Cifras Definitivas.
Estadística de Finanzas Públicas Estatales y Municipales. Anual,Ciudad de México,2005,09,Egresos,Partida Genérica,Fideicomiso del Centro Histórico de la Ciudad de México,27602900,Cifras Definitivas.
Estadística de Finanzas Públicas Estatales y Municipales. Anual,Ciudad de México,2005,09,Egresos,Partida Genérica,Sistema de Transporte Colectivo (Metro),3482898700,Cifras Definitivas.
Estadística de Finanzas Públicas Estatales y Municipales. Anual,Ciudad de México,2005,09,Egresos,Partida Genérica,Servicio de Transportes Eléctricos de la Ciudad de México,609538700,Cifras Definitivas.
Estadística de Finanzas Públicas Estatales y Municipales. Anual,Ciudad de México,2005,09,Egresos,Partida Genérica,Sistema de Movilidad 1,571519600,Cifras Definitivas.
Estadística de Finanzas Públicas Estatales y Municipales. Anual,Ciudad de México,2005,09,Egresos,Partida Genérica,Fideicomiso para el Fondo de Promoción del Transporte Público,34200000,Cifras Definitivas.
Estadística de Finanzas Públicas Estatales y Municipales. Anual,Ciudad de México,2005,09,Egresos,Partida Genérica,Caja de Previsión para Trabajadores a Lista de Raya de la Ciudad de México,289800000,Cifras Definitivas.
Estadística de Finanzas Públicas Estatales y Municipales. Anual,Ciudad de México,2005,09,Egresos,Partida Genérica,Servicios de Salud Pública de la Ciudad de México,2329857400,Cifras Definitivas.
Estadística de Finanzas Públicas Estatales y Municipales. Anual,Ciudad de México,2005,09,Egresos,Partida Genérica,Procuraduría Social de la Ciudad de México,119889300,Cifras Definitivas.
Estadística de Finanzas Públicas Estatales y Municipales. Anual,Ciudad de México,2005,09,Egresos,Partida Genérica,Fondo de Seguridad Pública del D. F.,496389900,Cifras Definitivas.
Estadística de Finanzas Públicas Estatales y Municipales. Anual,Ciudad de México,2005,09,Egresos,Partida Genérica,Procuraduría Ambiental y del Ordenamiento Territorial de la Ciudad de México,44053200,Cifras Definitivas.
Estadística de Finanzas Públicas Estatales y Municipales. Anual,Ciudad de México,2005,09,Egresos,Partida Genérica,Sistema de Aguas de la Ciudad de México,1800957734,Cifras Definitivas.
Estadística de Finanzas Públicas Estatales y Municipales. Anual,Ciudad de México,2005,09,Egresos,Partida Genérica,Fondo para la Atención y Apoyo a las Víctimas del Delito,6197800,Cifras Definitivas.
Estadística de Finanzas Públicas Estatales y Municipales. Anual,Ciudad de México,2005,09,Egresos,Partida Genérica,Metrobús,28036200,Cifras Definitivas.
Estadística de Finanzas Públicas Estatales y Municipales. Anual,Ciudad de México,2005,09,Egresos,Capítulo,Deuda pública,4784115096,Cifras Definitivas.
Estadística de Finanzas Públicas Estatales y Municipales. Anual,Ciudad de México,2005,09,Egresos,Concepto,Amortización de la deuda pública,1725580297,Cifras Definitivas.
Estadística de Finanzas Públicas Estatales y Municipales. Anual,Ciudad de México,2005,09,Egresos,Partida Genérica,Diversas amortizaciones de la deuda pública,1725580297,Cifras Definitivas.
Estadística de Finanzas Públicas Estatales y Municipales. Anual,Ciudad de México,2005,09,Egresos,Concepto,Intereses de la deuda pública,3058534799,Cifras Definitivas.
Estadística de Finanzas Públicas Estatales y Municipales. Anual,Ciudad de México,2005,09,Egresos,Partida Genérica,Diversos intereses,3058534799,Cifras Definitivas.
Estadística de Finanzas Públicas Estatales y Municipales. Anual,Ciudad de México,2005,09,Ingresos,Tema,Total de ingresos,79623633100,Cifras Definitivas.
Estadística de Finanzas Públicas Estatales y Municipales. Anual,Ciudad de México,2005,09,Ingresos,Capítulo,Impuestos,16974041400,Cifras Definitivas.
Estadística de Finanzas Públicas Estatales y Municipales. Anual,Ciudad de México,2005,09,Ingresos,Concepto,Impuesto sobre los Ingresos,6518730700,Cifras Definitivas.
Estadística de Finanzas Públicas Estatales y Municipales. Anual,Ciudad de México,2005,09,Ingresos,Partida Genérica,Impuesto sobre nómina,6518730700,Cifras Definitivas.
Estadística de Finanzas Públicas Estatales y Municipales. Anual,Ciudad de México,2005,09,Ingresos,Concepto,Impuestos sobre el Patrimonio,10064010700,Cifras Definitivas.
Estadística de Finanzas Públicas Estatales y Municipales. Anual,Ciudad de México,2005,09,Ingresos,Partida Genérica,Impuesto predial,6543600700,Cifras Definitivas.
Estadística de Finanzas Públicas Estatales y Municipales. Anual,Ciudad de México,2005,09,Ingresos,Partida Genérica,Impuesto sobre tenencia o uso de vehículos,184580100,Cifras Definitivas.
Estadística de Finanzas Públicas Estatales y Municipales. Anual,Ciudad de México,2005,09,Ingresos,Partida Genérica,Adquisición de bienes inmuebles,3335829900,Cifras Definitivas.
Estadística de Finanzas Públicas Estatales y Municipales. Anual,Ciudad de México,2005,09,Ingresos,Concepto,"Impuesto sobre la producción, el consumo y las transacciones",391300000,Cifras Definitivas.
Estadística de Finanzas Públicas Estatales y Municipales. Anual,Ciudad de México,2005,09,Ingresos,Partida Genérica,Impuesto sobre hospedaje,90316500,Cifras Definitivas.
Estadística de Finanzas Públicas Estatales y Municipales. Anual,Ciudad de México,2005,09,Ingresos,Partida Genérica,Diversiones y espectáculos públicos,144364400,Cifras Definitivas.
Estadística de Finanzas Públicas Estatales y Municipales. Anual,Ciudad de México,2005,09,Ingresos,Partida Genérica,"Loterías, rifas, sorteos y juegos permitidos",156619100,Cifras Definitivas.
Estadística de Finanzas Públicas Estatales y Municipales. Anual,Ciudad de México,2005,09,Ingresos,Capítulo,Contribuciones de Mejoras,1617900,Cifras Definitivas.
Estadística de Finanzas Públicas Estatales y Municipales. Anual,Ciudad de México,2005,09,Ingresos,Concepto,Contribución de mejoras por obras públicas,1617900,Cifras Definitivas.
Estadística de Finanzas Públicas Estatales y Municipales. Anual,Ciudad de México,2005,09,Ingresos,Capítulo,Derechos,11852684400,Cifras Definitivas.
Estadística de Finanzas Públicas Estatales y Municipales. Anual,Ciudad de México,2005,09,Ingresos,Concepto,"Derechos por el uso, goce, aprovechamiento o explotación de bienes de dominio público",6084743400,Cifras Definitivas.
Estadística de Finanzas Públicas Estatales y Municipales. Anual,Ciudad de México,2005,09,Ingresos,Partida Genérica,Registros,910764400,Cifras Definitivas.
Estadística de Finanzas Públicas Estatales y Municipales. Anual,Ciudad de México,2005,09,Ingresos,Subpartida Genérica,Registro civil,102749400,Cifras Definitivas.
Estadística de Finanzas Públicas Estatales y Municipales. Anual,Ciudad de México,2005,09,Ingresos,Subpartida Genérica,Registro público de la propiedad y del comercio,808015000,Cifras Definitivas.
Estadística de Finanzas Públicas Estatales y Municipales. Anual,Ciudad de México,2005,09,Ingresos,Partida Genérica,Certificaciones y constancias,17173200,Cifras Definitivas.
Estadística de Finanzas Públicas Estatales y Municipales. Anual,Ciudad de México,2005,09,Ingresos,Subpartida Genérica,Salud,17173200,Cifras Definitivas.
Estadística de Finanzas Públicas Estatales y Municipales. Anual,Ciudad de México,2005,09,Ingresos,Partida Genérica,Licencias y permisos,362372800,Cifras Definitivas.
Estadística de Finanzas Públicas Estatales y Municipales. Anual,Ciudad de México,2005,09,Ingresos,Subpartida Genérica,Licencias y permisos diversos,362372800,Cifras Definitivas.
Estadística de Finanzas Públicas Estatales y Municipales. Anual,Ciudad de México,2005,09,Ingresos,Partida Genérica,Servicios de vialidad y transporte,1215794300,Cifras Definitivas.
Estadística de Finanzas Públicas Estatales y Municipales. Anual,Ciudad de México,2005,09,Ingresos,Subpartida Genérica,Diversos servicios de vialidad y de transporte,1215794300,Cifras Definitivas.
Estadística de Finanzas Públicas Estatales y Municipales. Anual,Ciudad de México,2005,09,Ingresos,Partida Genérica,Uso y suministro de agua potable,3372659800,Cifras Definitivas.
Estadística de Finanzas Públicas Estatales y Municipales. Anual,Ciudad de México,2005,09,Ingresos,Partida Genérica,Servicios de desarrollo urbano y obras públicas,205978900,Cifras Definitivas.
Estadística de Finanzas Públicas Estatales y Municipales. Anual,Ciudad de México,2005,09,Ingresos,Subpartida Genérica,Urbanización,205978900,Cifras Definitivas.
Estadística de Finanzas Públicas Estatales y Municipales. Anual,Ciudad de México,2005,09,Ingresos,Concepto,Derechos por prestación de servicios,5728823900,Cifras Definitivas.
Estadística de Finanzas Públicas Estatales y Municipales. Anual,Ciudad de México,2005,09,Ingresos,Partida Genérica,Estacionamientos,42076900,Cifras Definitivas.
Estadística de Finanzas Públicas Estatales y Municipales. Anual,Ciudad de México,2005,09,Ingresos,Partida Genérica,Seguridad pública,5512201600,Cifras Definitivas.
Estadística de Finanzas Públicas Estatales y Municipales. Anual,Ciudad de México,2005,09,Ingresos,Partida Genérica,Diversos derechos por prestación de servicios,174545400,Cifras Definitivas.
Estadística de Finanzas Públicas Estatales y Municipales. Anual,Ciudad de México,2005,09,Ingresos,Concepto,Otros Derechos,39117100,Cifras Definitivas.
Estadística de Finanzas Públicas Estatales y Municipales. Anual,Ciudad de México,2005,09,Ingresos,Capítulo,Productos,1155106000,Cifras Definitivas.
Estadística de Finanzas Públicas Estatales y Municipales. Anual,Ciudad de México,2005,09,Ingresos,Concepto,Productos de tipo corriente,682751400,Cifras Definitivas.
Estadística de Finanzas Públicas Estatales y Municipales. Anual,Ciudad de México,2005,09,Ingresos,Partida Genérica,Intereses,508182300,Cifras Definitivas.
Estadística de Finanzas Públicas Estatales y Municipales. Anual,Ciudad de México,2005,09,Ingresos,Partida Genérica,Establecimientos y empresas,174569100,Cifras Definitivas.
Estadística de Finanzas Públicas Estatales y Municipales. Anual,Ciudad de México,2005,09,Ingresos,Subpartida Genérica,Talleres gráficos,174569100,Cifras Definitivas.
Estadística de Finanzas Públicas Estatales y Municipales. Anual,Ciudad de México,2005,09,Ingresos,Concepto,Productos de tipo capital,121039400,Cifras Definitivas.
Estadística de Finanzas Públicas Estatales y Municipales. Anual,Ciudad de México,2005,09,Ingresos,Partida Genérica,Enajenación o venta de bienes,121039400,Cifras Definitivas.
Estadística de Finanzas Públicas Estatales y Municipales. Anual,Ciudad de México,2005,09,Ingresos,Subpartida Genérica,Bienes muebles e inmuebles,104661100,Cifras Definitivas.
Estadística de Finanzas Públicas Estatales y Municipales. Anual,Ciudad de México,2005,09,Ingresos,Subpartida Genérica,Bienes inmuebles,16378300,Cifras Definitivas.
Estadística de Finanzas Públicas Estatales y Municipales. Anual,Ciudad de México,2005,09,Ingresos,Concepto,Otros productos,351315200,Cifras Definitivas.
Estadística de Finanzas Públicas Estatales y Municipales. Anual,Ciudad de México,2005,09,Ingresos,Capítulo,Aprovechamientos,4982274100,Cifras Definitivas.
Estadística de Finanzas Públicas Estatales y Municipales. Anual,Ciudad de México,2005,09,Ingresos,Concepto,Aprovechamientos de tipo corriente,1737859200,Cifras Definitivas.
Estadística de Finanzas Públicas Estatales y Municipales. Anual,Ciudad de México,2005,09,Ingresos,Partida Genérica,Multas,539649500,Cifras Definitivas.
Estadística de Finanzas Públicas Estatales y Municipales. Anual,Ciudad de México,2005,09,Ingresos,Partida Genérica,Donaciones y aprovechamientos a favor del estado,29457800,Cifras Definitivas.
Estadística de Finanzas Públicas Estatales y Municipales. Anual,Ciudad de México,2005,09,Ingresos,Partida Genérica,Indemnizaciones a favor del estado,84420500,Cifras Definitivas.
Estadística de Finanzas Públicas Estatales y Municipales. Anual,Ciudad de México,2005,09,Ingresos,Partida Genérica,Gastos de ejecución,1084331400,Cifras Definitivas.
Estadística de Finanzas Públicas Estatales y Municipales. Anual,Ciudad de México,2005,09,Ingresos,Concepto,Otros aprovechamientos,3244414900,Cifras Definitivas.
Estadística de Finanzas Públicas Estatales y Municipales. Anual,Ciudad de México,2005,09,Ingresos,Capítulo,Participaciones federales,34829008900,Cifras Definitivas.
Estadística de Finanzas Públicas Estatales y Municipales. Anual,Ciudad de México,2005,09,Ingresos,Concepto,Fondos participables,29271285900,Cifras Definitivas.
Estadística de Finanzas Públicas Estatales y Municipales. Anual,Ciudad de México,2005,09,Ingresos,Partida Genérica,Fondo General de Participaciones,27378534600,Cifras Definitivas.
Estadística de Finanzas Públicas Estatales y Municipales. Anual,Ciudad de México,2005,09,Ingresos,Partida Genérica,Fondo de Fomento Municipal,1892751300,Cifras Definitivas.
Estadística de Finanzas Públicas Estatales y Municipales. Anual,Ciudad de México,2005,09,Ingresos,Concepto,Impuestos participables,5511563400,Cifras Definitivas.
Estadística de Finanzas Públicas Estatales y Municipales. Anual,Ciudad de México,2005,09,Ingresos,Partida Genérica,Impuesto sobre Tenencia o Uso de Vehículos,3412174000,Cifras Definitivas.
Estadística de Finanzas Públicas Estatales y Municipales. Anual,Ciudad de México,2005,09,Ingresos,Partida Genérica,Impuesto sobre Automóviles Nuevos,1551822300,Cifras Definitivas.
Estadística de Finanzas Públicas Estatales y Municipales. Anual,Ciudad de México,2005,09,Ingresos,Partida Genérica,Impuesto Especial sobre Producción y Servicios,547567100,Cifras Definitivas.
Estadística de Finanzas Públicas Estatales y Municipales. Anual,Ciudad de México,2005,09,Ingresos,Concepto,Otras participaciones,46159600,Cifras Definitivas.
Estadística de Finanzas Públicas Estatales y Municipales. Anual,Ciudad de México,2005,09,Ingresos,Partida Genérica,Multas administrativas federales no fiscales,18599300,Cifras Definitivas.
Estadística de Finanzas Públicas Estatales y Municipales. Anual,Ciudad de México,2005,09,Ingresos,Partida Genérica,Incentivos por administración de impuestos,594700,Cifras Definitivas.
Estadística de Finanzas Públicas Estatales y Municipales. Anual,Ciudad de México,2005,09,Ingresos,Partida Genérica,Participaciones diversas,26965600,Cifras Definitivas.
Estadística de Finanzas Públicas Estatales y Municipales. Anual,Ciudad de México,2005,09,Ingresos,Capítulo,Aportaciones federales,9828900400,Cifras Definitivas.
Estadística de Finanzas Públicas Estatales y Municipales. Anual,Ciudad de México,2005,09,Ingresos,Concepto,Aportaciones del ramo general 33,5499451200,Cifras Definitivas.
Estadística de Finanzas Públicas Estatales y Municipales. Anual,Ciudad de México,2005,09,Ingresos,Partida Genérica,Aportaciones a entidades federativas,3237257100,Cifras Definitivas.
Estadística de Finanzas Públicas Estatales y Municipales. Anual,Ciudad de México,2005,09,Ingresos,Subpartida Genérica,FA para los Servicios de Salud,2182619100,Cifras Definitivas.
Estadística de Finanzas Públicas Estatales y Municipales. Anual,Ciudad de México,2005,09,Ingresos,Subpartida Genérica,FA Múltiples,738746300,Cifras Definitivas.
Estadística de Finanzas Públicas Estatales y Municipales. Anual,Ciudad de México,2005,09,Ingresos,Subpartida Genérica,FA para la Seguridad Pública,315891700,Cifras Definitivas.
Estadística de Finanzas Públicas Estatales y Municipales. Anual,Ciudad de México,2005,09,Ingresos,Partida Genérica,Aportaciones a municipios,2262194100,Cifras Definitivas.
Estadística de Finanzas Públicas Estatales y Municipales. Anual,Ciudad de México,2005,09,Ingresos,Subpartida Genérica,FA para el Fortalecimiento de los Municipios,2262194100,Cifras Definitivas.
Estadística de Finanzas Públicas Estatales y Municipales. Anual,Ciudad de México,2005,09,Ingresos,Concepto,Recursos federales reasignados,4329449200,Cifras Definitivas.
Estadística de Finanzas Públicas Estatales y Municipales. Anual,Ciudad de México,2005,09,Ingresos,Partida Genérica,Convenios para obras públicas,2375934900,Cifras Definitivas.
Estadística de Finanzas Públicas Estatales y Municipales. Anual,Ciudad de México,2005,09,Ingresos,Subpartida Genérica,Comisión nacional del agua,223519900,Cifras Definitivas.
Estadística de Finanzas Públicas Estatales y Municipales. Anual,Ciudad de México,2005,09,Ingresos,Subpartida Genérica,Fideicomiso para la infraestructura,2052195300,Cifras Definitivas.
Estadística de Finanzas Públicas Estatales y Municipales. Anual,Ciudad de México,2005,09,Ingresos,Subpartida Genérica,Convenio para obras públicas diversas,100219700,Cifras Definitivas.
Estadística de Finanzas Públicas Estatales y Municipales. Anual,Ciudad de México,2005,09,Ingresos,Partida Genérica,Convenios para seguridad pública,25864100,Cifras Definitivas.
Estadística de Finanzas Públicas Estatales y Municipales. Anual,Ciudad de México,2005,09,Ingresos,Subpartida Genérica,Socorro de ley,25864100,Cifras Definitivas.
Estadística de Finanzas Públicas Estatales y Municipales. Anual,Ciudad de México,2005,09,Ingresos,Partida Genérica,"Convenios para salud, asistencia y seguridad social",247561200,Cifras Definitivas.
Estadística de Finanzas Públicas Estatales y Municipales. Anual,Ciudad de México,2005,09,Ingresos,Subpartida Genérica,Convenios para salud,168155600,Cifras Definitivas.
Estadística de Finanzas Públicas Estatales y Municipales. Anual,Ciudad de México,2005,09,Ingresos,Subpartida Genérica,Convenio para asistencia social,79405600,Cifras Definitivas.
Estadística de Finanzas Públicas Estatales y Municipales. Anual,Ciudad de México,2005,09,Ingresos,Partida Genérica,Recursos federales diversos,1680089000,Cifras Definitivas.
Estadística de Finanzas Públicas Estatales y Municipales. Anual,Ciudad de México,2005,09,Ingresos,Subpartida Genérica,Programa de apoyo para el fortalecimiento de las entidades federativas,1449585500,Cifras Definitivas.
Estadística de Finanzas Públicas Estatales y Municipales. Anual,Ciudad de México,2005,09,Ingresos,Subpartida Genérica,Convenio para la protección de los recursos naturales,92410900,Cifras Definitivas.
Estadística de Finanzas Públicas Estatales y Municipales. Anual,Ciudad de México,2005,09,Ingresos,Subpartida Genérica,Otros recursos federales,138092600,Cifras Definitivas.
