﻿PROD_EST,COBERTURA,ANIO,ID_ENTIDAD,TEMA,CATEGORIA,DESCRIPCION_CATEGORIA,VALOR,ESTATUS
Estadística de Finanzas Públicas Estatales y Municipales. Anual,Ciudad de México,2009,09,Egresos,Tema,Total de egresos,119644492400,Cifras Definitivas.
Estadística de Finanzas Públicas Estatales y Municipales. Anual,Ciudad de México,2009,09,Egresos,Capítulo,Servicios personales,19669276634,Cifras Definitivas.
Estadística de Finanzas Públicas Estatales y Municipales. Anual,Ciudad de México,2009,09,Egresos,Concepto,Remuneraciones al personal,6863161266,Cifras Definitivas.
Estadística de Finanzas Públicas Estatales y Municipales. Anual,Ciudad de México,2009,09,Egresos,Partida Genérica,Jefatura de Gobierno,55128105,Cifras Definitivas.
Estadística de Finanzas Públicas Estatales y Municipales. Anual,Ciudad de México,2009,09,Egresos,Partida Genérica,Secretaría de Gobierno,531215848,Cifras Definitivas.
Estadística de Finanzas Públicas Estatales y Municipales. Anual,Ciudad de México,2009,09,Egresos,Partida Genérica,Secretaría de Finanzas,361090180,Cifras Definitivas.
Estadística de Finanzas Públicas Estatales y Municipales. Anual,Ciudad de México,2009,09,Egresos,Partida Genérica,Secretaría de Educación,74625169,Cifras Definitivas.
Estadística de Finanzas Públicas Estatales y Municipales. Anual,Ciudad de México,2009,09,Egresos,Partida Genérica,Secretaría de Salud,1216325972,Cifras Definitivas.
Estadística de Finanzas Públicas Estatales y Municipales. Anual,Ciudad de México,2009,09,Egresos,Partida Genérica,Secretaría de Obras Públicas y Servicios,339419016,Cifras Definitivas.
Estadística de Finanzas Públicas Estatales y Municipales. Anual,Ciudad de México,2009,09,Egresos,Partida Genérica,Secretaría de Desarrollo Económico,34719746,Cifras Definitivas.
Estadística de Finanzas Públicas Estatales y Municipales. Anual,Ciudad de México,2009,09,Egresos,Partida Genérica,Secretaría de Turismo,12380641,Cifras Definitivas.
Estadística de Finanzas Públicas Estatales y Municipales. Anual,Ciudad de México,2009,09,Egresos,Partida Genérica,Secretaría del Medio Ambiente,250824662,Cifras Definitivas.
Estadística de Finanzas Públicas Estatales y Municipales. Anual,Ciudad de México,2009,09,Egresos,Partida Genérica,Secretaría de Desarrollo Social,292112294,Cifras Definitivas.
Estadística de Finanzas Públicas Estatales y Municipales. Anual,Ciudad de México,2009,09,Egresos,Partida Genérica,Secretaría de Desarrollo Rural y Equidad para las Comunidades,9257986,Cifras Definitivas.
Estadística de Finanzas Públicas Estatales y Municipales. Anual,Ciudad de México,2009,09,Egresos,Partida Genérica,Secretaría del Trabajo y Previsión Social,26249106,Cifras Definitivas.
Estadística de Finanzas Públicas Estatales y Municipales. Anual,Ciudad de México,2009,09,Egresos,Partida Genérica,Secretaría de Seguridad Pública,2271118130,Cifras Definitivas.
Estadística de Finanzas Públicas Estatales y Municipales. Anual,Ciudad de México,2009,09,Egresos,Partida Genérica,Procuraduría General de Justicia,896051403,Cifras Definitivas.
Estadística de Finanzas Públicas Estatales y Municipales. Anual,Ciudad de México,2009,09,Egresos,Partida Genérica,Contraloría General,59906696,Cifras Definitivas.
Estadística de Finanzas Públicas Estatales y Municipales. Anual,Ciudad de México,2009,09,Egresos,Partida Genérica,Oficialía Mayor,165544676,Cifras Definitivas.
Estadística de Finanzas Públicas Estatales y Municipales. Anual,Ciudad de México,2009,09,Egresos,Partida Genérica,Dependencias diversas,267191636,Cifras Definitivas.
Estadística de Finanzas Públicas Estatales y Municipales. Anual,Ciudad de México,2009,09,Egresos,Concepto,Remuneraciones adicionales y especiales,3209859984,Cifras Definitivas.
Estadística de Finanzas Públicas Estatales y Municipales. Anual,Ciudad de México,2009,09,Egresos,Partida Genérica,Primas por años de servicios efectivos prestados,142004952,Cifras Definitivas.
Estadística de Finanzas Públicas Estatales y Municipales. Anual,Ciudad de México,2009,09,Egresos,Partida Genérica,"Primas de vacaciones, dominical y gratificación de fin de año",825147140,Cifras Definitivas.
Estadística de Finanzas Públicas Estatales y Municipales. Anual,Ciudad de México,2009,09,Egresos,Partida Genérica,Horas extraordinarias,157217109,Cifras Definitivas.
Estadística de Finanzas Públicas Estatales y Municipales. Anual,Ciudad de México,2009,09,Egresos,Partida Genérica,Compensaciones,2072612551,Cifras Definitivas.
Estadística de Finanzas Públicas Estatales y Municipales. Anual,Ciudad de México,2009,09,Egresos,Partida Genérica,Otras remuneraciones adicionales y especiales,12878232,Cifras Definitivas.
Estadística de Finanzas Públicas Estatales y Municipales. Anual,Ciudad de México,2009,09,Egresos,Concepto,Seguridad social,1848333760,Cifras Definitivas.
Estadística de Finanzas Públicas Estatales y Municipales. Anual,Ciudad de México,2009,09,Egresos,Partida Genérica,Aportaciones a fondos de vivienda,462898643,Cifras Definitivas.
Estadística de Finanzas Públicas Estatales y Municipales. Anual,Ciudad de México,2009,09,Egresos,Partida Genérica,Aportaciones para seguros,272294894,Cifras Definitivas.
Estadística de Finanzas Públicas Estatales y Municipales. Anual,Ciudad de México,2009,09,Egresos,Partida Genérica,Otras cuotas de seguridad social y seguros,1113140223,Cifras Definitivas.
Estadística de Finanzas Públicas Estatales y Municipales. Anual,Ciudad de México,2009,09,Egresos,Concepto,Otras prestaciones sociales y económicas,5258205805,Cifras Definitivas.
Estadística de Finanzas Públicas Estatales y Municipales. Anual,Ciudad de México,2009,09,Egresos,Partida Genérica,Cuotas para el fondo de ahorro y fondo de trabajo,365760622,Cifras Definitivas.
Estadística de Finanzas Públicas Estatales y Municipales. Anual,Ciudad de México,2009,09,Egresos,Partida Genérica,Indemnizaciones,103843387,Cifras Definitivas.
Estadística de Finanzas Públicas Estatales y Municipales. Anual,Ciudad de México,2009,09,Egresos,Partida Genérica,Prestaciones y haberes de retiro,267271101,Cifras Definitivas.
Estadística de Finanzas Públicas Estatales y Municipales. Anual,Ciudad de México,2009,09,Egresos,Partida Genérica,Otras prestaciones sociales y económicas,4521330695,Cifras Definitivas.
Estadística de Finanzas Públicas Estatales y Municipales. Anual,Ciudad de México,2009,09,Egresos,Concepto,Pago de estímulos a servidores públicos,2489715819,Cifras Definitivas.
Estadística de Finanzas Públicas Estatales y Municipales. Anual,Ciudad de México,2009,09,Egresos,Partida Genérica,Estímulos,2489715819,Cifras Definitivas.
Estadística de Finanzas Públicas Estatales y Municipales. Anual,Ciudad de México,2009,09,Egresos,Capítulo,Materiales y suministros,3079821892,Cifras Definitivas.
Estadística de Finanzas Públicas Estatales y Municipales. Anual,Ciudad de México,2009,09,Egresos,Concepto,"Materiales de administración, emisión de documentos y artículos oficiales",169915908,Cifras Definitivas.
Estadística de Finanzas Públicas Estatales y Municipales. Anual,Ciudad de México,2009,09,Egresos,Partida Genérica,"Materiales, útiles y equipos menores de oficina",36993108,Cifras Definitivas.
Estadística de Finanzas Públicas Estatales y Municipales. Anual,Ciudad de México,2009,09,Egresos,Partida Genérica,Materiales y útiles de impresión y reproducción,36889242,Cifras Definitivas.
Estadística de Finanzas Públicas Estatales y Municipales. Anual,Ciudad de México,2009,09,Egresos,Partida Genérica,Material estadístico y geográfico,220129,Cifras Definitivas.
Estadística de Finanzas Públicas Estatales y Municipales. Anual,Ciudad de México,2009,09,Egresos,Partida Genérica,"Materiales, útiles y equipos menores de tecnologías de la información y comunicaciones",62831754,Cifras Definitivas.
Estadística de Finanzas Públicas Estatales y Municipales. Anual,Ciudad de México,2009,09,Egresos,Partida Genérica,Material de limpieza,20203002,Cifras Definitivas.
Estadística de Finanzas Públicas Estatales y Municipales. Anual,Ciudad de México,2009,09,Egresos,Partida Genérica,Materiales y útiles de enseñanza,12778673,Cifras Definitivas.
Estadística de Finanzas Públicas Estatales y Municipales. Anual,Ciudad de México,2009,09,Egresos,Concepto,Alimentos y utensilios,744999037,Cifras Definitivas.
Estadística de Finanzas Públicas Estatales y Municipales. Anual,Ciudad de México,2009,09,Egresos,Partida Genérica,Otros alimentos y utensilios,744999037,Cifras Definitivas.
Estadística de Finanzas Públicas Estatales y Municipales. Anual,Ciudad de México,2009,09,Egresos,Concepto,"Herramientas, refacciones y accesorios menores",113018185,Cifras Definitivas.
Estadística de Finanzas Públicas Estatales y Municipales. Anual,Ciudad de México,2009,09,Egresos,Partida Genérica,Refacciones y accesorios menores otros bienes muebles,113018185,Cifras Definitivas.
Estadística de Finanzas Públicas Estatales y Municipales. Anual,Ciudad de México,2009,09,Egresos,Concepto,Materiales y artículos de construcción y de reparación,467418202,Cifras Definitivas.
Estadística de Finanzas Públicas Estatales y Municipales. Anual,Ciudad de México,2009,09,Egresos,Partida Genérica,Otros materiales y artículos de construcción y reparación,467418202,Cifras Definitivas.
Estadística de Finanzas Públicas Estatales y Municipales. Anual,Ciudad de México,2009,09,Egresos,Concepto,"Productos químicos, farmacéuticos, laboratorio y materias primas de producción y comercialización",910298329,Cifras Definitivas.
Estadística de Finanzas Públicas Estatales y Municipales. Anual,Ciudad de México,2009,09,Egresos,Partida Genérica,"Productos químicos, farmacéuticos y de laboratorio",642241549,Cifras Definitivas.
Estadística de Finanzas Públicas Estatales y Municipales. Anual,Ciudad de México,2009,09,Egresos,Subpartida Genérica,Productos químicos básicos,38761362,Cifras Definitivas.
Estadística de Finanzas Públicas Estatales y Municipales. Anual,Ciudad de México,2009,09,Egresos,Subpartida Genérica,"Fertilizantes, pesticidas y otros agroquímicos",3228233,Cifras Definitivas.
Estadística de Finanzas Públicas Estatales y Municipales. Anual,Ciudad de México,2009,09,Egresos,Subpartida Genérica,Medicinas y productos farmacéuticos,261985148,Cifras Definitivas.
Estadística de Finanzas Públicas Estatales y Municipales. Anual,Ciudad de México,2009,09,Egresos,Subpartida Genérica,"Materiales, accesorios y suministros médicos",320262750,Cifras Definitivas.
Estadística de Finanzas Públicas Estatales y Municipales. Anual,Ciudad de México,2009,09,Egresos,Subpartida Genérica,"Materiales, accesorios y suministros de laboratorio",18004056,Cifras Definitivas.
Estadística de Finanzas Públicas Estatales y Municipales. Anual,Ciudad de México,2009,09,Egresos,Partida Genérica,Otros productos adquiridos como materia prima,268056780,Cifras Definitivas.
Estadística de Finanzas Públicas Estatales y Municipales. Anual,Ciudad de México,2009,09,Egresos,Concepto,"Combustibles, lubricantes y aditivos",494676212,Cifras Definitivas.
Estadística de Finanzas Públicas Estatales y Municipales. Anual,Ciudad de México,2009,09,Egresos,Partida Genérica,"Combustibles, lubricantes y aditivos",494676212,Cifras Definitivas.
Estadística de Finanzas Públicas Estatales y Municipales. Anual,Ciudad de México,2009,09,Egresos,Concepto,"Vestuario, blancos, prendas de protección y artículos deportivos",167783579,Cifras Definitivas.
Estadística de Finanzas Públicas Estatales y Municipales. Anual,Ciudad de México,2009,09,Egresos,Partida Genérica,Vestuario y uniformes,143327498,Cifras Definitivas.
Estadística de Finanzas Públicas Estatales y Municipales. Anual,Ciudad de México,2009,09,Egresos,Partida Genérica,Prendas de seguridad y protección personal,23118371,Cifras Definitivas.
Estadística de Finanzas Públicas Estatales y Municipales. Anual,Ciudad de México,2009,09,Egresos,Partida Genérica,Artículos deportivos,1337710,Cifras Definitivas.
Estadística de Finanzas Públicas Estatales y Municipales. Anual,Ciudad de México,2009,09,Egresos,Concepto,Materiales y suministros para seguridad,11290395,Cifras Definitivas.
Estadística de Finanzas Públicas Estatales y Municipales. Anual,Ciudad de México,2009,09,Egresos,Partida Genérica,Sustancias y materiales explosivos,643415,Cifras Definitivas.
Estadística de Finanzas Públicas Estatales y Municipales. Anual,Ciudad de México,2009,09,Egresos,Partida Genérica,Materiales de seguridad pública,10646980,Cifras Definitivas.
Estadística de Finanzas Públicas Estatales y Municipales. Anual,Ciudad de México,2009,09,Egresos,Concepto,Materiales y suministros diversos,422045,Cifras Definitivas.
Estadística de Finanzas Públicas Estatales y Municipales. Anual,Ciudad de México,2009,09,Egresos,Capítulo,Servicios generales,8848142921,Cifras Definitivas.
Estadística de Finanzas Públicas Estatales y Municipales. Anual,Ciudad de México,2009,09,Egresos,Concepto,Servicios básicos,458721256,Cifras Definitivas.
Estadística de Finanzas Públicas Estatales y Municipales. Anual,Ciudad de México,2009,09,Egresos,Partida Genérica,Energía eléctrica,152365879,Cifras Definitivas.
Estadística de Finanzas Públicas Estatales y Municipales. Anual,Ciudad de México,2009,09,Egresos,Partida Genérica,Agua,123707183,Cifras Definitivas.
Estadística de Finanzas Públicas Estatales y Municipales. Anual,Ciudad de México,2009,09,Egresos,Partida Genérica,Telefonía tradicional,86425893,Cifras Definitivas.
Estadística de Finanzas Públicas Estatales y Municipales. Anual,Ciudad de México,2009,09,Egresos,Partida Genérica,Telefonía celular,233165,Cifras Definitivas.
Estadística de Finanzas Públicas Estatales y Municipales. Anual,Ciudad de México,2009,09,Egresos,Partida Genérica,Servicios de telecomunicaciones y satélites,51730460,Cifras Definitivas.
Estadística de Finanzas Públicas Estatales y Municipales. Anual,Ciudad de México,2009,09,Egresos,Partida Genérica,Servicios postales y telegráficos,38505861,Cifras Definitivas.
Estadística de Finanzas Públicas Estatales y Municipales. Anual,Ciudad de México,2009,09,Egresos,Partida Genérica,Servicios integrales y otros servicios,5752815,Cifras Definitivas.
Estadística de Finanzas Públicas Estatales y Municipales. Anual,Ciudad de México,2009,09,Egresos,Concepto,Servicios de arrendamiento,436486794,Cifras Definitivas.
Estadística de Finanzas Públicas Estatales y Municipales. Anual,Ciudad de México,2009,09,Egresos,Partida Genérica,Otros arrendamientos,436486794,Cifras Definitivas.
Estadística de Finanzas Públicas Estatales y Municipales. Anual,Ciudad de México,2009,09,Egresos,Concepto,"Servicios profesionales, científicos, técnicos y otros servicios",3424381845,Cifras Definitivas.
Estadística de Finanzas Públicas Estatales y Municipales. Anual,Ciudad de México,2009,09,Egresos,Partida Genérica,Servicios de vigilancia,970461208,Cifras Definitivas.
Estadística de Finanzas Públicas Estatales y Municipales. Anual,Ciudad de México,2009,09,Egresos,Partida Genérica,"Servicios profesionales, científicos y técnicos integrales",2453920637,Cifras Definitivas.
Estadística de Finanzas Públicas Estatales y Municipales. Anual,Ciudad de México,2009,09,Egresos,Concepto,"Servicios financieros, bancarios y comerciales",576024224,Cifras Definitivas.
Estadística de Finanzas Públicas Estatales y Municipales. Anual,Ciudad de México,2009,09,Egresos,Partida Genérica,Servicios financieros y bancarios,20169165,Cifras Definitivas.
Estadística de Finanzas Públicas Estatales y Municipales. Anual,Ciudad de México,2009,09,Egresos,Partida Genérica,"Servicios de recaudación, traslado y custodia de valores",243885227,Cifras Definitivas.
Estadística de Finanzas Públicas Estatales y Municipales. Anual,Ciudad de México,2009,09,Egresos,Partida Genérica,Seguro de bienes patrimoniales,211370840,Cifras Definitivas.
Estadística de Finanzas Públicas Estatales y Municipales. Anual,Ciudad de México,2009,09,Egresos,Partida Genérica,"Almacenaje, envase y embalaje",223734,Cifras Definitivas.
Estadística de Finanzas Públicas Estatales y Municipales. Anual,Ciudad de México,2009,09,Egresos,Partida Genérica,Fletes y maniobras,65482441,Cifras Definitivas.
Estadística de Finanzas Públicas Estatales y Municipales. Anual,Ciudad de México,2009,09,Egresos,Partida Genérica,"Servicios financieros, bancarios y comerciales integrales",34892817,Cifras Definitivas.
Estadística de Finanzas Públicas Estatales y Municipales. Anual,Ciudad de México,2009,09,Egresos,Concepto,"Servicios de instalación, reparación, mantenimiento y conservación",838480566,Cifras Definitivas.
Estadística de Finanzas Públicas Estatales y Municipales. Anual,Ciudad de México,2009,09,Egresos,Partida Genérica,Conservación y mantenimiento menor de inmuebles,168191074,Cifras Definitivas.
Estadística de Finanzas Públicas Estatales y Municipales. Anual,Ciudad de México,2009,09,Egresos,Partida Genérica,"Instalación, reparación y mantenimiento de mobiliario y equipo de administración, educacional y recreativo",12328981,Cifras Definitivas.
Estadística de Finanzas Públicas Estatales y Municipales. Anual,Ciudad de México,2009,09,Egresos,Partida Genérica,"Instalación, reparación y mantenimiento de equipo de cómputo y tecnología de la información",36081184,Cifras Definitivas.
Estadística de Finanzas Públicas Estatales y Municipales. Anual,Ciudad de México,2009,09,Egresos,Partida Genérica,Reparación y mantenimiento de equipo de transporte,211361712,Cifras Definitivas.
Estadística de Finanzas Públicas Estatales y Municipales. Anual,Ciudad de México,2009,09,Egresos,Partida Genérica,"Instalación, reparación y mantenimiento de maquinaria, otros equipos y herramienta",197207038,Cifras Definitivas.
Estadística de Finanzas Públicas Estatales y Municipales. Anual,Ciudad de México,2009,09,Egresos,Partida Genérica,Servicios de limpieza y manejo de desechos,213310577,Cifras Definitivas.
Estadística de Finanzas Públicas Estatales y Municipales. Anual,Ciudad de México,2009,09,Egresos,Concepto,Servicios de comunicación social y publicidad,603657552,Cifras Definitivas.
Estadística de Finanzas Públicas Estatales y Municipales. Anual,Ciudad de México,2009,09,Egresos,Partida Genérica,"Difusión por radio, televisión y otros medios de mensajes sobre programas y actividades gubernamentales",295796452,Cifras Definitivas.
Estadística de Finanzas Públicas Estatales y Municipales. Anual,Ciudad de México,2009,09,Egresos,Partida Genérica,Otros servicios de información,307861100,Cifras Definitivas.
Estadística de Finanzas Públicas Estatales y Municipales. Anual,Ciudad de México,2009,09,Egresos,Concepto,Servicios de traslado y viáticos,42803876,Cifras Definitivas.
Estadística de Finanzas Públicas Estatales y Municipales. Anual,Ciudad de México,2009,09,Egresos,Partida Genérica,Servicios integrales de traslado y viáticos,41511825,Cifras Definitivas.
Estadística de Finanzas Públicas Estatales y Municipales. Anual,Ciudad de México,2009,09,Egresos,Partida Genérica,Otros servicios de traslado y hospedaje,1292051,Cifras Definitivas.
Estadística de Finanzas Públicas Estatales y Municipales. Anual,Ciudad de México,2009,09,Egresos,Concepto,Servicios oficiales,173985740,Cifras Definitivas.
Estadística de Finanzas Públicas Estatales y Municipales. Anual,Ciudad de México,2009,09,Egresos,Partida Genérica,Gastos de ceremonial,127107680,Cifras Definitivas.
Estadística de Finanzas Públicas Estatales y Municipales. Anual,Ciudad de México,2009,09,Egresos,Partida Genérica,Congresos y convenciones,46878060,Cifras Definitivas.
Estadística de Finanzas Públicas Estatales y Municipales. Anual,Ciudad de México,2009,09,Egresos,Concepto,Otros servicios generales,2293601068,Cifras Definitivas.
Estadística de Finanzas Públicas Estatales y Municipales. Anual,Ciudad de México,2009,09,Egresos,Partida Genérica,Impuestos y derechos,18044816,Cifras Definitivas.
Estadística de Finanzas Públicas Estatales y Municipales. Anual,Ciudad de México,2009,09,Egresos,Partida Genérica,Impuesto sobre nóminas y otros que se deriven de una relación laboral,328016219,Cifras Definitivas.
Estadística de Finanzas Públicas Estatales y Municipales. Anual,Ciudad de México,2009,09,Egresos,Partida Genérica,Otros servicios generales,1947540033,Cifras Definitivas.
Estadística de Finanzas Públicas Estatales y Municipales. Anual,Ciudad de México,2009,09,Egresos,Capítulo,"Transferencias, asignaciones, subsidios y otras ayudas",35016059947,Cifras Definitivas.
Estadística de Finanzas Públicas Estatales y Municipales. Anual,Ciudad de México,2009,09,Egresos,Concepto,Transferencias internas y asignaciones al sector público,34687960889,Cifras Definitivas.
Estadística de Finanzas Públicas Estatales y Municipales. Anual,Ciudad de México,2009,09,Egresos,Partida Genérica,A poderes,5005919400,Cifras Definitivas.
Estadística de Finanzas Públicas Estatales y Municipales. Anual,Ciudad de México,2009,09,Egresos,Subpartida Genérica,Legislativo,1462843500,Cifras Definitivas.
Estadística de Finanzas Públicas Estatales y Municipales. Anual,Ciudad de México,2009,09,Egresos,Subpartida Genérica,Judicial,3543075900,Cifras Definitivas.
Estadística de Finanzas Públicas Estatales y Municipales. Anual,Ciudad de México,2009,09,Egresos,Partida Genérica,A instituciones del gobierno según función,26841792963,Cifras Definitivas.
Estadística de Finanzas Públicas Estatales y Municipales. Anual,Ciudad de México,2009,09,Egresos,Subpartida Genérica,Instituciones y programas de educación,838041169,Cifras Definitivas.
Estadística de Finanzas Públicas Estatales y Municipales. Anual,Ciudad de México,2009,09,Egresos,Subpartida Genérica,Instituciones y programas de salud,2930000,Cifras Definitivas.
Estadística de Finanzas Públicas Estatales y Municipales. Anual,Ciudad de México,2009,09,Egresos,Subpartida Genérica,Instituciones y programas de asistencia social,17766904,Cifras Definitivas.
Estadística de Finanzas Públicas Estatales y Municipales. Anual,Ciudad de México,2009,09,Egresos,Subpartida Genérica,Instituciones y programas de seguridad social,152500,Cifras Definitivas.
Estadística de Finanzas Públicas Estatales y Municipales. Anual,Ciudad de México,2009,09,Egresos,Subpartida Genérica,Instituciones y programas de cultura y deporte,5929058453,Cifras Definitivas.
Estadística de Finanzas Públicas Estatales y Municipales. Anual,Ciudad de México,2009,09,Egresos,Subpartida Genérica,Instituciones y programas de seguridad pública,6256502796,Cifras Definitivas.
Estadística de Finanzas Públicas Estatales y Municipales. Anual,Ciudad de México,2009,09,Egresos,Subpartida Genérica,Instituciones y programas del sector turismo,142800000,Cifras Definitivas.
Estadística de Finanzas Públicas Estatales y Municipales. Anual,Ciudad de México,2009,09,Egresos,Subpartida Genérica,Instituciones y programas del sector agropecuario,22486215,Cifras Definitivas.
Estadística de Finanzas Públicas Estatales y Municipales. Anual,Ciudad de México,2009,09,Egresos,Subpartida Genérica,Instituciones y programas del sector económico,104181953,Cifras Definitivas.
Estadística de Finanzas Públicas Estatales y Municipales. Anual,Ciudad de México,2009,09,Egresos,Subpartida Genérica,Instituciones y programas de infraestructura,13527872973,Cifras Definitivas.
Estadística de Finanzas Públicas Estatales y Municipales. Anual,Ciudad de México,2009,09,Egresos,Partida Genérica,Órganos autónomos y electorales,2758617030,Cifras Definitivas.
Estadística de Finanzas Públicas Estatales y Municipales. Anual,Ciudad de México,2009,09,Egresos,Subpartida Genérica,Instituto electoral,1650578400,Cifras Definitivas.
Estadística de Finanzas Públicas Estatales y Municipales. Anual,Ciudad de México,2009,09,Egresos,Subpartida Genérica,Comisión de derechos humanos,310620300,Cifras Definitivas.
Estadística de Finanzas Públicas Estatales y Municipales. Anual,Ciudad de México,2009,09,Egresos,Subpartida Genérica,Instituciones de transparencia,88679830,Cifras Definitivas.
Estadística de Finanzas Públicas Estatales y Municipales. Anual,Ciudad de México,2009,09,Egresos,Subpartida Genérica,Diversos órganos autónomos y electorales,708738500,Cifras Definitivas.
Estadística de Finanzas Públicas Estatales y Municipales. Anual,Ciudad de México,2009,09,Egresos,Partida Genérica,Diversas transferencias,81631496,Cifras Definitivas.
Estadística de Finanzas Públicas Estatales y Municipales. Anual,Ciudad de México,2009,09,Egresos,Subpartida Genérica,Otras transferencias,81631496,Cifras Definitivas.
Estadística de Finanzas Públicas Estatales y Municipales. Anual,Ciudad de México,2009,09,Egresos,Concepto,Ayudas sociales,99457549,Cifras Definitivas.
Estadística de Finanzas Públicas Estatales y Municipales. Anual,Ciudad de México,2009,09,Egresos,Partida Genérica,Ayudas sociales a personas,76653410,Cifras Definitivas.
Estadística de Finanzas Públicas Estatales y Municipales. Anual,Ciudad de México,2009,09,Egresos,Partida Genérica,Becas y otras ayudas para programas de capacitación,22804139,Cifras Definitivas.
Estadística de Finanzas Públicas Estatales y Municipales. Anual,Ciudad de México,2009,09,Egresos,Concepto,Subsidios y subvenciones,228609450,Cifras Definitivas.
Estadística de Finanzas Públicas Estatales y Municipales. Anual,Ciudad de México,2009,09,Egresos,Partida Genérica,Subsidios diversos,228609450,Cifras Definitivas.
Estadística de Finanzas Públicas Estatales y Municipales. Anual,Ciudad de México,2009,09,Egresos,Concepto,Pensiones y jubilaciones,32059,Cifras Definitivas.
Estadística de Finanzas Públicas Estatales y Municipales. Anual,Ciudad de México,2009,09,Egresos,Partida Genérica,Pensiones,32059,Cifras Definitivas.
Estadística de Finanzas Públicas Estatales y Municipales. Anual,Ciudad de México,2009,09,Egresos,Capítulo,"Bienes muebles, inmuebles e intangibles",1818922690,Cifras Definitivas.
Estadística de Finanzas Públicas Estatales y Municipales. Anual,Ciudad de México,2009,09,Egresos,Concepto,Mobiliario y equipo de administración,152941293,Cifras Definitivas.
Estadística de Finanzas Públicas Estatales y Municipales. Anual,Ciudad de México,2009,09,Egresos,Partida Genérica,Muebles de oficina y estantería,56888204,Cifras Definitivas.
Estadística de Finanzas Públicas Estatales y Municipales. Anual,Ciudad de México,2009,09,Egresos,Partida Genérica,"Bienes artísticos, culturales y científicos",888215,Cifras Definitivas.
Estadística de Finanzas Públicas Estatales y Municipales. Anual,Ciudad de México,2009,09,Egresos,Partida Genérica,Equipo de cómputo y de tecnologías de la información,95164874,Cifras Definitivas.
Estadística de Finanzas Públicas Estatales y Municipales. Anual,Ciudad de México,2009,09,Egresos,Concepto,Mobiliario y equipo educacional y recreativo,8271118,Cifras Definitivas.
Estadística de Finanzas Públicas Estatales y Municipales. Anual,Ciudad de México,2009,09,Egresos,Partida Genérica,Otro mobiliario y equipo educacional y recreativo,8271118,Cifras Definitivas.
Estadística de Finanzas Públicas Estatales y Municipales. Anual,Ciudad de México,2009,09,Egresos,Concepto,Vehículos y equipo de transporte,361635750,Cifras Definitivas.
Estadística de Finanzas Públicas Estatales y Municipales. Anual,Ciudad de México,2009,09,Egresos,Partida Genérica,Otros equipos de transporte,361635750,Cifras Definitivas.
Estadística de Finanzas Públicas Estatales y Municipales. Anual,Ciudad de México,2009,09,Egresos,Concepto,Equipo de defensa y seguridad y equipo e instrumental médico y laboratorio,918408001,Cifras Definitivas.
Estadística de Finanzas Públicas Estatales y Municipales. Anual,Ciudad de México,2009,09,Egresos,Partida Genérica,Equipo de defensa y seguridad,840185982,Cifras Definitivas.
Estadística de Finanzas Públicas Estatales y Municipales. Anual,Ciudad de México,2009,09,Egresos,Partida Genérica,Equipo médico y de laboratorio,77643111,Cifras Definitivas.
Estadística de Finanzas Públicas Estatales y Municipales. Anual,Ciudad de México,2009,09,Egresos,Partida Genérica,Instrumental médico y de laboratorio,578908,Cifras Definitivas.
Estadística de Finanzas Públicas Estatales y Municipales. Anual,Ciudad de México,2009,09,Egresos,Concepto,"Maquinaria, otros equipos y herramientas",209081035,Cifras Definitivas.
Estadística de Finanzas Públicas Estatales y Municipales. Anual,Ciudad de México,2009,09,Egresos,Partida Genérica,Maquinaria y equipo agropecuario,520099,Cifras Definitivas.
Estadística de Finanzas Públicas Estatales y Municipales. Anual,Ciudad de México,2009,09,Egresos,Partida Genérica,Maquinaria y equipo industrial,40800016,Cifras Definitivas.
Estadística de Finanzas Públicas Estatales y Municipales. Anual,Ciudad de México,2009,09,Egresos,Partida Genérica,Maquinaria y equipo de construcción,59853752,Cifras Definitivas.
Estadística de Finanzas Públicas Estatales y Municipales. Anual,Ciudad de México,2009,09,Egresos,Partida Genérica,Equipo de comunicación y telecomunicación,74233092,Cifras Definitivas.
Estadística de Finanzas Públicas Estatales y Municipales. Anual,Ciudad de México,2009,09,Egresos,Partida Genérica,"Equipos de generación eléctrica, aparatos y accesorios eléctricos",75363,Cifras Definitivas.
Estadística de Finanzas Públicas Estatales y Municipales. Anual,Ciudad de México,2009,09,Egresos,Partida Genérica,Herramientas y máquinas-herramienta,121953,Cifras Definitivas.
Estadística de Finanzas Públicas Estatales y Municipales. Anual,Ciudad de México,2009,09,Egresos,Partida Genérica,Otros equipos,33476760,Cifras Definitivas.
Estadística de Finanzas Públicas Estatales y Municipales. Anual,Ciudad de México,2009,09,Egresos,Concepto,Activos biológicos,3252000,Cifras Definitivas.
Estadística de Finanzas Públicas Estatales y Municipales. Anual,Ciudad de México,2009,09,Egresos,Partida Genérica,Otros activos biológicos,3252000,Cifras Definitivas.
Estadística de Finanzas Públicas Estatales y Municipales. Anual,Ciudad de México,2009,09,Egresos,Concepto,Bienes inmuebles,165333493,Cifras Definitivas.
Estadística de Finanzas Públicas Estatales y Municipales. Anual,Ciudad de México,2009,09,Egresos,Partida Genérica,Otros bienes inmuebles,165333493,Cifras Definitivas.
Estadística de Finanzas Públicas Estatales y Municipales. Anual,Ciudad de México,2009,09,Egresos,Capítulo,Inversión pública,5464364278,Cifras Definitivas.
Estadística de Finanzas Públicas Estatales y Municipales. Anual,Ciudad de México,2009,09,Egresos,Concepto,Obra pública en bienes de dominio público,5464364278,Cifras Definitivas.
Estadística de Finanzas Públicas Estatales y Municipales. Anual,Ciudad de México,2009,09,Egresos,Partida Genérica,Otras construcciones de ingeniería civil u obra pesada,30793088,Cifras Definitivas.
Estadística de Finanzas Públicas Estatales y Municipales. Anual,Ciudad de México,2009,09,Egresos,Partida Genérica,Diversas obras públicas en bienes de dominio público,5433571190,Cifras Definitivas.
Estadística de Finanzas Públicas Estatales y Municipales. Anual,Ciudad de México,2009,09,Egresos,Capítulo,Inversiones financieras y otras provisiones,35010000,Cifras Definitivas.
Estadística de Finanzas Públicas Estatales y Municipales. Anual,Ciudad de México,2009,09,Egresos,Concepto,Compra de títulos y valores,35010000,Cifras Definitivas.
Estadística de Finanzas Públicas Estatales y Municipales. Anual,Ciudad de México,2009,09,Egresos,Partida Genérica,Otros valores,35010000,Cifras Definitivas.
Estadística de Finanzas Públicas Estatales y Municipales. Anual,Ciudad de México,2009,09,Egresos,Capítulo,Recursos asignados a alcaldías de la Ciudad de México y sector paraestatal,38230488700,Cifras Definitivas.
Estadística de Finanzas Públicas Estatales y Municipales. Anual,Ciudad de México,2009,09,Egresos,Concepto,Alcaldías de la Ciudad de México,20030849500,Cifras Definitivas.
Estadística de Finanzas Públicas Estatales y Municipales. Anual,Ciudad de México,2009,09,Egresos,Partida Genérica,Azcapotzalco,988848700,Cifras Definitivas.
Estadística de Finanzas Públicas Estatales y Municipales. Anual,Ciudad de México,2009,09,Egresos,Partida Genérica,Coyoacán,1302062600,Cifras Definitivas.
Estadística de Finanzas Públicas Estatales y Municipales. Anual,Ciudad de México,2009,09,Egresos,Partida Genérica,Cuajimalpa de Morelos,642998400,Cifras Definitivas.
Estadística de Finanzas Públicas Estatales y Municipales. Anual,Ciudad de México,2009,09,Egresos,Partida Genérica,Gustavo A. Madero,2338014800,Cifras Definitivas.
Estadística de Finanzas Públicas Estatales y Municipales. Anual,Ciudad de México,2009,09,Egresos,Partida Genérica,Iztacalco,990157200,Cifras Definitivas.
Estadística de Finanzas Públicas Estatales y Municipales. Anual,Ciudad de México,2009,09,Egresos,Partida Genérica,Iztapalapa,2646835400,Cifras Definitivas.
Estadística de Finanzas Públicas Estatales y Municipales. Anual,Ciudad de México,2009,09,Egresos,Partida Genérica,Magdalena Contreras,592960300,Cifras Definitivas.
Estadística de Finanzas Públicas Estatales y Municipales. Anual,Ciudad de México,2009,09,Egresos,Partida Genérica,Milpa Alta,681797400,Cifras Definitivas.
Estadística de Finanzas Públicas Estatales y Municipales. Anual,Ciudad de México,2009,09,Egresos,Partida Genérica,Álvaro Obregón,1384491000,Cifras Definitivas.
Estadística de Finanzas Públicas Estatales y Municipales. Anual,Ciudad de México,2009,09,Egresos,Partida Genérica,Tláhuac,855670200,Cifras Definitivas.
Estadística de Finanzas Públicas Estatales y Municipales. Anual,Ciudad de México,2009,09,Egresos,Partida Genérica,Tlalpan,1243123800,Cifras Definitivas.
Estadística de Finanzas Públicas Estatales y Municipales. Anual,Ciudad de México,2009,09,Egresos,Partida Genérica,Xochimilco,1055632400,Cifras Definitivas.
Estadística de Finanzas Públicas Estatales y Municipales. Anual,Ciudad de México,2009,09,Egresos,Partida Genérica,Benito Juárez,1012462800,Cifras Definitivas.
Estadística de Finanzas Públicas Estatales y Municipales. Anual,Ciudad de México,2009,09,Egresos,Partida Genérica,Cuauhtémoc,1770866600,Cifras Definitivas.
Estadística de Finanzas Públicas Estatales y Municipales. Anual,Ciudad de México,2009,09,Egresos,Partida Genérica,Miguel Hidalgo,1115184200,Cifras Definitivas.
Estadística de Finanzas Públicas Estatales y Municipales. Anual,Ciudad de México,2009,09,Egresos,Partida Genérica,Venustiano Carranza,1409743700,Cifras Definitivas.
Estadística de Finanzas Públicas Estatales y Municipales. Anual,Ciudad de México,2009,09,Egresos,Concepto,Sector Paraestatal del Gobierno de la Ciudad de México,18199639200,Cifras Definitivas.
Estadística de Finanzas Públicas Estatales y Municipales. Anual,Ciudad de México,2009,09,Egresos,Partida Genérica,Heroico Cuerpo de Bomberos de la Ciudad de México,435214400,Cifras Definitivas.
Estadística de Finanzas Públicas Estatales y Municipales. Anual,Ciudad de México,2009,09,Egresos,Partida Genérica,Instituto de Vivienda de la Ciudad de México,1065610000,Cifras Definitivas.
Estadística de Finanzas Públicas Estatales y Municipales. Anual,Ciudad de México,2009,09,Egresos,Partida Genérica,Fondo para el Desarrollo Social de la Ciudad de México,54573600,Cifras Definitivas.
Estadística de Finanzas Públicas Estatales y Municipales. Anual,Ciudad de México,2009,09,Egresos,Partida Genérica,Fideicomiso de Recuperación Crediticia de la Ciudad de México FIDERE III,17349200,Cifras Definitivas.
Estadística de Finanzas Públicas Estatales y Municipales. Anual,Ciudad de México,2009,09,Egresos,Partida Genérica,Fondo Mixto de Promoción Turística de la Ciudad de México,227182900,Cifras Definitivas.
Estadística de Finanzas Públicas Estatales y Municipales. Anual,Ciudad de México,2009,09,Egresos,Partida Genérica,Fondo Ambiental Público de la Ciudad de México,151690500,Cifras Definitivas.
Estadística de Finanzas Públicas Estatales y Municipales. Anual,Ciudad de México,2009,09,Egresos,Partida Genérica,Fideicomiso para el Mejoramiento de las Vías de Comunicación del D. F.,12555000,Cifras Definitivas.
Estadística de Finanzas Públicas Estatales y Municipales. Anual,Ciudad de México,2009,09,Egresos,Partida Genérica,Sistema para el Desarrollo Integral de la Familia,2361856800,Cifras Definitivas.
Estadística de Finanzas Públicas Estatales y Municipales. Anual,Ciudad de México,2009,09,Egresos,Partida Genérica,Instituto de Educación Media Superior de la Ciudad de México,563705900,Cifras Definitivas.
Estadística de Finanzas Públicas Estatales y Municipales. Anual,Ciudad de México,2009,09,Egresos,Partida Genérica,Instituto de la Juventud de la Ciudad de México,81946900,Cifras Definitivas.
Estadística de Finanzas Públicas Estatales y Municipales. Anual,Ciudad de México,2009,09,Egresos,Partida Genérica,Instituto de las Mujeres de la Ciudad de México,133238200,Cifras Definitivas.
Estadística de Finanzas Públicas Estatales y Municipales. Anual,Ciudad de México,2009,09,Egresos,Partida Genérica,Fideicomiso del Centro Histórico de la Ciudad de México,216232700,Cifras Definitivas.
Estadística de Finanzas Públicas Estatales y Municipales. Anual,Ciudad de México,2009,09,Egresos,Partida Genérica,Sistema de Transporte Colectivo (Metro),5660003600,Cifras Definitivas.
Estadística de Finanzas Públicas Estatales y Municipales. Anual,Ciudad de México,2009,09,Egresos,Partida Genérica,Servicio de Transportes Eléctricos de la Ciudad de México,788092500,Cifras Definitivas.
Estadística de Finanzas Públicas Estatales y Municipales. Anual,Ciudad de México,2009,09,Egresos,Partida Genérica,Sistema de Movilidad 1,762646300,Cifras Definitivas.
Estadística de Finanzas Públicas Estatales y Municipales. Anual,Ciudad de México,2009,09,Egresos,Partida Genérica,Fideicomiso para el Fondo de Promoción del Transporte Público,85600000,Cifras Definitivas.
Estadística de Finanzas Públicas Estatales y Municipales. Anual,Ciudad de México,2009,09,Egresos,Partida Genérica,Caja de Previsión para Trabajadores a Lista de Raya de la Ciudad de México,145529100,Cifras Definitivas.
Estadística de Finanzas Públicas Estatales y Municipales. Anual,Ciudad de México,2009,09,Egresos,Partida Genérica,Servicios de Salud Pública de la Ciudad de México,3068204600,Cifras Definitivas.
Estadística de Finanzas Públicas Estatales y Municipales. Anual,Ciudad de México,2009,09,Egresos,Partida Genérica,Procuraduría Social de la Ciudad de México,173096400,Cifras Definitivas.
Estadística de Finanzas Públicas Estatales y Municipales. Anual,Ciudad de México,2009,09,Egresos,Partida Genérica,Procuraduría Ambiental y del Ordenamiento Territorial de la Ciudad de México,75493200,Cifras Definitivas.
Estadística de Finanzas Públicas Estatales y Municipales. Anual,Ciudad de México,2009,09,Egresos,Partida Genérica,Fondo para la Atención y Apoyo a las Víctimas del Delito,7998100,Cifras Definitivas.
Estadística de Finanzas Públicas Estatales y Municipales. Anual,Ciudad de México,2009,09,Egresos,Partida Genérica,Metrobús,88183900,Cifras Definitivas.
Estadística de Finanzas Públicas Estatales y Municipales. Anual,Ciudad de México,2009,09,Egresos,Partida Genérica,Fideicomiso Museo de Arte Popular Mexicano,13601700,Cifras Definitivas.
Estadística de Finanzas Públicas Estatales y Municipales. Anual,Ciudad de México,2009,09,Egresos,Partida Genérica,Fideicomiso Museo del Estanquillo,10067300,Cifras Definitivas.
Estadística de Finanzas Públicas Estatales y Municipales. Anual,Ciudad de México,2009,09,Egresos,Partida Genérica,Instituto de Ciencia y Tecnología del Distrito Federal,500137400,Cifras Definitivas.
Estadística de Finanzas Públicas Estatales y Municipales. Anual,Ciudad de México,2009,09,Egresos,Partida Genérica,Fideicomiso Educación Garantizada,1336968000,Cifras Definitivas.
Estadística de Finanzas Públicas Estatales y Municipales. Anual,Ciudad de México,2009,09,Egresos,Partida Genérica,Consejo de Evaluación del Desarrollo Social de la Ciudad de México,18782400,Cifras Definitivas.
Estadística de Finanzas Públicas Estatales y Municipales. Anual,Ciudad de México,2009,09,Egresos,Partida Genérica,Instituto del Deporte de la Ciudad de México,48995700,Cifras Definitivas.
Estadística de Finanzas Públicas Estatales y Municipales. Anual,Ciudad de México,2009,09,Egresos,Partida Genérica,Fondo de Apoyo a la Procuración de Justicia,12237400,Cifras Definitivas.
Estadística de Finanzas Públicas Estatales y Municipales. Anual,Ciudad de México,2009,09,Egresos,Partida Genérica,Fideicomiso Público Complejo Ambiental Xochimilco,65375000,Cifras Definitivas.
Estadística de Finanzas Públicas Estatales y Municipales. Anual,Ciudad de México,2009,09,Egresos,Partida Genérica,Fideicomiso Público Ciudad Digital,17470500,Cifras Definitivas.
Estadística de Finanzas Públicas Estatales y Municipales. Anual,Ciudad de México,2009,09,Egresos,Capítulo,Deuda pública,6511662283,Cifras Definitivas.
Estadística de Finanzas Públicas Estatales y Municipales. Anual,Ciudad de México,2009,09,Egresos,Concepto,Amortización de la deuda pública,169750,Cifras Definitivas.
Estadística de Finanzas Públicas Estatales y Municipales. Anual,Ciudad de México,2009,09,Egresos,Partida Genérica,Diversas amortizaciones de la deuda pública,169750,Cifras Definitivas.
Estadística de Finanzas Públicas Estatales y Municipales. Anual,Ciudad de México,2009,09,Egresos,Concepto,Intereses de la deuda pública,3322632921,Cifras Definitivas.
Estadística de Finanzas Públicas Estatales y Municipales. Anual,Ciudad de México,2009,09,Egresos,Partida Genérica,Diversos intereses,3322632921,Cifras Definitivas.
Estadística de Finanzas Públicas Estatales y Municipales. Anual,Ciudad de México,2009,09,Egresos,Concepto,Adeudos de ejercicios fiscales anteriores (ADEFAS),3188859612,Cifras Definitivas.
Estadística de Finanzas Públicas Estatales y Municipales. Anual,Ciudad de México,2009,09,Egresos,Partida Genérica,ADEFAS,3188859612,Cifras Definitivas.
Estadística de Finanzas Públicas Estatales y Municipales. Anual,Ciudad de México,2009,09,Egresos,Capítulo,Disponibilidad final,970743055,Cifras Definitivas.
Estadística de Finanzas Públicas Estatales y Municipales. Anual,Ciudad de México,2009,09,Ingresos,Tema,Total de ingresos,119644492400,Cifras Definitivas.
Estadística de Finanzas Públicas Estatales y Municipales. Anual,Ciudad de México,2009,09,Ingresos,Capítulo,Impuestos,20147469400,Cifras Definitivas.
Estadística de Finanzas Públicas Estatales y Municipales. Anual,Ciudad de México,2009,09,Ingresos,Concepto,Impuesto sobre los Ingresos,8699333400,Cifras Definitivas.
Estadística de Finanzas Públicas Estatales y Municipales. Anual,Ciudad de México,2009,09,Ingresos,Partida Genérica,Impuesto sobre nómina,8699333400,Cifras Definitivas.
Estadística de Finanzas Públicas Estatales y Municipales. Anual,Ciudad de México,2009,09,Ingresos,Concepto,Impuestos sobre el Patrimonio,10757624400,Cifras Definitivas.
Estadística de Finanzas Públicas Estatales y Municipales. Anual,Ciudad de México,2009,09,Ingresos,Partida Genérica,Impuesto predial,7212846700,Cifras Definitivas.
Estadística de Finanzas Públicas Estatales y Municipales. Anual,Ciudad de México,2009,09,Ingresos,Partida Genérica,Impuesto sobre tenencia o uso de vehículos,454804200,Cifras Definitivas.
Estadística de Finanzas Públicas Estatales y Municipales. Anual,Ciudad de México,2009,09,Ingresos,Partida Genérica,Adquisición de bienes inmuebles,3089973500,Cifras Definitivas.
Estadística de Finanzas Públicas Estatales y Municipales. Anual,Ciudad de México,2009,09,Ingresos,Concepto,"Impuesto sobre la producción, el consumo y las transacciones",690511600,Cifras Definitivas.
Estadística de Finanzas Públicas Estatales y Municipales. Anual,Ciudad de México,2009,09,Ingresos,Partida Genérica,Impuesto sobre hospedaje,106485900,Cifras Definitivas.
Estadística de Finanzas Públicas Estatales y Municipales. Anual,Ciudad de México,2009,09,Ingresos,Partida Genérica,Diversiones y espectáculos públicos,268139400,Cifras Definitivas.
Estadística de Finanzas Públicas Estatales y Municipales. Anual,Ciudad de México,2009,09,Ingresos,Partida Genérica,"Loterías, rifas, sorteos y juegos permitidos",315886300,Cifras Definitivas.
Estadística de Finanzas Públicas Estatales y Municipales. Anual,Ciudad de México,2009,09,Ingresos,Capítulo,Contribuciones de Mejoras,251500,Cifras Definitivas.
Estadística de Finanzas Públicas Estatales y Municipales. Anual,Ciudad de México,2009,09,Ingresos,Concepto,Contribución de mejoras por obras públicas,251500,Cifras Definitivas.
Estadística de Finanzas Públicas Estatales y Municipales. Anual,Ciudad de México,2009,09,Ingresos,Capítulo,Derechos,13859828100,Cifras Definitivas.
Estadística de Finanzas Públicas Estatales y Municipales. Anual,Ciudad de México,2009,09,Ingresos,Concepto,"Derechos por el uso, goce, aprovechamiento o explotación de bienes de dominio público",7138034700,Cifras Definitivas.
Estadística de Finanzas Públicas Estatales y Municipales. Anual,Ciudad de México,2009,09,Ingresos,Partida Genérica,Registros,1038060200,Cifras Definitivas.
Estadística de Finanzas Públicas Estatales y Municipales. Anual,Ciudad de México,2009,09,Ingresos,Subpartida Genérica,Registro civil,127471300,Cifras Definitivas.
Estadística de Finanzas Públicas Estatales y Municipales. Anual,Ciudad de México,2009,09,Ingresos,Subpartida Genérica,Registro público de la propiedad y del comercio,910588900,Cifras Definitivas.
Estadística de Finanzas Públicas Estatales y Municipales. Anual,Ciudad de México,2009,09,Ingresos,Partida Genérica,Licencias y permisos,363200600,Cifras Definitivas.
Estadística de Finanzas Públicas Estatales y Municipales. Anual,Ciudad de México,2009,09,Ingresos,Subpartida Genérica,Licencias y permisos diversos,363200600,Cifras Definitivas.
Estadística de Finanzas Públicas Estatales y Municipales. Anual,Ciudad de México,2009,09,Ingresos,Partida Genérica,Servicios de vialidad y transporte,1684887100,Cifras Definitivas.
Estadística de Finanzas Públicas Estatales y Municipales. Anual,Ciudad de México,2009,09,Ingresos,Subpartida Genérica,Servicios de grúa y almacenaje de vehículos,152149100,Cifras Definitivas.
Estadística de Finanzas Públicas Estatales y Municipales. Anual,Ciudad de México,2009,09,Ingresos,Subpartida Genérica,Control vehicular,1532738000,Cifras Definitivas.
Estadística de Finanzas Públicas Estatales y Municipales. Anual,Ciudad de México,2009,09,Ingresos,Partida Genérica,Uso y suministro de agua potable,3929383600,Cifras Definitivas.
Estadística de Finanzas Públicas Estatales y Municipales. Anual,Ciudad de México,2009,09,Ingresos,Partida Genérica,Servicios de desarrollo urbano y obras públicas,122503200,Cifras Definitivas.
Estadística de Finanzas Públicas Estatales y Municipales. Anual,Ciudad de México,2009,09,Ingresos,Subpartida Genérica,Urbanización,64928100,Cifras Definitivas.
Estadística de Finanzas Públicas Estatales y Municipales. Anual,Ciudad de México,2009,09,Ingresos,Subpartida Genérica,Por servicios de fraccionamiento,57575100,Cifras Definitivas.
Estadística de Finanzas Públicas Estatales y Municipales. Anual,Ciudad de México,2009,09,Ingresos,Concepto,Derechos por prestación de servicios,6586990900,Cifras Definitivas.
Estadística de Finanzas Públicas Estatales y Municipales. Anual,Ciudad de México,2009,09,Ingresos,Partida Genérica,Estacionamientos,31696300,Cifras Definitivas.
Estadística de Finanzas Públicas Estatales y Municipales. Anual,Ciudad de México,2009,09,Ingresos,Partida Genérica,Seguridad pública,6529508600,Cifras Definitivas.
Estadística de Finanzas Públicas Estatales y Municipales. Anual,Ciudad de México,2009,09,Ingresos,Partida Genérica,Diversos derechos por prestación de servicios,25786000,Cifras Definitivas.
Estadística de Finanzas Públicas Estatales y Municipales. Anual,Ciudad de México,2009,09,Ingresos,Concepto,Otros Derechos,134802500,Cifras Definitivas.
Estadística de Finanzas Públicas Estatales y Municipales. Anual,Ciudad de México,2009,09,Ingresos,Capítulo,Productos,1481995400,Cifras Definitivas.
Estadística de Finanzas Públicas Estatales y Municipales. Anual,Ciudad de México,2009,09,Ingresos,Concepto,Productos de tipo corriente,1144564800,Cifras Definitivas.
Estadística de Finanzas Públicas Estatales y Municipales. Anual,Ciudad de México,2009,09,Ingresos,Partida Genérica,Intereses,283001600,Cifras Definitivas.
Estadística de Finanzas Públicas Estatales y Municipales. Anual,Ciudad de México,2009,09,Ingresos,Partida Genérica,Establecimientos y empresas,861563200,Cifras Definitivas.
Estadística de Finanzas Públicas Estatales y Municipales. Anual,Ciudad de México,2009,09,Ingresos,Subpartida Genérica,Talleres gráficos,192275300,Cifras Definitivas.
Estadística de Finanzas Públicas Estatales y Municipales. Anual,Ciudad de México,2009,09,Ingresos,Subpartida Genérica,Establecimientos diversos,669287900,Cifras Definitivas.
Estadística de Finanzas Públicas Estatales y Municipales. Anual,Ciudad de México,2009,09,Ingresos,Concepto,Productos de tipo capital,333923200,Cifras Definitivas.
Estadística de Finanzas Públicas Estatales y Municipales. Anual,Ciudad de México,2009,09,Ingresos,Partida Genérica,Enajenación o venta de bienes,333923200,Cifras Definitivas.
Estadística de Finanzas Públicas Estatales y Municipales. Anual,Ciudad de México,2009,09,Ingresos,Subpartida Genérica,Bienes muebles e inmuebles,327581700,Cifras Definitivas.
Estadística de Finanzas Públicas Estatales y Municipales. Anual,Ciudad de México,2009,09,Ingresos,Subpartida Genérica,Bienes inmuebles,6341500,Cifras Definitivas.
Estadística de Finanzas Públicas Estatales y Municipales. Anual,Ciudad de México,2009,09,Ingresos,Concepto,Otros productos,3507400,Cifras Definitivas.
Estadística de Finanzas Públicas Estatales y Municipales. Anual,Ciudad de México,2009,09,Ingresos,Capítulo,Aprovechamientos,4130237300,Cifras Definitivas.
Estadística de Finanzas Públicas Estatales y Municipales. Anual,Ciudad de México,2009,09,Ingresos,Concepto,Aprovechamientos de tipo corriente,656563800,Cifras Definitivas.
Estadística de Finanzas Públicas Estatales y Municipales. Anual,Ciudad de México,2009,09,Ingresos,Partida Genérica,Multas,585621900,Cifras Definitivas.
Estadística de Finanzas Públicas Estatales y Municipales. Anual,Ciudad de México,2009,09,Ingresos,Partida Genérica,Donaciones y aprovechamientos a favor del estado,38283800,Cifras Definitivas.
Estadística de Finanzas Públicas Estatales y Municipales. Anual,Ciudad de México,2009,09,Ingresos,Partida Genérica,Indemnizaciones a favor del estado,32658100,Cifras Definitivas.
Estadística de Finanzas Públicas Estatales y Municipales. Anual,Ciudad de México,2009,09,Ingresos,Concepto,Otros aprovechamientos,3473673500,Cifras Definitivas.
Estadística de Finanzas Públicas Estatales y Municipales. Anual,Ciudad de México,2009,09,Ingresos,Capítulo,Participaciones federales,46715300700,Cifras Definitivas.
Estadística de Finanzas Públicas Estatales y Municipales. Anual,Ciudad de México,2009,09,Ingresos,Concepto,Fondos participables,38410062000,Cifras Definitivas.
Estadística de Finanzas Públicas Estatales y Municipales. Anual,Ciudad de México,2009,09,Ingresos,Partida Genérica,Fondo General de Participaciones,34651658000,Cifras Definitivas.
Estadística de Finanzas Públicas Estatales y Municipales. Anual,Ciudad de México,2009,09,Ingresos,Partida Genérica,Fondo de Fomento Municipal,2067371100,Cifras Definitivas.
Estadística de Finanzas Públicas Estatales y Municipales. Anual,Ciudad de México,2009,09,Ingresos,Partida Genérica,Fondo de Fiscalización,1691032900,Cifras Definitivas.
Estadística de Finanzas Públicas Estatales y Municipales. Anual,Ciudad de México,2009,09,Ingresos,Concepto,Impuestos participables,7957271400,Cifras Definitivas.
Estadística de Finanzas Públicas Estatales y Municipales. Anual,Ciudad de México,2009,09,Ingresos,Partida Genérica,Impuesto sobre Tenencia o Uso de Vehículos,4974334700,Cifras Definitivas.
Estadística de Finanzas Públicas Estatales y Municipales. Anual,Ciudad de México,2009,09,Ingresos,Partida Genérica,Impuesto sobre Automóviles Nuevos,1194055100,Cifras Definitivas.
Estadística de Finanzas Públicas Estatales y Municipales. Anual,Ciudad de México,2009,09,Ingresos,Partida Genérica,Impuesto Especial sobre Producción y Servicios,670931500,Cifras Definitivas.
Estadística de Finanzas Públicas Estatales y Municipales. Anual,Ciudad de México,2009,09,Ingresos,Partida Genérica,IEPS Gasolinas,1117950100,Cifras Definitivas.
Estadística de Finanzas Públicas Estatales y Municipales. Anual,Ciudad de México,2009,09,Ingresos,Concepto,Otras participaciones,347967300,Cifras Definitivas.
Estadística de Finanzas Públicas Estatales y Municipales. Anual,Ciudad de México,2009,09,Ingresos,Partida Genérica,Multas administrativas federales no fiscales,12487300,Cifras Definitivas.
Estadística de Finanzas Públicas Estatales y Municipales. Anual,Ciudad de México,2009,09,Ingresos,Partida Genérica,Incentivos por administración de impuestos,178539500,Cifras Definitivas.
Estadística de Finanzas Públicas Estatales y Municipales. Anual,Ciudad de México,2009,09,Ingresos,Partida Genérica,Participaciones diversas,156940500,Cifras Definitivas.
Estadística de Finanzas Públicas Estatales y Municipales. Anual,Ciudad de México,2009,09,Ingresos,Capítulo,Aportaciones federales,27604201000,Cifras Definitivas.
Estadística de Finanzas Públicas Estatales y Municipales. Anual,Ciudad de México,2009,09,Ingresos,Concepto,Aportaciones del ramo general 33,8628965500,Cifras Definitivas.
Estadística de Finanzas Públicas Estatales y Municipales. Anual,Ciudad de México,2009,09,Ingresos,Partida Genérica,Aportaciones a entidades federativas,5199596800,Cifras Definitivas.
Estadística de Finanzas Públicas Estatales y Municipales. Anual,Ciudad de México,2009,09,Ingresos,Subpartida Genérica,FA para los Servicios de Salud,2687760000,Cifras Definitivas.
Estadística de Finanzas Públicas Estatales y Municipales. Anual,Ciudad de México,2009,09,Ingresos,Subpartida Genérica,FA Múltiples,454195900,Cifras Definitivas.
Estadística de Finanzas Públicas Estatales y Municipales. Anual,Ciudad de México,2009,09,Ingresos,Subpartida Genérica,FA para la Seguridad Pública,442718400,Cifras Definitivas.
Estadística de Finanzas Públicas Estatales y Municipales. Anual,Ciudad de México,2009,09,Ingresos,Subpartida Genérica,FA para el Fortalecimiento de los Municipios y las Demarcaciones Territoriales de la Ciudad de México,1614922500,Cifras Definitivas.
Estadística de Finanzas Públicas Estatales y Municipales. Anual,Ciudad de México,2009,09,Ingresos,Partida Genérica,Aportaciones a municipios,3429368700,Cifras Definitivas.
Estadística de Finanzas Públicas Estatales y Municipales. Anual,Ciudad de México,2009,09,Ingresos,Subpartida Genérica,FA para el Fortalecimiento de los Municipios,3429368700,Cifras Definitivas.
Estadística de Finanzas Públicas Estatales y Municipales. Anual,Ciudad de México,2009,09,Ingresos,Concepto,Recursos federales reasignados,18975235500,Cifras Definitivas.
Estadística de Finanzas Públicas Estatales y Municipales. Anual,Ciudad de México,2009,09,Ingresos,Partida Genérica,Convenios para obras públicas,11032608200,Cifras Definitivas.
Estadística de Finanzas Públicas Estatales y Municipales. Anual,Ciudad de México,2009,09,Ingresos,Subpartida Genérica,Comisión nacional del agua,1440400000,Cifras Definitivas.
Estadística de Finanzas Públicas Estatales y Municipales. Anual,Ciudad de México,2009,09,Ingresos,Subpartida Genérica,Fideicomiso para la infraestructura,2451687300,Cifras Definitivas.
Estadística de Finanzas Públicas Estatales y Municipales. Anual,Ciudad de México,2009,09,Ingresos,Subpartida Genérica,Fondo para la estabilización de los ingresos,4627220900,Cifras Definitivas.
Estadística de Finanzas Públicas Estatales y Municipales. Anual,Ciudad de México,2009,09,Ingresos,Subpartida Genérica,Convenio para obras públicas diversas,2513300000,Cifras Definitivas.
Estadística de Finanzas Públicas Estatales y Municipales. Anual,Ciudad de México,2009,09,Ingresos,Partida Genérica,"Convenios para educación, cultura y deportes",101500000,Cifras Definitivas.
Estadística de Finanzas Públicas Estatales y Municipales. Anual,Ciudad de México,2009,09,Ingresos,Subpartida Genérica,Educación superior,101500000,Cifras Definitivas.
Estadística de Finanzas Públicas Estatales y Municipales. Anual,Ciudad de México,2009,09,Ingresos,Partida Genérica,Convenios para seguridad pública,629500000,Cifras Definitivas.
Estadística de Finanzas Públicas Estatales y Municipales. Anual,Ciudad de México,2009,09,Ingresos,Subpartida Genérica,Apoyo a programas de seguridad pública,629500000,Cifras Definitivas.
Estadística de Finanzas Públicas Estatales y Municipales. Anual,Ciudad de México,2009,09,Ingresos,Partida Genérica,"Convenios para salud, asistencia y seguridad social",1613200000,Cifras Definitivas.
Estadística de Finanzas Públicas Estatales y Municipales. Anual,Ciudad de México,2009,09,Ingresos,Subpartida Genérica,Convenios para salud,1613200000,Cifras Definitivas.
Estadística de Finanzas Públicas Estatales y Municipales. Anual,Ciudad de México,2009,09,Ingresos,Partida Genérica,Recursos federales diversos,5598427300,Cifras Definitivas.
Estadística de Finanzas Públicas Estatales y Municipales. Anual,Ciudad de México,2009,09,Ingresos,Subpartida Genérica,Otros recursos federales,5598427300,Cifras Definitivas.
Estadística de Finanzas Públicas Estatales y Municipales. Anual,Ciudad de México,2009,09,Ingresos,Capítulo,Otros ingresos,3755209000,Cifras Definitivas.
Estadística de Finanzas Públicas Estatales y Municipales. Anual,Ciudad de México,2009,09,Ingresos,Concepto,Otros ingresos extraordinarios,3755209000,Cifras Definitivas.
Estadística de Finanzas Públicas Estatales y Municipales. Anual,Ciudad de México,2009,09,Ingresos,Capítulo,Financiamiento,1950000000,Cifras Definitivas.
Estadística de Finanzas Públicas Estatales y Municipales. Anual,Ciudad de México,2009,09,Ingresos,Concepto,Empréstitos,1950000000,Cifras Definitivas.
Estadística de Finanzas Públicas Estatales y Municipales. Anual,Ciudad de México,2009,09,Ingresos,Partida Genérica,Empréstitos diversos,1950000000,Cifras Definitivas.
