﻿PROD_EST,COBERTURA,ANIO,ID_ENTIDAD,TEMA,CATEGORIA,DESCRIPCION_CATEGORIA,VALOR,ESTATUS
Estadística de Finanzas Públicas Estatales y Municipales. Anual,Ciudad de México,2008,09,Egresos,Tema,Total de egresos,116511030187,Cifras Definitivas.
Estadística de Finanzas Públicas Estatales y Municipales. Anual,Ciudad de México,2008,09,Egresos,Capítulo,Servicios personales,19813489356,Cifras Definitivas.
Estadística de Finanzas Públicas Estatales y Municipales. Anual,Ciudad de México,2008,09,Egresos,Concepto,Remuneraciones al personal,6467368889,Cifras Definitivas.
Estadística de Finanzas Públicas Estatales y Municipales. Anual,Ciudad de México,2008,09,Egresos,Partida Genérica,Jefatura de Gobierno,52698074,Cifras Definitivas.
Estadística de Finanzas Públicas Estatales y Municipales. Anual,Ciudad de México,2008,09,Egresos,Partida Genérica,Secretaría de Gobierno,508799756,Cifras Definitivas.
Estadística de Finanzas Públicas Estatales y Municipales. Anual,Ciudad de México,2008,09,Egresos,Partida Genérica,Secretaría de Finanzas,349862935,Cifras Definitivas.
Estadística de Finanzas Públicas Estatales y Municipales. Anual,Ciudad de México,2008,09,Egresos,Partida Genérica,Secretaría de Educación,71539528,Cifras Definitivas.
Estadística de Finanzas Públicas Estatales y Municipales. Anual,Ciudad de México,2008,09,Egresos,Partida Genérica,Secretaría de Salud,1162130950,Cifras Definitivas.
Estadística de Finanzas Públicas Estatales y Municipales. Anual,Ciudad de México,2008,09,Egresos,Partida Genérica,Secretaría de Obras Públicas y Servicios,340634492,Cifras Definitivas.
Estadística de Finanzas Públicas Estatales y Municipales. Anual,Ciudad de México,2008,09,Egresos,Partida Genérica,Secretaría de Desarrollo Económico,33963896,Cifras Definitivas.
Estadística de Finanzas Públicas Estatales y Municipales. Anual,Ciudad de México,2008,09,Egresos,Partida Genérica,Secretaría de Turismo,12025857,Cifras Definitivas.
Estadística de Finanzas Públicas Estatales y Municipales. Anual,Ciudad de México,2008,09,Egresos,Partida Genérica,Secretaría del Medio Ambiente,238101175,Cifras Definitivas.
Estadística de Finanzas Públicas Estatales y Municipales. Anual,Ciudad de México,2008,09,Egresos,Partida Genérica,Secretaría de Desarrollo Social,243144507,Cifras Definitivas.
Estadística de Finanzas Públicas Estatales y Municipales. Anual,Ciudad de México,2008,09,Egresos,Partida Genérica,Secretaría de Desarrollo Rural y Equidad para las Comunidades,8567913,Cifras Definitivas.
Estadística de Finanzas Públicas Estatales y Municipales. Anual,Ciudad de México,2008,09,Egresos,Partida Genérica,Secretaría del Trabajo y Previsión Social,25456102,Cifras Definitivas.
Estadística de Finanzas Públicas Estatales y Municipales. Anual,Ciudad de México,2008,09,Egresos,Partida Genérica,Secretaría de Seguridad Pública,2105980168,Cifras Definitivas.
Estadística de Finanzas Públicas Estatales y Municipales. Anual,Ciudad de México,2008,09,Egresos,Partida Genérica,Procuraduría General de Justicia,860459211,Cifras Definitivas.
Estadística de Finanzas Públicas Estatales y Municipales. Anual,Ciudad de México,2008,09,Egresos,Partida Genérica,Contraloría General,55506922,Cifras Definitivas.
Estadística de Finanzas Públicas Estatales y Municipales. Anual,Ciudad de México,2008,09,Egresos,Partida Genérica,Oficialía Mayor,166264820,Cifras Definitivas.
Estadística de Finanzas Públicas Estatales y Municipales. Anual,Ciudad de México,2008,09,Egresos,Partida Genérica,Dependencias diversas,232232583,Cifras Definitivas.
Estadística de Finanzas Públicas Estatales y Municipales. Anual,Ciudad de México,2008,09,Egresos,Concepto,Remuneraciones adicionales y especiales,3525969379,Cifras Definitivas.
Estadística de Finanzas Públicas Estatales y Municipales. Anual,Ciudad de México,2008,09,Egresos,Partida Genérica,Primas por años de servicios efectivos prestados,128664406,Cifras Definitivas.
Estadística de Finanzas Públicas Estatales y Municipales. Anual,Ciudad de México,2008,09,Egresos,Partida Genérica,"Primas de vacaciones, dominical y gratificación de fin de año",1277400579,Cifras Definitivas.
Estadística de Finanzas Públicas Estatales y Municipales. Anual,Ciudad de México,2008,09,Egresos,Partida Genérica,Horas extraordinarias,159795843,Cifras Definitivas.
Estadística de Finanzas Públicas Estatales y Municipales. Anual,Ciudad de México,2008,09,Egresos,Partida Genérica,Compensaciones,1946161121,Cifras Definitivas.
Estadística de Finanzas Públicas Estatales y Municipales. Anual,Ciudad de México,2008,09,Egresos,Partida Genérica,Otras remuneraciones adicionales y especiales,13947430,Cifras Definitivas.
Estadística de Finanzas Públicas Estatales y Municipales. Anual,Ciudad de México,2008,09,Egresos,Concepto,Seguridad social,1855511439,Cifras Definitivas.
Estadística de Finanzas Públicas Estatales y Municipales. Anual,Ciudad de México,2008,09,Egresos,Partida Genérica,Aportaciones a fondos de vivienda,426035801,Cifras Definitivas.
Estadística de Finanzas Públicas Estatales y Municipales. Anual,Ciudad de México,2008,09,Egresos,Partida Genérica,Aportaciones para seguros,261983128,Cifras Definitivas.
Estadística de Finanzas Públicas Estatales y Municipales. Anual,Ciudad de México,2008,09,Egresos,Partida Genérica,Otras cuotas de seguridad social y seguros,1167492510,Cifras Definitivas.
Estadística de Finanzas Públicas Estatales y Municipales. Anual,Ciudad de México,2008,09,Egresos,Concepto,Otras prestaciones sociales y económicas,5685318220,Cifras Definitivas.
Estadística de Finanzas Públicas Estatales y Municipales. Anual,Ciudad de México,2008,09,Egresos,Partida Genérica,Cuotas para el fondo de ahorro y fondo de trabajo,296759551,Cifras Definitivas.
Estadística de Finanzas Públicas Estatales y Municipales. Anual,Ciudad de México,2008,09,Egresos,Partida Genérica,Indemnizaciones,130760098,Cifras Definitivas.
Estadística de Finanzas Públicas Estatales y Municipales. Anual,Ciudad de México,2008,09,Egresos,Partida Genérica,Prestaciones y haberes de retiro,184755221,Cifras Definitivas.
Estadística de Finanzas Públicas Estatales y Municipales. Anual,Ciudad de México,2008,09,Egresos,Partida Genérica,Otras prestaciones sociales y económicas,5073043350,Cifras Definitivas.
Estadística de Finanzas Públicas Estatales y Municipales. Anual,Ciudad de México,2008,09,Egresos,Concepto,Pago de estímulos a servidores públicos,2279321429,Cifras Definitivas.
Estadística de Finanzas Públicas Estatales y Municipales. Anual,Ciudad de México,2008,09,Egresos,Partida Genérica,Estímulos,2279321429,Cifras Definitivas.
Estadística de Finanzas Públicas Estatales y Municipales. Anual,Ciudad de México,2008,09,Egresos,Capítulo,Materiales y suministros,3035352578,Cifras Definitivas.
Estadística de Finanzas Públicas Estatales y Municipales. Anual,Ciudad de México,2008,09,Egresos,Concepto,"Materiales de administración, emisión de documentos y artículos oficiales",175083059,Cifras Definitivas.
Estadística de Finanzas Públicas Estatales y Municipales. Anual,Ciudad de México,2008,09,Egresos,Partida Genérica,"Materiales, útiles y equipos menores de oficina",34105589,Cifras Definitivas.
Estadística de Finanzas Públicas Estatales y Municipales. Anual,Ciudad de México,2008,09,Egresos,Partida Genérica,Materiales y útiles de impresión y reproducción,33561490,Cifras Definitivas.
Estadística de Finanzas Públicas Estatales y Municipales. Anual,Ciudad de México,2008,09,Egresos,Partida Genérica,Material estadístico y geográfico,18255,Cifras Definitivas.
Estadística de Finanzas Públicas Estatales y Municipales. Anual,Ciudad de México,2008,09,Egresos,Partida Genérica,"Materiales, útiles y equipos menores de tecnologías de la información y comunicaciones",60507491,Cifras Definitivas.
Estadística de Finanzas Públicas Estatales y Municipales. Anual,Ciudad de México,2008,09,Egresos,Partida Genérica,Material de limpieza,20368922,Cifras Definitivas.
Estadística de Finanzas Públicas Estatales y Municipales. Anual,Ciudad de México,2008,09,Egresos,Partida Genérica,Materiales y útiles de enseñanza,26521312,Cifras Definitivas.
Estadística de Finanzas Públicas Estatales y Municipales. Anual,Ciudad de México,2008,09,Egresos,Concepto,Alimentos y utensilios,599765160,Cifras Definitivas.
Estadística de Finanzas Públicas Estatales y Municipales. Anual,Ciudad de México,2008,09,Egresos,Partida Genérica,Otros alimentos y utensilios,599765160,Cifras Definitivas.
Estadística de Finanzas Públicas Estatales y Municipales. Anual,Ciudad de México,2008,09,Egresos,Concepto,"Herramientas, refacciones y accesorios menores",199077661,Cifras Definitivas.
Estadística de Finanzas Públicas Estatales y Municipales. Anual,Ciudad de México,2008,09,Egresos,Partida Genérica,Refacciones y accesorios menores otros bienes muebles,199077661,Cifras Definitivas.
Estadística de Finanzas Públicas Estatales y Municipales. Anual,Ciudad de México,2008,09,Egresos,Concepto,Materiales y artículos de construcción y de reparación,812904284,Cifras Definitivas.
Estadística de Finanzas Públicas Estatales y Municipales. Anual,Ciudad de México,2008,09,Egresos,Partida Genérica,Otros materiales y artículos de construcción y reparación,812904284,Cifras Definitivas.
Estadística de Finanzas Públicas Estatales y Municipales. Anual,Ciudad de México,2008,09,Egresos,Concepto,"Productos químicos, farmacéuticos, laboratorio y materias primas de producción y comercialización",625140666,Cifras Definitivas.
Estadística de Finanzas Públicas Estatales y Municipales. Anual,Ciudad de México,2008,09,Egresos,Partida Genérica,"Productos químicos, farmacéuticos y de laboratorio",116310683,Cifras Definitivas.
Estadística de Finanzas Públicas Estatales y Municipales. Anual,Ciudad de México,2008,09,Egresos,Subpartida Genérica,Productos químicos básicos,37546146,Cifras Definitivas.
Estadística de Finanzas Públicas Estatales y Municipales. Anual,Ciudad de México,2008,09,Egresos,Subpartida Genérica,"Fertilizantes, pesticidas y otros agroquímicos",10973612,Cifras Definitivas.
Estadística de Finanzas Públicas Estatales y Municipales. Anual,Ciudad de México,2008,09,Egresos,Subpartida Genérica,Medicinas y productos farmacéuticos,37431713,Cifras Definitivas.
Estadística de Finanzas Públicas Estatales y Municipales. Anual,Ciudad de México,2008,09,Egresos,Subpartida Genérica,"Materiales, accesorios y suministros médicos",13205883,Cifras Definitivas.
Estadística de Finanzas Públicas Estatales y Municipales. Anual,Ciudad de México,2008,09,Egresos,Subpartida Genérica,"Materiales, accesorios y suministros de laboratorio",17153329,Cifras Definitivas.
Estadística de Finanzas Públicas Estatales y Municipales. Anual,Ciudad de México,2008,09,Egresos,Partida Genérica,Otros productos adquiridos como materia prima,508829983,Cifras Definitivas.
Estadística de Finanzas Públicas Estatales y Municipales. Anual,Ciudad de México,2008,09,Egresos,Concepto,"Combustibles, lubricantes y aditivos",456957165,Cifras Definitivas.
Estadística de Finanzas Públicas Estatales y Municipales. Anual,Ciudad de México,2008,09,Egresos,Partida Genérica,"Combustibles, lubricantes y aditivos",456957165,Cifras Definitivas.
Estadística de Finanzas Públicas Estatales y Municipales. Anual,Ciudad de México,2008,09,Egresos,Concepto,"Vestuario, blancos, prendas de protección y artículos deportivos",148986797,Cifras Definitivas.
Estadística de Finanzas Públicas Estatales y Municipales. Anual,Ciudad de México,2008,09,Egresos,Partida Genérica,Vestuario y uniformes,126383341,Cifras Definitivas.
Estadística de Finanzas Públicas Estatales y Municipales. Anual,Ciudad de México,2008,09,Egresos,Partida Genérica,Prendas de seguridad y protección personal,14716770,Cifras Definitivas.
Estadística de Finanzas Públicas Estatales y Municipales. Anual,Ciudad de México,2008,09,Egresos,Partida Genérica,Artículos deportivos,7886686,Cifras Definitivas.
Estadística de Finanzas Públicas Estatales y Municipales. Anual,Ciudad de México,2008,09,Egresos,Concepto,Materiales y suministros para seguridad,17232742,Cifras Definitivas.
Estadística de Finanzas Públicas Estatales y Municipales. Anual,Ciudad de México,2008,09,Egresos,Partida Genérica,Sustancias y materiales explosivos,692776,Cifras Definitivas.
Estadística de Finanzas Públicas Estatales y Municipales. Anual,Ciudad de México,2008,09,Egresos,Partida Genérica,Materiales de seguridad pública,16539966,Cifras Definitivas.
Estadística de Finanzas Públicas Estatales y Municipales. Anual,Ciudad de México,2008,09,Egresos,Concepto,Materiales y suministros diversos,205044,Cifras Definitivas.
Estadística de Finanzas Públicas Estatales y Municipales. Anual,Ciudad de México,2008,09,Egresos,Capítulo,Servicios generales,8885003723,Cifras Definitivas.
Estadística de Finanzas Públicas Estatales y Municipales. Anual,Ciudad de México,2008,09,Egresos,Concepto,Servicios básicos,481860795,Cifras Definitivas.
Estadística de Finanzas Públicas Estatales y Municipales. Anual,Ciudad de México,2008,09,Egresos,Partida Genérica,Energía eléctrica,167889616,Cifras Definitivas.
Estadística de Finanzas Públicas Estatales y Municipales. Anual,Ciudad de México,2008,09,Egresos,Partida Genérica,Agua,120020277,Cifras Definitivas.
Estadística de Finanzas Públicas Estatales y Municipales. Anual,Ciudad de México,2008,09,Egresos,Partida Genérica,Telefonía tradicional,75195416,Cifras Definitivas.
Estadística de Finanzas Públicas Estatales y Municipales. Anual,Ciudad de México,2008,09,Egresos,Partida Genérica,Telefonía celular,274110,Cifras Definitivas.
Estadística de Finanzas Públicas Estatales y Municipales. Anual,Ciudad de México,2008,09,Egresos,Partida Genérica,Servicios de telecomunicaciones y satélites,50972046,Cifras Definitivas.
Estadística de Finanzas Públicas Estatales y Municipales. Anual,Ciudad de México,2008,09,Egresos,Partida Genérica,Servicios postales y telegráficos,34495374,Cifras Definitivas.
Estadística de Finanzas Públicas Estatales y Municipales. Anual,Ciudad de México,2008,09,Egresos,Partida Genérica,Servicios integrales y otros servicios,33013956,Cifras Definitivas.
Estadística de Finanzas Públicas Estatales y Municipales. Anual,Ciudad de México,2008,09,Egresos,Concepto,Servicios de arrendamiento,451832786,Cifras Definitivas.
Estadística de Finanzas Públicas Estatales y Municipales. Anual,Ciudad de México,2008,09,Egresos,Partida Genérica,Otros arrendamientos,451832786,Cifras Definitivas.
Estadística de Finanzas Públicas Estatales y Municipales. Anual,Ciudad de México,2008,09,Egresos,Concepto,"Servicios profesionales, científicos, técnicos y otros servicios",3049992617,Cifras Definitivas.
Estadística de Finanzas Públicas Estatales y Municipales. Anual,Ciudad de México,2008,09,Egresos,Partida Genérica,Servicios de vigilancia,886419284,Cifras Definitivas.
Estadística de Finanzas Públicas Estatales y Municipales. Anual,Ciudad de México,2008,09,Egresos,Partida Genérica,"Servicios profesionales, científicos y técnicos integrales",2163573333,Cifras Definitivas.
Estadística de Finanzas Públicas Estatales y Municipales. Anual,Ciudad de México,2008,09,Egresos,Concepto,"Servicios financieros, bancarios y comerciales",545161097,Cifras Definitivas.
Estadística de Finanzas Públicas Estatales y Municipales. Anual,Ciudad de México,2008,09,Egresos,Partida Genérica,Servicios financieros y bancarios,18623958,Cifras Definitivas.
Estadística de Finanzas Públicas Estatales y Municipales. Anual,Ciudad de México,2008,09,Egresos,Partida Genérica,"Servicios de recaudación, traslado y custodia de valores",249717350,Cifras Definitivas.
Estadística de Finanzas Públicas Estatales y Municipales. Anual,Ciudad de México,2008,09,Egresos,Partida Genérica,Seguro de bienes patrimoniales,199696877,Cifras Definitivas.
Estadística de Finanzas Públicas Estatales y Municipales. Anual,Ciudad de México,2008,09,Egresos,Partida Genérica,"Almacenaje, envase y embalaje",18284,Cifras Definitivas.
Estadística de Finanzas Públicas Estatales y Municipales. Anual,Ciudad de México,2008,09,Egresos,Partida Genérica,Fletes y maniobras,44734753,Cifras Definitivas.
Estadística de Finanzas Públicas Estatales y Municipales. Anual,Ciudad de México,2008,09,Egresos,Partida Genérica,"Servicios financieros, bancarios y comerciales integrales",32369875,Cifras Definitivas.
Estadística de Finanzas Públicas Estatales y Municipales. Anual,Ciudad de México,2008,09,Egresos,Concepto,"Servicios de instalación, reparación, mantenimiento y conservación",830965650,Cifras Definitivas.
Estadística de Finanzas Públicas Estatales y Municipales. Anual,Ciudad de México,2008,09,Egresos,Partida Genérica,Conservación y mantenimiento menor de inmuebles,276527798,Cifras Definitivas.
Estadística de Finanzas Públicas Estatales y Municipales. Anual,Ciudad de México,2008,09,Egresos,Partida Genérica,"Instalación, reparación y mantenimiento de mobiliario y equipo de administración, educacional y recreativo",13845376,Cifras Definitivas.
Estadística de Finanzas Públicas Estatales y Municipales. Anual,Ciudad de México,2008,09,Egresos,Partida Genérica,"Instalación, reparación y mantenimiento de equipo de cómputo y tecnología de la información",11140819,Cifras Definitivas.
Estadística de Finanzas Públicas Estatales y Municipales. Anual,Ciudad de México,2008,09,Egresos,Partida Genérica,Reparación y mantenimiento de equipo de transporte,174881408,Cifras Definitivas.
Estadística de Finanzas Públicas Estatales y Municipales. Anual,Ciudad de México,2008,09,Egresos,Partida Genérica,"Instalación, reparación y mantenimiento de maquinaria, otros equipos y herramienta",177625071,Cifras Definitivas.
Estadística de Finanzas Públicas Estatales y Municipales. Anual,Ciudad de México,2008,09,Egresos,Partida Genérica,Servicios de limpieza y manejo de desechos,141358656,Cifras Definitivas.
Estadística de Finanzas Públicas Estatales y Municipales. Anual,Ciudad de México,2008,09,Egresos,Partida Genérica,Diversos servicios de mantenimiento,35586522,Cifras Definitivas.
Estadística de Finanzas Públicas Estatales y Municipales. Anual,Ciudad de México,2008,09,Egresos,Concepto,Servicios de comunicación social y publicidad,569387623,Cifras Definitivas.
Estadística de Finanzas Públicas Estatales y Municipales. Anual,Ciudad de México,2008,09,Egresos,Partida Genérica,"Difusión por radio, televisión y otros medios de mensajes sobre programas y actividades gubernamentales",318030931,Cifras Definitivas.
Estadística de Finanzas Públicas Estatales y Municipales. Anual,Ciudad de México,2008,09,Egresos,Partida Genérica,"Difusión por radio, televisión y otros medios de mensajes comerciales para promover la venta de bienes o servicios",6352375,Cifras Definitivas.
Estadística de Finanzas Públicas Estatales y Municipales. Anual,Ciudad de México,2008,09,Egresos,Partida Genérica,Otros servicios de información,245004317,Cifras Definitivas.
Estadística de Finanzas Públicas Estatales y Municipales. Anual,Ciudad de México,2008,09,Egresos,Concepto,Servicios de traslado y viáticos,39490033,Cifras Definitivas.
Estadística de Finanzas Públicas Estatales y Municipales. Anual,Ciudad de México,2008,09,Egresos,Partida Genérica,Servicios integrales de traslado y viáticos,37178663,Cifras Definitivas.
Estadística de Finanzas Públicas Estatales y Municipales. Anual,Ciudad de México,2008,09,Egresos,Partida Genérica,Otros servicios de traslado y hospedaje,2311370,Cifras Definitivas.
Estadística de Finanzas Públicas Estatales y Municipales. Anual,Ciudad de México,2008,09,Egresos,Concepto,Servicios oficiales,249322738,Cifras Definitivas.
Estadística de Finanzas Públicas Estatales y Municipales. Anual,Ciudad de México,2008,09,Egresos,Partida Genérica,Gastos de ceremonial,181754494,Cifras Definitivas.
Estadística de Finanzas Públicas Estatales y Municipales. Anual,Ciudad de México,2008,09,Egresos,Partida Genérica,Congresos y convenciones,55812638,Cifras Definitivas.
Estadística de Finanzas Públicas Estatales y Municipales. Anual,Ciudad de México,2008,09,Egresos,Partida Genérica,Diversos servicios oficiales,11755606,Cifras Definitivas.
Estadística de Finanzas Públicas Estatales y Municipales. Anual,Ciudad de México,2008,09,Egresos,Concepto,Otros servicios generales,2666990384,Cifras Definitivas.
Estadística de Finanzas Públicas Estatales y Municipales. Anual,Ciudad de México,2008,09,Egresos,Partida Genérica,Impuestos y derechos,25805264,Cifras Definitivas.
Estadística de Finanzas Públicas Estatales y Municipales. Anual,Ciudad de México,2008,09,Egresos,Partida Genérica,Impuesto sobre nóminas y otros que se deriven de una relación laboral,307512927,Cifras Definitivas.
Estadística de Finanzas Públicas Estatales y Municipales. Anual,Ciudad de México,2008,09,Egresos,Partida Genérica,Otros servicios generales,2333672193,Cifras Definitivas.
Estadística de Finanzas Públicas Estatales y Municipales. Anual,Ciudad de México,2008,09,Egresos,Capítulo,"Transferencias, asignaciones, subsidios y otras ayudas",30396832805,Cifras Definitivas.
Estadística de Finanzas Públicas Estatales y Municipales. Anual,Ciudad de México,2008,09,Egresos,Concepto,Transferencias internas y asignaciones al sector público,29892188329,Cifras Definitivas.
Estadística de Finanzas Públicas Estatales y Municipales. Anual,Ciudad de México,2008,09,Egresos,Partida Genérica,A poderes,4513152951,Cifras Definitivas.
Estadística de Finanzas Públicas Estatales y Municipales. Anual,Ciudad de México,2008,09,Egresos,Subpartida Genérica,Legislativo,1346069771,Cifras Definitivas.
Estadística de Finanzas Públicas Estatales y Municipales. Anual,Ciudad de México,2008,09,Egresos,Subpartida Genérica,Judicial,3167083180,Cifras Definitivas.
Estadística de Finanzas Públicas Estatales y Municipales. Anual,Ciudad de México,2008,09,Egresos,Partida Genérica,A instituciones del gobierno según función,23273119147,Cifras Definitivas.
Estadística de Finanzas Públicas Estatales y Municipales. Anual,Ciudad de México,2008,09,Egresos,Subpartida Genérica,Instituciones y programas de educación,824832708,Cifras Definitivas.
Estadística de Finanzas Públicas Estatales y Municipales. Anual,Ciudad de México,2008,09,Egresos,Subpartida Genérica,Instituciones y programas de salud,100000,Cifras Definitivas.
Estadística de Finanzas Públicas Estatales y Municipales. Anual,Ciudad de México,2008,09,Egresos,Subpartida Genérica,Instituciones y programas de asistencia social,49272501,Cifras Definitivas.
Estadística de Finanzas Públicas Estatales y Municipales. Anual,Ciudad de México,2008,09,Egresos,Subpartida Genérica,Instituciones y programas de cultura y deporte,5500017107,Cifras Definitivas.
Estadística de Finanzas Públicas Estatales y Municipales. Anual,Ciudad de México,2008,09,Egresos,Subpartida Genérica,Instituciones y programas de seguridad pública,6512701381,Cifras Definitivas.
Estadística de Finanzas Públicas Estatales y Municipales. Anual,Ciudad de México,2008,09,Egresos,Subpartida Genérica,Instituciones y programas del sector turismo,253965739,Cifras Definitivas.
Estadística de Finanzas Públicas Estatales y Municipales. Anual,Ciudad de México,2008,09,Egresos,Subpartida Genérica,Instituciones y programas del sector económico,89788367,Cifras Definitivas.
Estadística de Finanzas Públicas Estatales y Municipales. Anual,Ciudad de México,2008,09,Egresos,Subpartida Genérica,Instituciones y programas de infraestructura,10042441344,Cifras Definitivas.
Estadística de Finanzas Públicas Estatales y Municipales. Anual,Ciudad de México,2008,09,Egresos,Partida Genérica,Órganos autónomos y electorales,2038878183,Cifras Definitivas.
Estadística de Finanzas Públicas Estatales y Municipales. Anual,Ciudad de México,2008,09,Egresos,Subpartida Genérica,Instituto electoral,1006181001,Cifras Definitivas.
Estadística de Finanzas Públicas Estatales y Municipales. Anual,Ciudad de México,2008,09,Egresos,Subpartida Genérica,Comisión de derechos humanos,251051077,Cifras Definitivas.
Estadística de Finanzas Públicas Estatales y Municipales. Anual,Ciudad de México,2008,09,Egresos,Subpartida Genérica,Instituciones de transparencia,86904368,Cifras Definitivas.
Estadística de Finanzas Públicas Estatales y Municipales. Anual,Ciudad de México,2008,09,Egresos,Subpartida Genérica,Diversos órganos autónomos y electorales,694741737,Cifras Definitivas.
Estadística de Finanzas Públicas Estatales y Municipales. Anual,Ciudad de México,2008,09,Egresos,Partida Genérica,Diversas transferencias,67038048,Cifras Definitivas.
Estadística de Finanzas Públicas Estatales y Municipales. Anual,Ciudad de México,2008,09,Egresos,Subpartida Genérica,Otras transferencias,67038048,Cifras Definitivas.
Estadística de Finanzas Públicas Estatales y Municipales. Anual,Ciudad de México,2008,09,Egresos,Concepto,Ayudas sociales,158297563,Cifras Definitivas.
Estadística de Finanzas Públicas Estatales y Municipales. Anual,Ciudad de México,2008,09,Egresos,Partida Genérica,Ayudas sociales a personas,148972940,Cifras Definitivas.
Estadística de Finanzas Públicas Estatales y Municipales. Anual,Ciudad de México,2008,09,Egresos,Partida Genérica,Becas y otras ayudas para programas de capacitación,9324623,Cifras Definitivas.
Estadística de Finanzas Públicas Estatales y Municipales. Anual,Ciudad de México,2008,09,Egresos,Concepto,Subsidios y subvenciones,346319957,Cifras Definitivas.
Estadística de Finanzas Públicas Estatales y Municipales. Anual,Ciudad de México,2008,09,Egresos,Partida Genérica,Subsidios diversos,346319957,Cifras Definitivas.
Estadística de Finanzas Públicas Estatales y Municipales. Anual,Ciudad de México,2008,09,Egresos,Concepto,Pensiones y jubilaciones,26956,Cifras Definitivas.
Estadística de Finanzas Públicas Estatales y Municipales. Anual,Ciudad de México,2008,09,Egresos,Partida Genérica,Pensiones,26956,Cifras Definitivas.
Estadística de Finanzas Públicas Estatales y Municipales. Anual,Ciudad de México,2008,09,Egresos,Capítulo,"Bienes muebles, inmuebles e intangibles",2455814660,Cifras Definitivas.
Estadística de Finanzas Públicas Estatales y Municipales. Anual,Ciudad de México,2008,09,Egresos,Concepto,Mobiliario y equipo de administración,241665381,Cifras Definitivas.
Estadística de Finanzas Públicas Estatales y Municipales. Anual,Ciudad de México,2008,09,Egresos,Partida Genérica,Muebles de oficina y estantería,78001859,Cifras Definitivas.
Estadística de Finanzas Públicas Estatales y Municipales. Anual,Ciudad de México,2008,09,Egresos,Partida Genérica,"Bienes artísticos, culturales y científicos",12632510,Cifras Definitivas.
Estadística de Finanzas Públicas Estatales y Municipales. Anual,Ciudad de México,2008,09,Egresos,Partida Genérica,Equipo de cómputo y de tecnologías de la información,151031012,Cifras Definitivas.
Estadística de Finanzas Públicas Estatales y Municipales. Anual,Ciudad de México,2008,09,Egresos,Concepto,Mobiliario y equipo educacional y recreativo,21433877,Cifras Definitivas.
Estadística de Finanzas Públicas Estatales y Municipales. Anual,Ciudad de México,2008,09,Egresos,Partida Genérica,Otro mobiliario y equipo educacional y recreativo,21433877,Cifras Definitivas.
Estadística de Finanzas Públicas Estatales y Municipales. Anual,Ciudad de México,2008,09,Egresos,Concepto,Vehículos y equipo de transporte,210586017,Cifras Definitivas.
Estadística de Finanzas Públicas Estatales y Municipales. Anual,Ciudad de México,2008,09,Egresos,Partida Genérica,Otros equipos de transporte,210586017,Cifras Definitivas.
Estadística de Finanzas Públicas Estatales y Municipales. Anual,Ciudad de México,2008,09,Egresos,Concepto,Equipo de defensa y seguridad y equipo e instrumental médico y laboratorio,1090242414,Cifras Definitivas.
Estadística de Finanzas Públicas Estatales y Municipales. Anual,Ciudad de México,2008,09,Egresos,Partida Genérica,Equipo de defensa y seguridad,769657024,Cifras Definitivas.
Estadística de Finanzas Públicas Estatales y Municipales. Anual,Ciudad de México,2008,09,Egresos,Partida Genérica,Equipo médico y de laboratorio,318823049,Cifras Definitivas.
Estadística de Finanzas Públicas Estatales y Municipales. Anual,Ciudad de México,2008,09,Egresos,Partida Genérica,Instrumental médico y de laboratorio,1762341,Cifras Definitivas.
Estadística de Finanzas Públicas Estatales y Municipales. Anual,Ciudad de México,2008,09,Egresos,Concepto,"Maquinaria, otros equipos y herramientas",362197026,Cifras Definitivas.
Estadística de Finanzas Públicas Estatales y Municipales. Anual,Ciudad de México,2008,09,Egresos,Partida Genérica,Maquinaria y equipo agropecuario,397107,Cifras Definitivas.
Estadística de Finanzas Públicas Estatales y Municipales. Anual,Ciudad de México,2008,09,Egresos,Partida Genérica,Maquinaria y equipo industrial,16954270,Cifras Definitivas.
Estadística de Finanzas Públicas Estatales y Municipales. Anual,Ciudad de México,2008,09,Egresos,Partida Genérica,Maquinaria y equipo de construcción,52602623,Cifras Definitivas.
Estadística de Finanzas Públicas Estatales y Municipales. Anual,Ciudad de México,2008,09,Egresos,Partida Genérica,Equipo de comunicación y telecomunicación,175204243,Cifras Definitivas.
Estadística de Finanzas Públicas Estatales y Municipales. Anual,Ciudad de México,2008,09,Egresos,Partida Genérica,"Equipos de generación eléctrica, aparatos y accesorios eléctricos",114227368,Cifras Definitivas.
Estadística de Finanzas Públicas Estatales y Municipales. Anual,Ciudad de México,2008,09,Egresos,Partida Genérica,Herramientas y máquinas-herramienta,1079934,Cifras Definitivas.
Estadística de Finanzas Públicas Estatales y Municipales. Anual,Ciudad de México,2008,09,Egresos,Partida Genérica,Otros equipos,1731481,Cifras Definitivas.
Estadística de Finanzas Públicas Estatales y Municipales. Anual,Ciudad de México,2008,09,Egresos,Concepto,Activos biológicos,358762,Cifras Definitivas.
Estadística de Finanzas Públicas Estatales y Municipales. Anual,Ciudad de México,2008,09,Egresos,Partida Genérica,Otros activos biológicos,358762,Cifras Definitivas.
Estadística de Finanzas Públicas Estatales y Municipales. Anual,Ciudad de México,2008,09,Egresos,Concepto,Bienes inmuebles,529331183,Cifras Definitivas.
Estadística de Finanzas Públicas Estatales y Municipales. Anual,Ciudad de México,2008,09,Egresos,Partida Genérica,Otros bienes inmuebles,529331183,Cifras Definitivas.
Estadística de Finanzas Públicas Estatales y Municipales. Anual,Ciudad de México,2008,09,Egresos,Capítulo,Inversión pública,6214738170,Cifras Definitivas.
Estadística de Finanzas Públicas Estatales y Municipales. Anual,Ciudad de México,2008,09,Egresos,Concepto,Obra pública en bienes de dominio público,6214738170,Cifras Definitivas.
Estadística de Finanzas Públicas Estatales y Municipales. Anual,Ciudad de México,2008,09,Egresos,Partida Genérica,Otras construcciones de ingeniería civil u obra pesada,241486120,Cifras Definitivas.
Estadística de Finanzas Públicas Estatales y Municipales. Anual,Ciudad de México,2008,09,Egresos,Partida Genérica,Diversas obras públicas en bienes de dominio público,5973252050,Cifras Definitivas.
Estadística de Finanzas Públicas Estatales y Municipales. Anual,Ciudad de México,2008,09,Egresos,Capítulo,Recursos asignados a alcaldías de la Ciudad de México y sector paraestatal,41175709346,Cifras Definitivas.
Estadística de Finanzas Públicas Estatales y Municipales. Anual,Ciudad de México,2008,09,Egresos,Concepto,Alcaldías de la Ciudad de México,21775492122,Cifras Definitivas.
Estadística de Finanzas Públicas Estatales y Municipales. Anual,Ciudad de México,2008,09,Egresos,Partida Genérica,Azcapotzalco,1075488605,Cifras Definitivas.
Estadística de Finanzas Públicas Estatales y Municipales. Anual,Ciudad de México,2008,09,Egresos,Partida Genérica,Coyoacán,1320005259,Cifras Definitivas.
Estadística de Finanzas Públicas Estatales y Municipales. Anual,Ciudad de México,2008,09,Egresos,Partida Genérica,Cuajimalpa de Morelos,648247053,Cifras Definitivas.
Estadística de Finanzas Públicas Estatales y Municipales. Anual,Ciudad de México,2008,09,Egresos,Partida Genérica,Gustavo A. Madero,2409431573,Cifras Definitivas.
Estadística de Finanzas Públicas Estatales y Municipales. Anual,Ciudad de México,2008,09,Egresos,Partida Genérica,Iztacalco,1043688774,Cifras Definitivas.
Estadística de Finanzas Públicas Estatales y Municipales. Anual,Ciudad de México,2008,09,Egresos,Partida Genérica,Iztapalapa,2802017732,Cifras Definitivas.
Estadística de Finanzas Públicas Estatales y Municipales. Anual,Ciudad de México,2008,09,Egresos,Partida Genérica,Magdalena Contreras,621157205,Cifras Definitivas.
Estadística de Finanzas Públicas Estatales y Municipales. Anual,Ciudad de México,2008,09,Egresos,Partida Genérica,Milpa Alta,739502780,Cifras Definitivas.
Estadística de Finanzas Públicas Estatales y Municipales. Anual,Ciudad de México,2008,09,Egresos,Partida Genérica,Álvaro Obregón,1480919428,Cifras Definitivas.
Estadística de Finanzas Públicas Estatales y Municipales. Anual,Ciudad de México,2008,09,Egresos,Partida Genérica,Tláhuac,1062257608,Cifras Definitivas.
Estadística de Finanzas Públicas Estatales y Municipales. Anual,Ciudad de México,2008,09,Egresos,Partida Genérica,Tlalpan,1436214425,Cifras Definitivas.
Estadística de Finanzas Públicas Estatales y Municipales. Anual,Ciudad de México,2008,09,Egresos,Partida Genérica,Xochimilco,1107963948,Cifras Definitivas.
Estadística de Finanzas Públicas Estatales y Municipales. Anual,Ciudad de México,2008,09,Egresos,Partida Genérica,Benito Juárez,1114057144,Cifras Definitivas.
Estadística de Finanzas Públicas Estatales y Municipales. Anual,Ciudad de México,2008,09,Egresos,Partida Genérica,Cuauhtémoc,1910439540,Cifras Definitivas.
Estadística de Finanzas Públicas Estatales y Municipales. Anual,Ciudad de México,2008,09,Egresos,Partida Genérica,Miguel Hidalgo,1345168019,Cifras Definitivas.
Estadística de Finanzas Públicas Estatales y Municipales. Anual,Ciudad de México,2008,09,Egresos,Partida Genérica,Venustiano Carranza,1658933029,Cifras Definitivas.
Estadística de Finanzas Públicas Estatales y Municipales. Anual,Ciudad de México,2008,09,Egresos,Concepto,Sector Paraestatal del Gobierno de la Ciudad de México,19400217224,Cifras Definitivas.
Estadística de Finanzas Públicas Estatales y Municipales. Anual,Ciudad de México,2008,09,Egresos,Partida Genérica,Heroico Cuerpo de Bomberos de la Ciudad de México,464636800,Cifras Definitivas.
Estadística de Finanzas Públicas Estatales y Municipales. Anual,Ciudad de México,2008,09,Egresos,Partida Genérica,Instituto de Vivienda de la Ciudad de México,1418010011,Cifras Definitivas.
Estadística de Finanzas Públicas Estatales y Municipales. Anual,Ciudad de México,2008,09,Egresos,Partida Genérica,Fondo para el Desarrollo Social de la Ciudad de México,59578850,Cifras Definitivas.
Estadística de Finanzas Públicas Estatales y Municipales. Anual,Ciudad de México,2008,09,Egresos,Partida Genérica,Fideicomiso de Recuperación Crediticia de la Ciudad de México FIDERE III,6577942,Cifras Definitivas.
Estadística de Finanzas Públicas Estatales y Municipales. Anual,Ciudad de México,2008,09,Egresos,Partida Genérica,Fondo de Desarrollo Económico de la Ciudad de México,49000000,Cifras Definitivas.
Estadística de Finanzas Públicas Estatales y Municipales. Anual,Ciudad de México,2008,09,Egresos,Partida Genérica,Fondo Mixto de Promoción Turística de la Ciudad de México,173351842,Cifras Definitivas.
Estadística de Finanzas Públicas Estatales y Municipales. Anual,Ciudad de México,2008,09,Egresos,Partida Genérica,Fondo Ambiental Público de la Ciudad de México,155391378,Cifras Definitivas.
Estadística de Finanzas Públicas Estatales y Municipales. Anual,Ciudad de México,2008,09,Egresos,Partida Genérica,Fideicomiso para el Mejoramiento de las Vías de Comunicación del D. F.,49286958,Cifras Definitivas.
Estadística de Finanzas Públicas Estatales y Municipales. Anual,Ciudad de México,2008,09,Egresos,Partida Genérica,Sistema para el Desarrollo Integral de la Familia,2529241442,Cifras Definitivas.
Estadística de Finanzas Públicas Estatales y Municipales. Anual,Ciudad de México,2008,09,Egresos,Partida Genérica,Instituto de Educación Media Superior de la Ciudad de México,586318711,Cifras Definitivas.
Estadística de Finanzas Públicas Estatales y Municipales. Anual,Ciudad de México,2008,09,Egresos,Partida Genérica,Instituto de la Juventud de la Ciudad de México,90107635,Cifras Definitivas.
Estadística de Finanzas Públicas Estatales y Municipales. Anual,Ciudad de México,2008,09,Egresos,Partida Genérica,Instituto de las Mujeres de la Ciudad de México,143158158,Cifras Definitivas.
Estadística de Finanzas Públicas Estatales y Municipales. Anual,Ciudad de México,2008,09,Egresos,Partida Genérica,Fideicomiso del Centro Histórico de la Ciudad de México,166954760,Cifras Definitivas.
Estadística de Finanzas Públicas Estatales y Municipales. Anual,Ciudad de México,2008,09,Egresos,Partida Genérica,Sistema de Transporte Colectivo (Metro),5458068981,Cifras Definitivas.
Estadística de Finanzas Públicas Estatales y Municipales. Anual,Ciudad de México,2008,09,Egresos,Partida Genérica,Servicio de Transportes Eléctricos de la Ciudad de México,950089223,Cifras Definitivas.
Estadística de Finanzas Públicas Estatales y Municipales. Anual,Ciudad de México,2008,09,Egresos,Partida Genérica,Sistema de Movilidad 1,791327941,Cifras Definitivas.
Estadística de Finanzas Públicas Estatales y Municipales. Anual,Ciudad de México,2008,09,Egresos,Partida Genérica,Fideicomiso para el Fondo de Promoción del Transporte Público,55200000,Cifras Definitivas.
Estadística de Finanzas Públicas Estatales y Municipales. Anual,Ciudad de México,2008,09,Egresos,Partida Genérica,Caja de Previsión para Trabajadores a Lista de Raya de la Ciudad de México,353349490,Cifras Definitivas.
Estadística de Finanzas Públicas Estatales y Municipales. Anual,Ciudad de México,2008,09,Egresos,Partida Genérica,Caja de Previsión de la Policía Preventiva de la Ciudad de México,350000000,Cifras Definitivas.
Estadística de Finanzas Públicas Estatales y Municipales. Anual,Ciudad de México,2008,09,Egresos,Partida Genérica,Servicios de Salud Pública de la Ciudad de México,2911741042,Cifras Definitivas.
Estadística de Finanzas Públicas Estatales y Municipales. Anual,Ciudad de México,2008,09,Egresos,Partida Genérica,Procuraduría Social de la Ciudad de México,273425931,Cifras Definitivas.
Estadística de Finanzas Públicas Estatales y Municipales. Anual,Ciudad de México,2008,09,Egresos,Partida Genérica,Fondo de Seguridad Pública del D. F.,501425670,Cifras Definitivas.
Estadística de Finanzas Públicas Estatales y Municipales. Anual,Ciudad de México,2008,09,Egresos,Partida Genérica,Procuraduría Ambiental y del Ordenamiento Territorial de la Ciudad de México,74444411,Cifras Definitivas.
Estadística de Finanzas Públicas Estatales y Municipales. Anual,Ciudad de México,2008,09,Egresos,Partida Genérica,Fondo para la Atención y Apoyo a las Víctimas del Delito,7273543,Cifras Definitivas.
Estadística de Finanzas Públicas Estatales y Municipales. Anual,Ciudad de México,2008,09,Egresos,Partida Genérica,Metrobús,42213333,Cifras Definitivas.
Estadística de Finanzas Públicas Estatales y Municipales. Anual,Ciudad de México,2008,09,Egresos,Partida Genérica,Fideicomiso Museo de Arte Popular Mexicano,16000000,Cifras Definitivas.
Estadística de Finanzas Públicas Estatales y Municipales. Anual,Ciudad de México,2008,09,Egresos,Partida Genérica,Fideicomiso Museo del Estanquillo,9783762,Cifras Definitivas.
Estadística de Finanzas Públicas Estatales y Municipales. Anual,Ciudad de México,2008,09,Egresos,Partida Genérica,Instituto de Ciencia y Tecnología del Distrito Federal,378683193,Cifras Definitivas.
Estadística de Finanzas Públicas Estatales y Municipales. Anual,Ciudad de México,2008,09,Egresos,Partida Genérica,Fideicomiso Educación Garantizada,1175670310,Cifras Definitivas.
Estadística de Finanzas Públicas Estatales y Municipales. Anual,Ciudad de México,2008,09,Egresos,Partida Genérica,Consejo de Evaluación del Desarrollo Social de la Ciudad de México,12138010,Cifras Definitivas.
Estadística de Finanzas Públicas Estatales y Municipales. Anual,Ciudad de México,2008,09,Egresos,Partida Genérica,Instituto del Deporte de la Ciudad de México,20253862,Cifras Definitivas.
Estadística de Finanzas Públicas Estatales y Municipales. Anual,Ciudad de México,2008,09,Egresos,Partida Genérica,Fondo de Apoyo a la Procuración de Justicia,67514035,Cifras Definitivas.
Estadística de Finanzas Públicas Estatales y Municipales. Anual,Ciudad de México,2008,09,Egresos,Partida Genérica,Fideicomiso Público Complejo Ambiental Xochimilco,50000000,Cifras Definitivas.
Estadística de Finanzas Públicas Estatales y Municipales. Anual,Ciudad de México,2008,09,Egresos,Partida Genérica,Fideicomiso Público Ciudad Digital,10000000,Cifras Definitivas.
Estadística de Finanzas Públicas Estatales y Municipales. Anual,Ciudad de México,2008,09,Egresos,Capítulo,Deuda pública,3856159011,Cifras Definitivas.
Estadística de Finanzas Públicas Estatales y Municipales. Anual,Ciudad de México,2008,09,Egresos,Concepto,Intereses de la deuda pública,3856159011,Cifras Definitivas.
Estadística de Finanzas Públicas Estatales y Municipales. Anual,Ciudad de México,2008,09,Egresos,Partida Genérica,Diversos intereses,3856159011,Cifras Definitivas.
Estadística de Finanzas Públicas Estatales y Municipales. Anual,Ciudad de México,2008,09,Egresos,Capítulo,Disponibilidad final,677930538,Cifras Definitivas.
Estadística de Finanzas Públicas Estatales y Municipales. Anual,Ciudad de México,2008,09,Ingresos,Tema,Total de ingresos,116511030187,Cifras Definitivas.
Estadística de Finanzas Públicas Estatales y Municipales. Anual,Ciudad de México,2008,09,Ingresos,Capítulo,Impuestos,20211764500,Cifras Definitivas.
Estadística de Finanzas Públicas Estatales y Municipales. Anual,Ciudad de México,2008,09,Ingresos,Concepto,Impuesto sobre los Ingresos,8306812500,Cifras Definitivas.
Estadística de Finanzas Públicas Estatales y Municipales. Anual,Ciudad de México,2008,09,Ingresos,Partida Genérica,Impuesto sobre nómina,8306812500,Cifras Definitivas.
Estadística de Finanzas Públicas Estatales y Municipales. Anual,Ciudad de México,2008,09,Ingresos,Concepto,Impuestos sobre el Patrimonio,11343593600,Cifras Definitivas.
Estadística de Finanzas Públicas Estatales y Municipales. Anual,Ciudad de México,2008,09,Ingresos,Partida Genérica,Impuesto predial,6940635600,Cifras Definitivas.
Estadística de Finanzas Públicas Estatales y Municipales. Anual,Ciudad de México,2008,09,Ingresos,Partida Genérica,Impuesto sobre tenencia o uso de vehículos,491695200,Cifras Definitivas.
Estadística de Finanzas Públicas Estatales y Municipales. Anual,Ciudad de México,2008,09,Ingresos,Partida Genérica,Adquisición de bienes inmuebles,3911262800,Cifras Definitivas.
Estadística de Finanzas Públicas Estatales y Municipales. Anual,Ciudad de México,2008,09,Ingresos,Concepto,"Impuesto sobre la producción, el consumo y las transacciones",561358400,Cifras Definitivas.
Estadística de Finanzas Públicas Estatales y Municipales. Anual,Ciudad de México,2008,09,Ingresos,Partida Genérica,Impuesto sobre hospedaje,118458100,Cifras Definitivas.
Estadística de Finanzas Públicas Estatales y Municipales. Anual,Ciudad de México,2008,09,Ingresos,Partida Genérica,Diversiones y espectáculos públicos,148054600,Cifras Definitivas.
Estadística de Finanzas Públicas Estatales y Municipales. Anual,Ciudad de México,2008,09,Ingresos,Partida Genérica,"Loterías, rifas, sorteos y juegos permitidos",294845700,Cifras Definitivas.
Estadística de Finanzas Públicas Estatales y Municipales. Anual,Ciudad de México,2008,09,Ingresos,Capítulo,Contribuciones de Mejoras,158500,Cifras Definitivas.
Estadística de Finanzas Públicas Estatales y Municipales. Anual,Ciudad de México,2008,09,Ingresos,Concepto,Contribución de mejoras por obras públicas,158500,Cifras Definitivas.
Estadística de Finanzas Públicas Estatales y Municipales. Anual,Ciudad de México,2008,09,Ingresos,Capítulo,Derechos,14062830700,Cifras Definitivas.
Estadística de Finanzas Públicas Estatales y Municipales. Anual,Ciudad de México,2008,09,Ingresos,Concepto,"Derechos por el uso, goce, aprovechamiento o explotación de bienes de dominio público",7824997300,Cifras Definitivas.
Estadística de Finanzas Públicas Estatales y Municipales. Anual,Ciudad de México,2008,09,Ingresos,Partida Genérica,Registros,1041134700,Cifras Definitivas.
Estadística de Finanzas Públicas Estatales y Municipales. Anual,Ciudad de México,2008,09,Ingresos,Subpartida Genérica,Registro civil,137130400,Cifras Definitivas.
Estadística de Finanzas Públicas Estatales y Municipales. Anual,Ciudad de México,2008,09,Ingresos,Subpartida Genérica,Registro público de la propiedad y del comercio,904004300,Cifras Definitivas.
Estadística de Finanzas Públicas Estatales y Municipales. Anual,Ciudad de México,2008,09,Ingresos,Partida Genérica,Licencias y permisos,355295300,Cifras Definitivas.
Estadística de Finanzas Públicas Estatales y Municipales. Anual,Ciudad de México,2008,09,Ingresos,Subpartida Genérica,Licencias y permisos diversos,355295300,Cifras Definitivas.
Estadística de Finanzas Públicas Estatales y Municipales. Anual,Ciudad de México,2008,09,Ingresos,Partida Genérica,Servicios de vialidad y transporte,1851660400,Cifras Definitivas.
Estadística de Finanzas Públicas Estatales y Municipales. Anual,Ciudad de México,2008,09,Ingresos,Subpartida Genérica,Servicios de grúa y almacenaje de vehículos,207324700,Cifras Definitivas.
Estadística de Finanzas Públicas Estatales y Municipales. Anual,Ciudad de México,2008,09,Ingresos,Subpartida Genérica,Control vehicular,1644335700,Cifras Definitivas.
Estadística de Finanzas Públicas Estatales y Municipales. Anual,Ciudad de México,2008,09,Ingresos,Partida Genérica,Uso y suministro de agua potable,3717301700,Cifras Definitivas.
Estadística de Finanzas Públicas Estatales y Municipales. Anual,Ciudad de México,2008,09,Ingresos,Partida Genérica,Servicios de desarrollo urbano y obras públicas,859605200,Cifras Definitivas.
Estadística de Finanzas Públicas Estatales y Municipales. Anual,Ciudad de México,2008,09,Ingresos,Subpartida Genérica,Urbanización,801935200,Cifras Definitivas.
Estadística de Finanzas Públicas Estatales y Municipales. Anual,Ciudad de México,2008,09,Ingresos,Subpartida Genérica,Por servicios de fraccionamiento,57670000,Cifras Definitivas.
Estadística de Finanzas Públicas Estatales y Municipales. Anual,Ciudad de México,2008,09,Ingresos,Concepto,Derechos por prestación de servicios,6123607900,Cifras Definitivas.
Estadística de Finanzas Públicas Estatales y Municipales. Anual,Ciudad de México,2008,09,Ingresos,Partida Genérica,Estacionamientos,39922300,Cifras Definitivas.
Estadística de Finanzas Públicas Estatales y Municipales. Anual,Ciudad de México,2008,09,Ingresos,Partida Genérica,Seguridad pública,6053299900,Cifras Definitivas.
Estadística de Finanzas Públicas Estatales y Municipales. Anual,Ciudad de México,2008,09,Ingresos,Partida Genérica,Diversos derechos por prestación de servicios,30385700,Cifras Definitivas.
Estadística de Finanzas Públicas Estatales y Municipales. Anual,Ciudad de México,2008,09,Ingresos,Concepto,Otros Derechos,114225500,Cifras Definitivas.
Estadística de Finanzas Públicas Estatales y Municipales. Anual,Ciudad de México,2008,09,Ingresos,Capítulo,Productos,1984933700,Cifras Definitivas.
Estadística de Finanzas Públicas Estatales y Municipales. Anual,Ciudad de México,2008,09,Ingresos,Concepto,Productos de tipo corriente,1850336800,Cifras Definitivas.
Estadística de Finanzas Públicas Estatales y Municipales. Anual,Ciudad de México,2008,09,Ingresos,Partida Genérica,Intereses,914866000,Cifras Definitivas.
Estadística de Finanzas Públicas Estatales y Municipales. Anual,Ciudad de México,2008,09,Ingresos,Partida Genérica,Establecimientos y empresas,935470800,Cifras Definitivas.
Estadística de Finanzas Públicas Estatales y Municipales. Anual,Ciudad de México,2008,09,Ingresos,Subpartida Genérica,Talleres gráficos,187552300,Cifras Definitivas.
Estadística de Finanzas Públicas Estatales y Municipales. Anual,Ciudad de México,2008,09,Ingresos,Subpartida Genérica,Establecimientos diversos,747918500,Cifras Definitivas.
Estadística de Finanzas Públicas Estatales y Municipales. Anual,Ciudad de México,2008,09,Ingresos,Concepto,Productos de tipo capital,131329000,Cifras Definitivas.
Estadística de Finanzas Públicas Estatales y Municipales. Anual,Ciudad de México,2008,09,Ingresos,Partida Genérica,Enajenación o venta de bienes,131329000,Cifras Definitivas.
Estadística de Finanzas Públicas Estatales y Municipales. Anual,Ciudad de México,2008,09,Ingresos,Subpartida Genérica,Bienes muebles e inmuebles,125144600,Cifras Definitivas.
Estadística de Finanzas Públicas Estatales y Municipales. Anual,Ciudad de México,2008,09,Ingresos,Subpartida Genérica,Bienes inmuebles,6184400,Cifras Definitivas.
Estadística de Finanzas Públicas Estatales y Municipales. Anual,Ciudad de México,2008,09,Ingresos,Concepto,Otros productos,3267900,Cifras Definitivas.
Estadística de Finanzas Públicas Estatales y Municipales. Anual,Ciudad de México,2008,09,Ingresos,Capítulo,Aprovechamientos,5059593700,Cifras Definitivas.
Estadística de Finanzas Públicas Estatales y Municipales. Anual,Ciudad de México,2008,09,Ingresos,Concepto,Aprovechamientos de tipo corriente,736930500,Cifras Definitivas.
Estadística de Finanzas Públicas Estatales y Municipales. Anual,Ciudad de México,2008,09,Ingresos,Partida Genérica,Multas,630790300,Cifras Definitivas.
Estadística de Finanzas Públicas Estatales y Municipales. Anual,Ciudad de México,2008,09,Ingresos,Partida Genérica,Donaciones y aprovechamientos a favor del estado,49009700,Cifras Definitivas.
Estadística de Finanzas Públicas Estatales y Municipales. Anual,Ciudad de México,2008,09,Ingresos,Partida Genérica,Indemnizaciones a favor del estado,57130500,Cifras Definitivas.
Estadística de Finanzas Públicas Estatales y Municipales. Anual,Ciudad de México,2008,09,Ingresos,Concepto,Otros aprovechamientos,4322663200,Cifras Definitivas.
Estadística de Finanzas Públicas Estatales y Municipales. Anual,Ciudad de México,2008,09,Ingresos,Capítulo,Participaciones federales,51972910600,Cifras Definitivas.
Estadística de Finanzas Públicas Estatales y Municipales. Anual,Ciudad de México,2008,09,Ingresos,Concepto,Fondos participables,44210702900,Cifras Definitivas.
Estadística de Finanzas Públicas Estatales y Municipales. Anual,Ciudad de México,2008,09,Ingresos,Partida Genérica,Fondo General de Participaciones,40099414500,Cifras Definitivas.
Estadística de Finanzas Públicas Estatales y Municipales. Anual,Ciudad de México,2008,09,Ingresos,Partida Genérica,Fondo de Fomento Municipal,2265475100,Cifras Definitivas.
Estadística de Finanzas Públicas Estatales y Municipales. Anual,Ciudad de México,2008,09,Ingresos,Partida Genérica,Fondo de Fiscalización,1845813300,Cifras Definitivas.
Estadística de Finanzas Públicas Estatales y Municipales. Anual,Ciudad de México,2008,09,Ingresos,Concepto,Impuestos participables,7446271400,Cifras Definitivas.
Estadística de Finanzas Públicas Estatales y Municipales. Anual,Ciudad de México,2008,09,Ingresos,Partida Genérica,Impuesto sobre Tenencia o Uso de Vehículos,4910411000,Cifras Definitivas.
Estadística de Finanzas Públicas Estatales y Municipales. Anual,Ciudad de México,2008,09,Ingresos,Partida Genérica,Impuesto sobre Automóviles Nuevos,1333767400,Cifras Definitivas.
Estadística de Finanzas Públicas Estatales y Municipales. Anual,Ciudad de México,2008,09,Ingresos,Partida Genérica,Impuesto Especial sobre Producción y Servicios,829521800,Cifras Definitivas.
Estadística de Finanzas Públicas Estatales y Municipales. Anual,Ciudad de México,2008,09,Ingresos,Partida Genérica,IEPS Gasolinas,372571200,Cifras Definitivas.
Estadística de Finanzas Públicas Estatales y Municipales. Anual,Ciudad de México,2008,09,Ingresos,Concepto,Otras participaciones,315936300,Cifras Definitivas.
Estadística de Finanzas Públicas Estatales y Municipales. Anual,Ciudad de México,2008,09,Ingresos,Partida Genérica,Multas administrativas federales no fiscales,17979200,Cifras Definitivas.
Estadística de Finanzas Públicas Estatales y Municipales. Anual,Ciudad de México,2008,09,Ingresos,Partida Genérica,Incentivos por administración de impuestos,210131800,Cifras Definitivas.
Estadística de Finanzas Públicas Estatales y Municipales. Anual,Ciudad de México,2008,09,Ingresos,Partida Genérica,Participaciones diversas,87825300,Cifras Definitivas.
Estadística de Finanzas Públicas Estatales y Municipales. Anual,Ciudad de México,2008,09,Ingresos,Capítulo,Aportaciones federales,21223856000,Cifras Definitivas.
Estadística de Finanzas Públicas Estatales y Municipales. Anual,Ciudad de México,2008,09,Ingresos,Concepto,Aportaciones del ramo general 33,8247707900,Cifras Definitivas.
Estadística de Finanzas Públicas Estatales y Municipales. Anual,Ciudad de México,2008,09,Ingresos,Partida Genérica,Aportaciones a entidades federativas,4934131700,Cifras Definitivas.
Estadística de Finanzas Públicas Estatales y Municipales. Anual,Ciudad de México,2008,09,Ingresos,Subpartida Genérica,FA para los Servicios de Salud,2503462100,Cifras Definitivas.
Estadística de Finanzas Públicas Estatales y Municipales. Anual,Ciudad de México,2008,09,Ingresos,Subpartida Genérica,FA Múltiples,451868500,Cifras Definitivas.
Estadística de Finanzas Públicas Estatales y Municipales. Anual,Ciudad de México,2008,09,Ingresos,Subpartida Genérica,FA para la Seguridad Pública,376089700,Cifras Definitivas.
Estadística de Finanzas Públicas Estatales y Municipales. Anual,Ciudad de México,2008,09,Ingresos,Subpartida Genérica,FA para el Fortalecimiento de los Municipios y las Demarcaciones Territoriales de la Ciudad de México,1602711400,Cifras Definitivas.
Estadística de Finanzas Públicas Estatales y Municipales. Anual,Ciudad de México,2008,09,Ingresos,Partida Genérica,Aportaciones a municipios,3313576200,Cifras Definitivas.
Estadística de Finanzas Públicas Estatales y Municipales. Anual,Ciudad de México,2008,09,Ingresos,Subpartida Genérica,FA para el Fortalecimiento de los Municipios,3313576200,Cifras Definitivas.
Estadística de Finanzas Públicas Estatales y Municipales. Anual,Ciudad de México,2008,09,Ingresos,Concepto,Recursos federales reasignados,12976148100,Cifras Definitivas.
Estadística de Finanzas Públicas Estatales y Municipales. Anual,Ciudad de México,2008,09,Ingresos,Partida Genérica,Convenios para obras públicas,1835620100,Cifras Definitivas.
Estadística de Finanzas Públicas Estatales y Municipales. Anual,Ciudad de México,2008,09,Ingresos,Subpartida Genérica,Comisión nacional del agua,804700000,Cifras Definitivas.
Estadística de Finanzas Públicas Estatales y Municipales. Anual,Ciudad de México,2008,09,Ingresos,Subpartida Genérica,Fideicomiso para la infraestructura,994739100,Cifras Definitivas.
Estadística de Finanzas Públicas Estatales y Municipales. Anual,Ciudad de México,2008,09,Ingresos,Subpartida Genérica,Fondo para la estabilización de los ingresos,36181000,Cifras Definitivas.
Estadística de Finanzas Públicas Estatales y Municipales. Anual,Ciudad de México,2008,09,Ingresos,Partida Genérica,"Convenios para salud, asistencia y seguridad social",1420200000,Cifras Definitivas.
Estadística de Finanzas Públicas Estatales y Municipales. Anual,Ciudad de México,2008,09,Ingresos,Subpartida Genérica,Convenios para salud,915200000,Cifras Definitivas.
Estadística de Finanzas Públicas Estatales y Municipales. Anual,Ciudad de México,2008,09,Ingresos,Subpartida Genérica,Convenio para asistencia social,505000000,Cifras Definitivas.
Estadística de Finanzas Públicas Estatales y Municipales. Anual,Ciudad de México,2008,09,Ingresos,Partida Genérica,Recursos federales diversos,9720328000,Cifras Definitivas.
Estadística de Finanzas Públicas Estatales y Municipales. Anual,Ciudad de México,2008,09,Ingresos,Subpartida Genérica,Protección civil y prevención de desastres naturales,767900000,Cifras Definitivas.
Estadística de Finanzas Públicas Estatales y Municipales. Anual,Ciudad de México,2008,09,Ingresos,Subpartida Genérica,Otros recursos federales,8952428000,Cifras Definitivas.
Estadística de Finanzas Públicas Estatales y Municipales. Anual,Ciudad de México,2008,09,Ingresos,Capítulo,Otros ingresos,101398987,Cifras Definitivas.
Estadística de Finanzas Públicas Estatales y Municipales. Anual,Ciudad de México,2008,09,Ingresos,Concepto,Otros ingresos extraordinarios,101398987,Cifras Definitivas.
Estadística de Finanzas Públicas Estatales y Municipales. Anual,Ciudad de México,2008,09,Ingresos,Capítulo,Financiamiento,1893583500,Cifras Definitivas.
Estadística de Finanzas Públicas Estatales y Municipales. Anual,Ciudad de México,2008,09,Ingresos,Concepto,Empréstitos,1893583500,Cifras Definitivas.
Estadística de Finanzas Públicas Estatales y Municipales. Anual,Ciudad de México,2008,09,Ingresos,Partida Genérica,Empréstitos diversos,1893583500,Cifras Definitivas.
