﻿PROD_EST,COBERTURA,ANIO,ID_ENTIDAD,TEMA,CATEGORIA,DESCRIPCION_CATEGORIA,VALOR,ESTATUS
Estadística de Finanzas Públicas Estatales y Municipales. Anual,Ciudad de México,2001,09,Egresos,Tema,Total de egresos,62171150300,Cifras Definitivas.
Estadística de Finanzas Públicas Estatales y Municipales. Anual,Ciudad de México,2001,09,Egresos,Capítulo,Servicios personales,11687696773,Cifras Definitivas.
Estadística de Finanzas Públicas Estatales y Municipales. Anual,Ciudad de México,2001,09,Egresos,Concepto,Remuneraciones al personal,4422632716,Cifras Definitivas.
Estadística de Finanzas Públicas Estatales y Municipales. Anual,Ciudad de México,2001,09,Egresos,Partida Genérica,Jefatura de Gobierno,37379343,Cifras Definitivas.
Estadística de Finanzas Públicas Estatales y Municipales. Anual,Ciudad de México,2001,09,Egresos,Partida Genérica,Secretaría de Gobierno,359999235,Cifras Definitivas.
Estadística de Finanzas Públicas Estatales y Municipales. Anual,Ciudad de México,2001,09,Egresos,Partida Genérica,Secretaría de Finanzas,342858343,Cifras Definitivas.
Estadística de Finanzas Públicas Estatales y Municipales. Anual,Ciudad de México,2001,09,Egresos,Partida Genérica,Secretaría de Salud,713408937,Cifras Definitivas.
Estadística de Finanzas Públicas Estatales y Municipales. Anual,Ciudad de México,2001,09,Egresos,Partida Genérica,Secretaría de Obras Públicas y Servicios,735794872,Cifras Definitivas.
Estadística de Finanzas Públicas Estatales y Municipales. Anual,Ciudad de México,2001,09,Egresos,Partida Genérica,Secretaría de Desarrollo Económico,29080467,Cifras Definitivas.
Estadística de Finanzas Públicas Estatales y Municipales. Anual,Ciudad de México,2001,09,Egresos,Partida Genérica,Secretaría de Turismo,8827652,Cifras Definitivas.
Estadística de Finanzas Públicas Estatales y Municipales. Anual,Ciudad de México,2001,09,Egresos,Partida Genérica,Secretaría del Medio Ambiente,32183595,Cifras Definitivas.
Estadística de Finanzas Públicas Estatales y Municipales. Anual,Ciudad de México,2001,09,Egresos,Partida Genérica,Secretaría de Desarrollo Social,41089733,Cifras Definitivas.
Estadística de Finanzas Públicas Estatales y Municipales. Anual,Ciudad de México,2001,09,Egresos,Partida Genérica,Secretaría de Seguridad Pública,1160478162,Cifras Definitivas.
Estadística de Finanzas Públicas Estatales y Municipales. Anual,Ciudad de México,2001,09,Egresos,Partida Genérica,Procuraduría General de Justicia,638146969,Cifras Definitivas.
Estadística de Finanzas Públicas Estatales y Municipales. Anual,Ciudad de México,2001,09,Egresos,Partida Genérica,Contraloría General,43920553,Cifras Definitivas.
Estadística de Finanzas Públicas Estatales y Municipales. Anual,Ciudad de México,2001,09,Egresos,Partida Genérica,Oficialía Mayor,121604682,Cifras Definitivas.
Estadística de Finanzas Públicas Estatales y Municipales. Anual,Ciudad de México,2001,09,Egresos,Partida Genérica,Dependencias diversas,157860173,Cifras Definitivas.
Estadística de Finanzas Públicas Estatales y Municipales. Anual,Ciudad de México,2001,09,Egresos,Concepto,Remuneraciones adicionales y especiales,2618055749,Cifras Definitivas.
Estadística de Finanzas Públicas Estatales y Municipales. Anual,Ciudad de México,2001,09,Egresos,Partida Genérica,Primas por años de servicios efectivos prestados,91988688,Cifras Definitivas.
Estadística de Finanzas Públicas Estatales y Municipales. Anual,Ciudad de México,2001,09,Egresos,Partida Genérica,"Primas de vacaciones, dominical y gratificación de fin de año",721160594,Cifras Definitivas.
Estadística de Finanzas Públicas Estatales y Municipales. Anual,Ciudad de México,2001,09,Egresos,Partida Genérica,Horas extraordinarias,239945373,Cifras Definitivas.
Estadística de Finanzas Públicas Estatales y Municipales. Anual,Ciudad de México,2001,09,Egresos,Partida Genérica,Compensaciones,1564961094,Cifras Definitivas.
Estadística de Finanzas Públicas Estatales y Municipales. Anual,Ciudad de México,2001,09,Egresos,Concepto,Seguridad social,1122185248,Cifras Definitivas.
Estadística de Finanzas Públicas Estatales y Municipales. Anual,Ciudad de México,2001,09,Egresos,Partida Genérica,Aportaciones de seguridad social,711970563,Cifras Definitivas.
Estadística de Finanzas Públicas Estatales y Municipales. Anual,Ciudad de México,2001,09,Egresos,Partida Genérica,Aportaciones a fondos de vivienda,257572836,Cifras Definitivas.
Estadística de Finanzas Públicas Estatales y Municipales. Anual,Ciudad de México,2001,09,Egresos,Partida Genérica,Aportaciones al sistema para el retiro,23430105,Cifras Definitivas.
Estadística de Finanzas Públicas Estatales y Municipales. Anual,Ciudad de México,2001,09,Egresos,Partida Genérica,Aportaciones para seguros,129211744,Cifras Definitivas.
Estadística de Finanzas Públicas Estatales y Municipales. Anual,Ciudad de México,2001,09,Egresos,Concepto,Otras prestaciones sociales y económicas,2629692233,Cifras Definitivas.
Estadística de Finanzas Públicas Estatales y Municipales. Anual,Ciudad de México,2001,09,Egresos,Partida Genérica,Cuotas para el fondo de ahorro y fondo de trabajo,213177326,Cifras Definitivas.
Estadística de Finanzas Públicas Estatales y Municipales. Anual,Ciudad de México,2001,09,Egresos,Partida Genérica,Indemnizaciones,60344860,Cifras Definitivas.
Estadística de Finanzas Públicas Estatales y Municipales. Anual,Ciudad de México,2001,09,Egresos,Partida Genérica,Prestaciones y haberes de retiro,86306947,Cifras Definitivas.
Estadística de Finanzas Públicas Estatales y Municipales. Anual,Ciudad de México,2001,09,Egresos,Partida Genérica,Otras prestaciones sociales y económicas,2269863100,Cifras Definitivas.
Estadística de Finanzas Públicas Estatales y Municipales. Anual,Ciudad de México,2001,09,Egresos,Concepto,Pago de estímulos a servidores públicos,895130827,Cifras Definitivas.
Estadística de Finanzas Públicas Estatales y Municipales. Anual,Ciudad de México,2001,09,Egresos,Partida Genérica,Estímulos,895130827,Cifras Definitivas.
Estadística de Finanzas Públicas Estatales y Municipales. Anual,Ciudad de México,2001,09,Egresos,Capítulo,Materiales y suministros,1608327217,Cifras Definitivas.
Estadística de Finanzas Públicas Estatales y Municipales. Anual,Ciudad de México,2001,09,Egresos,Concepto,"Materiales de administración, emisión de documentos y artículos oficiales",120643255,Cifras Definitivas.
Estadística de Finanzas Públicas Estatales y Municipales. Anual,Ciudad de México,2001,09,Egresos,Partida Genérica,"Materiales, útiles y equipos menores de oficina",50269966,Cifras Definitivas.
Estadística de Finanzas Públicas Estatales y Municipales. Anual,Ciudad de México,2001,09,Egresos,Partida Genérica,Materiales y útiles de impresión y reproducción,11335937,Cifras Definitivas.
Estadística de Finanzas Públicas Estatales y Municipales. Anual,Ciudad de México,2001,09,Egresos,Partida Genérica,Material estadístico y geográfico,1003156,Cifras Definitivas.
Estadística de Finanzas Públicas Estatales y Municipales. Anual,Ciudad de México,2001,09,Egresos,Partida Genérica,"Materiales, útiles y equipos menores de tecnologías de la información y comunicaciones",43993198,Cifras Definitivas.
Estadística de Finanzas Públicas Estatales y Municipales. Anual,Ciudad de México,2001,09,Egresos,Partida Genérica,Material impreso e información digital,5006122,Cifras Definitivas.
Estadística de Finanzas Públicas Estatales y Municipales. Anual,Ciudad de México,2001,09,Egresos,Partida Genérica,Material de limpieza,9034876,Cifras Definitivas.
Estadística de Finanzas Públicas Estatales y Municipales. Anual,Ciudad de México,2001,09,Egresos,Concepto,Alimentos y utensilios,230579946,Cifras Definitivas.
Estadística de Finanzas Públicas Estatales y Municipales. Anual,Ciudad de México,2001,09,Egresos,Partida Genérica,Otros alimentos y utensilios,230579946,Cifras Definitivas.
Estadística de Finanzas Públicas Estatales y Municipales. Anual,Ciudad de México,2001,09,Egresos,Concepto,"Herramientas, refacciones y accesorios menores",125328428,Cifras Definitivas.
Estadística de Finanzas Públicas Estatales y Municipales. Anual,Ciudad de México,2001,09,Egresos,Partida Genérica,Refacciones y accesorios menores otros bienes muebles,125328428,Cifras Definitivas.
Estadística de Finanzas Públicas Estatales y Municipales. Anual,Ciudad de México,2001,09,Egresos,Concepto,Materiales y artículos de construcción y de reparación,212074892,Cifras Definitivas.
Estadística de Finanzas Públicas Estatales y Municipales. Anual,Ciudad de México,2001,09,Egresos,Partida Genérica,Otros materiales y artículos de construcción y reparación,212074892,Cifras Definitivas.
Estadística de Finanzas Públicas Estatales y Municipales. Anual,Ciudad de México,2001,09,Egresos,Concepto,"Productos químicos, farmacéuticos, laboratorio y materias primas de producción y comercialización",456180718,Cifras Definitivas.
Estadística de Finanzas Públicas Estatales y Municipales. Anual,Ciudad de México,2001,09,Egresos,Partida Genérica,"Productos químicos, farmacéuticos y de laboratorio",456180718,Cifras Definitivas.
Estadística de Finanzas Públicas Estatales y Municipales. Anual,Ciudad de México,2001,09,Egresos,Subpartida Genérica,Productos químicos básicos,51236950,Cifras Definitivas.
Estadística de Finanzas Públicas Estatales y Municipales. Anual,Ciudad de México,2001,09,Egresos,Subpartida Genérica,"Fertilizantes, pesticidas y otros agroquímicos",1177576,Cifras Definitivas.
Estadística de Finanzas Públicas Estatales y Municipales. Anual,Ciudad de México,2001,09,Egresos,Subpartida Genérica,Medicinas y productos farmacéuticos,284576565,Cifras Definitivas.
Estadística de Finanzas Públicas Estatales y Municipales. Anual,Ciudad de México,2001,09,Egresos,Subpartida Genérica,"Materiales, accesorios y suministros médicos",66590729,Cifras Definitivas.
Estadística de Finanzas Públicas Estatales y Municipales. Anual,Ciudad de México,2001,09,Egresos,Subpartida Genérica,"Materiales, accesorios y suministros de laboratorio",52598898,Cifras Definitivas.
Estadística de Finanzas Públicas Estatales y Municipales. Anual,Ciudad de México,2001,09,Egresos,Concepto,"Combustibles, lubricantes y aditivos",372097758,Cifras Definitivas.
Estadística de Finanzas Públicas Estatales y Municipales. Anual,Ciudad de México,2001,09,Egresos,Partida Genérica,"Combustibles, lubricantes y aditivos",372097758,Cifras Definitivas.
Estadística de Finanzas Públicas Estatales y Municipales. Anual,Ciudad de México,2001,09,Egresos,Concepto,"Vestuario, blancos, prendas de protección y artículos deportivos",91422220,Cifras Definitivas.
Estadística de Finanzas Públicas Estatales y Municipales. Anual,Ciudad de México,2001,09,Egresos,Partida Genérica,Vestuario y uniformes,68303098,Cifras Definitivas.
Estadística de Finanzas Públicas Estatales y Municipales. Anual,Ciudad de México,2001,09,Egresos,Partida Genérica,Prendas de seguridad y protección personal,22889409,Cifras Definitivas.
Estadística de Finanzas Públicas Estatales y Municipales. Anual,Ciudad de México,2001,09,Egresos,Partida Genérica,Artículos deportivos,229713,Cifras Definitivas.
Estadística de Finanzas Públicas Estatales y Municipales. Anual,Ciudad de México,2001,09,Egresos,Capítulo,Servicios generales,6770056732,Cifras Definitivas.
Estadística de Finanzas Públicas Estatales y Municipales. Anual,Ciudad de México,2001,09,Egresos,Concepto,Servicios básicos,2093414589,Cifras Definitivas.
Estadística de Finanzas Públicas Estatales y Municipales. Anual,Ciudad de México,2001,09,Egresos,Partida Genérica,Energía eléctrica,575047198,Cifras Definitivas.
Estadística de Finanzas Públicas Estatales y Municipales. Anual,Ciudad de México,2001,09,Egresos,Partida Genérica,Agua,1362817131,Cifras Definitivas.
Estadística de Finanzas Públicas Estatales y Municipales. Anual,Ciudad de México,2001,09,Egresos,Partida Genérica,Telefonía tradicional,133423589,Cifras Definitivas.
Estadística de Finanzas Públicas Estatales y Municipales. Anual,Ciudad de México,2001,09,Egresos,Partida Genérica,Servicios de telecomunicaciones y satélites,1217015,Cifras Definitivas.
Estadística de Finanzas Públicas Estatales y Municipales. Anual,Ciudad de México,2001,09,Egresos,Partida Genérica,Servicios postales y telegráficos,20909656,Cifras Definitivas.
Estadística de Finanzas Públicas Estatales y Municipales. Anual,Ciudad de México,2001,09,Egresos,Concepto,Servicios de arrendamiento,685463601,Cifras Definitivas.
Estadística de Finanzas Públicas Estatales y Municipales. Anual,Ciudad de México,2001,09,Egresos,Partida Genérica,Otros arrendamientos,685463601,Cifras Definitivas.
Estadística de Finanzas Públicas Estatales y Municipales. Anual,Ciudad de México,2001,09,Egresos,Concepto,"Servicios profesionales, científicos, técnicos y otros servicios",1181213178,Cifras Definitivas.
Estadística de Finanzas Públicas Estatales y Municipales. Anual,Ciudad de México,2001,09,Egresos,Partida Genérica,Servicios de vigilancia,782118497,Cifras Definitivas.
Estadística de Finanzas Públicas Estatales y Municipales. Anual,Ciudad de México,2001,09,Egresos,Partida Genérica,"Servicios profesionales, científicos y técnicos integrales",399094681,Cifras Definitivas.
Estadística de Finanzas Públicas Estatales y Municipales. Anual,Ciudad de México,2001,09,Egresos,Concepto,"Servicios financieros, bancarios y comerciales",415940353,Cifras Definitivas.
Estadística de Finanzas Públicas Estatales y Municipales. Anual,Ciudad de México,2001,09,Egresos,Partida Genérica,Servicios financieros y bancarios,485459,Cifras Definitivas.
Estadística de Finanzas Públicas Estatales y Municipales. Anual,Ciudad de México,2001,09,Egresos,Partida Genérica,"Servicios de recaudación, traslado y custodia de valores",43707316,Cifras Definitivas.
Estadística de Finanzas Públicas Estatales y Municipales. Anual,Ciudad de México,2001,09,Egresos,Partida Genérica,Seguro de bienes patrimoniales,148383616,Cifras Definitivas.
Estadística de Finanzas Públicas Estatales y Municipales. Anual,Ciudad de México,2001,09,Egresos,Partida Genérica,"Almacenaje, envase y embalaje",20605,Cifras Definitivas.
Estadística de Finanzas Públicas Estatales y Municipales. Anual,Ciudad de México,2001,09,Egresos,Partida Genérica,Fletes y maniobras,10871093,Cifras Definitivas.
Estadística de Finanzas Públicas Estatales y Municipales. Anual,Ciudad de México,2001,09,Egresos,Partida Genérica,"Servicios financieros, bancarios y comerciales integrales",212472264,Cifras Definitivas.
Estadística de Finanzas Públicas Estatales y Municipales. Anual,Ciudad de México,2001,09,Egresos,Concepto,"Servicios de instalación, reparación, mantenimiento y conservación",565407763,Cifras Definitivas.
Estadística de Finanzas Públicas Estatales y Municipales. Anual,Ciudad de México,2001,09,Egresos,Partida Genérica,Conservación y mantenimiento menor de inmuebles,40342920,Cifras Definitivas.
Estadística de Finanzas Públicas Estatales y Municipales. Anual,Ciudad de México,2001,09,Egresos,Partida Genérica,"Instalación, reparación y mantenimiento de mobiliario y equipo de administración, educacional y recreativo",21023513,Cifras Definitivas.
Estadística de Finanzas Públicas Estatales y Municipales. Anual,Ciudad de México,2001,09,Egresos,Partida Genérica,"Instalación, reparación y mantenimiento de equipo de cómputo y tecnología de la información",9250339,Cifras Definitivas.
Estadística de Finanzas Públicas Estatales y Municipales. Anual,Ciudad de México,2001,09,Egresos,Partida Genérica,"Instalación, reparación y mantenimiento de maquinaria, otros equipos y herramienta",356624683,Cifras Definitivas.
Estadística de Finanzas Públicas Estatales y Municipales. Anual,Ciudad de México,2001,09,Egresos,Partida Genérica,Servicios de limpieza y manejo de desechos,138166308,Cifras Definitivas.
Estadística de Finanzas Públicas Estatales y Municipales. Anual,Ciudad de México,2001,09,Egresos,Concepto,Servicios de comunicación social y publicidad,541105169,Cifras Definitivas.
Estadística de Finanzas Públicas Estatales y Municipales. Anual,Ciudad de México,2001,09,Egresos,Partida Genérica,"Difusión por radio, televisión y otros medios de mensajes sobre programas y actividades gubernamentales",529520859,Cifras Definitivas.
Estadística de Finanzas Públicas Estatales y Municipales. Anual,Ciudad de México,2001,09,Egresos,Partida Genérica,Otros servicios de información,11584310,Cifras Definitivas.
Estadística de Finanzas Públicas Estatales y Municipales. Anual,Ciudad de México,2001,09,Egresos,Concepto,Servicios de traslado y viáticos,33838520,Cifras Definitivas.
Estadística de Finanzas Públicas Estatales y Municipales. Anual,Ciudad de México,2001,09,Egresos,Partida Genérica,Servicios integrales de traslado y viáticos,33838520,Cifras Definitivas.
Estadística de Finanzas Públicas Estatales y Municipales. Anual,Ciudad de México,2001,09,Egresos,Concepto,Servicios oficiales,1019272262,Cifras Definitivas.
Estadística de Finanzas Públicas Estatales y Municipales. Anual,Ciudad de México,2001,09,Egresos,Partida Genérica,Congresos y convenciones,3170633,Cifras Definitivas.
Estadística de Finanzas Públicas Estatales y Municipales. Anual,Ciudad de México,2001,09,Egresos,Partida Genérica,Diversos servicios oficiales,1016101629,Cifras Definitivas.
Estadística de Finanzas Públicas Estatales y Municipales. Anual,Ciudad de México,2001,09,Egresos,Concepto,Otros servicios generales,234401297,Cifras Definitivas.
Estadística de Finanzas Públicas Estatales y Municipales. Anual,Ciudad de México,2001,09,Egresos,Partida Genérica,Impuestos y derechos,234397004,Cifras Definitivas.
Estadística de Finanzas Públicas Estatales y Municipales. Anual,Ciudad de México,2001,09,Egresos,Partida Genérica,Otros servicios generales,4293,Cifras Definitivas.
Estadística de Finanzas Públicas Estatales y Municipales. Anual,Ciudad de México,2001,09,Egresos,Capítulo,"Transferencias, asignaciones, subsidios y otras ayudas",13194559885,Cifras Definitivas.
Estadística de Finanzas Públicas Estatales y Municipales. Anual,Ciudad de México,2001,09,Egresos,Concepto,Transferencias internas y asignaciones al sector público,12465518144,Cifras Definitivas.
Estadística de Finanzas Públicas Estatales y Municipales. Anual,Ciudad de México,2001,09,Egresos,Partida Genérica,A poderes,2616888300,Cifras Definitivas.
Estadística de Finanzas Públicas Estatales y Municipales. Anual,Ciudad de México,2001,09,Egresos,Subpartida Genérica,Legislativo,718586490,Cifras Definitivas.
Estadística de Finanzas Públicas Estatales y Municipales. Anual,Ciudad de México,2001,09,Egresos,Subpartida Genérica,Judicial,1898301810,Cifras Definitivas.
Estadística de Finanzas Públicas Estatales y Municipales. Anual,Ciudad de México,2001,09,Egresos,Partida Genérica,A instituciones del gobierno según función,8546617159,Cifras Definitivas.
Estadística de Finanzas Públicas Estatales y Municipales. Anual,Ciudad de México,2001,09,Egresos,Subpartida Genérica,Instituciones y programas de salud,3203793,Cifras Definitivas.
Estadística de Finanzas Públicas Estatales y Municipales. Anual,Ciudad de México,2001,09,Egresos,Subpartida Genérica,Instituciones y programas de asistencia social,201856936,Cifras Definitivas.
Estadística de Finanzas Públicas Estatales y Municipales. Anual,Ciudad de México,2001,09,Egresos,Subpartida Genérica,Instituciones y programas de cultura y deporte,1550950797,Cifras Definitivas.
Estadística de Finanzas Públicas Estatales y Municipales. Anual,Ciudad de México,2001,09,Egresos,Subpartida Genérica,Instituciones y programas de seguridad pública,5251451017,Cifras Definitivas.
Estadística de Finanzas Públicas Estatales y Municipales. Anual,Ciudad de México,2001,09,Egresos,Subpartida Genérica,Instituciones y programas del sector turismo,75951805,Cifras Definitivas.
Estadística de Finanzas Públicas Estatales y Municipales. Anual,Ciudad de México,2001,09,Egresos,Subpartida Genérica,Instituciones y programas del sector agropecuario,11727526,Cifras Definitivas.
Estadística de Finanzas Públicas Estatales y Municipales. Anual,Ciudad de México,2001,09,Egresos,Subpartida Genérica,Instituciones y programas ecológicos,622267856,Cifras Definitivas.
Estadística de Finanzas Públicas Estatales y Municipales. Anual,Ciudad de México,2001,09,Egresos,Subpartida Genérica,Instituciones y programas de infraestructura,829207429,Cifras Definitivas.
Estadística de Finanzas Públicas Estatales y Municipales. Anual,Ciudad de México,2001,09,Egresos,Partida Genérica,Órganos autónomos y electorales,1266570073,Cifras Definitivas.
Estadística de Finanzas Públicas Estatales y Municipales. Anual,Ciudad de México,2001,09,Egresos,Subpartida Genérica,Instituto electoral,794472314,Cifras Definitivas.
Estadística de Finanzas Públicas Estatales y Municipales. Anual,Ciudad de México,2001,09,Egresos,Subpartida Genérica,Comisión de derechos humanos,117842796,Cifras Definitivas.
Estadística de Finanzas Públicas Estatales y Municipales. Anual,Ciudad de México,2001,09,Egresos,Subpartida Genérica,Diversos órganos autónomos y electorales,354254963,Cifras Definitivas.
Estadística de Finanzas Públicas Estatales y Municipales. Anual,Ciudad de México,2001,09,Egresos,Partida Genérica,Diversas transferencias,35442612,Cifras Definitivas.
Estadística de Finanzas Públicas Estatales y Municipales. Anual,Ciudad de México,2001,09,Egresos,Subpartida Genérica,Instituciones privadas sin fines de lucro,5548239,Cifras Definitivas.
Estadística de Finanzas Públicas Estatales y Municipales. Anual,Ciudad de México,2001,09,Egresos,Subpartida Genérica,Otras transferencias,29894373,Cifras Definitivas.
Estadística de Finanzas Públicas Estatales y Municipales. Anual,Ciudad de México,2001,09,Egresos,Concepto,Ayudas sociales,106685488,Cifras Definitivas.
Estadística de Finanzas Públicas Estatales y Municipales. Anual,Ciudad de México,2001,09,Egresos,Partida Genérica,Ayudas sociales a personas,9461303,Cifras Definitivas.
Estadística de Finanzas Públicas Estatales y Municipales. Anual,Ciudad de México,2001,09,Egresos,Partida Genérica,Becas y otras ayudas para programas de capacitación,97224185,Cifras Definitivas.
Estadística de Finanzas Públicas Estatales y Municipales. Anual,Ciudad de México,2001,09,Egresos,Concepto,Subsidios y subvenciones,622356253,Cifras Definitivas.
Estadística de Finanzas Públicas Estatales y Municipales. Anual,Ciudad de México,2001,09,Egresos,Partida Genérica,Subsidios a la producción,16406288,Cifras Definitivas.
Estadística de Finanzas Públicas Estatales y Municipales. Anual,Ciudad de México,2001,09,Egresos,Partida Genérica,Subsidios a la distribución,603677570,Cifras Definitivas.
Estadística de Finanzas Públicas Estatales y Municipales. Anual,Ciudad de México,2001,09,Egresos,Partida Genérica,Subsidios diversos,2272395,Cifras Definitivas.
Estadística de Finanzas Públicas Estatales y Municipales. Anual,Ciudad de México,2001,09,Egresos,Capítulo,"Bienes muebles, inmuebles e intangibles",823274908,Cifras Definitivas.
Estadística de Finanzas Públicas Estatales y Municipales. Anual,Ciudad de México,2001,09,Egresos,Concepto,Mobiliario y equipo de administración,23681621,Cifras Definitivas.
Estadística de Finanzas Públicas Estatales y Municipales. Anual,Ciudad de México,2001,09,Egresos,Partida Genérica,Muebles de oficina y estantería,5389472,Cifras Definitivas.
Estadística de Finanzas Públicas Estatales y Municipales. Anual,Ciudad de México,2001,09,Egresos,Partida Genérica,Equipo de cómputo y de tecnologías de la información,18292149,Cifras Definitivas.
Estadística de Finanzas Públicas Estatales y Municipales. Anual,Ciudad de México,2001,09,Egresos,Concepto,Mobiliario y equipo educacional y recreativo,296928,Cifras Definitivas.
Estadística de Finanzas Públicas Estatales y Municipales. Anual,Ciudad de México,2001,09,Egresos,Partida Genérica,Otro mobiliario y equipo educacional y recreativo,296928,Cifras Definitivas.
Estadística de Finanzas Públicas Estatales y Municipales. Anual,Ciudad de México,2001,09,Egresos,Concepto,Vehículos y equipo de transporte,33660830,Cifras Definitivas.
Estadística de Finanzas Públicas Estatales y Municipales. Anual,Ciudad de México,2001,09,Egresos,Partida Genérica,Otros equipos de transporte,33660830,Cifras Definitivas.
Estadística de Finanzas Públicas Estatales y Municipales. Anual,Ciudad de México,2001,09,Egresos,Concepto,Equipo de defensa y seguridad y equipo e instrumental médico y laboratorio,49610958,Cifras Definitivas.
Estadística de Finanzas Públicas Estatales y Municipales. Anual,Ciudad de México,2001,09,Egresos,Partida Genérica,Equipo de defensa y seguridad,2352797,Cifras Definitivas.
Estadística de Finanzas Públicas Estatales y Municipales. Anual,Ciudad de México,2001,09,Egresos,Partida Genérica,Equipo médico y de laboratorio,44620370,Cifras Definitivas.
Estadística de Finanzas Públicas Estatales y Municipales. Anual,Ciudad de México,2001,09,Egresos,Partida Genérica,Instrumental médico y de laboratorio,2637791,Cifras Definitivas.
Estadística de Finanzas Públicas Estatales y Municipales. Anual,Ciudad de México,2001,09,Egresos,Concepto,"Maquinaria, otros equipos y herramientas",242251864,Cifras Definitivas.
Estadística de Finanzas Públicas Estatales y Municipales. Anual,Ciudad de México,2001,09,Egresos,Partida Genérica,Maquinaria y equipo industrial,64924312,Cifras Definitivas.
Estadística de Finanzas Públicas Estatales y Municipales. Anual,Ciudad de México,2001,09,Egresos,Partida Genérica,Maquinaria y equipo de construcción,29747565,Cifras Definitivas.
Estadística de Finanzas Públicas Estatales y Municipales. Anual,Ciudad de México,2001,09,Egresos,Partida Genérica,Equipo de comunicación y telecomunicación,16959776,Cifras Definitivas.
Estadística de Finanzas Públicas Estatales y Municipales. Anual,Ciudad de México,2001,09,Egresos,Partida Genérica,"Equipos de generación eléctrica, aparatos y accesorios eléctricos",52927682,Cifras Definitivas.
Estadística de Finanzas Públicas Estatales y Municipales. Anual,Ciudad de México,2001,09,Egresos,Partida Genérica,Herramientas y máquinas-herramienta,9731429,Cifras Definitivas.
Estadística de Finanzas Públicas Estatales y Municipales. Anual,Ciudad de México,2001,09,Egresos,Partida Genérica,Otros equipos,67961100,Cifras Definitivas.
Estadística de Finanzas Públicas Estatales y Municipales. Anual,Ciudad de México,2001,09,Egresos,Concepto,Activos biológicos,154000,Cifras Definitivas.
Estadística de Finanzas Públicas Estatales y Municipales. Anual,Ciudad de México,2001,09,Egresos,Partida Genérica,Otros activos biológicos,154000,Cifras Definitivas.
Estadística de Finanzas Públicas Estatales y Municipales. Anual,Ciudad de México,2001,09,Egresos,Concepto,Bienes inmuebles,473618707,Cifras Definitivas.
Estadística de Finanzas Públicas Estatales y Municipales. Anual,Ciudad de México,2001,09,Egresos,Partida Genérica,Edificios no residenciales,379062859,Cifras Definitivas.
Estadística de Finanzas Públicas Estatales y Municipales. Anual,Ciudad de México,2001,09,Egresos,Partida Genérica,Terrenos,90544853,Cifras Definitivas.
Estadística de Finanzas Públicas Estatales y Municipales. Anual,Ciudad de México,2001,09,Egresos,Partida Genérica,Otros bienes inmuebles,4010995,Cifras Definitivas.
Estadística de Finanzas Públicas Estatales y Municipales. Anual,Ciudad de México,2001,09,Egresos,Capítulo,Inversión pública,1234839246,Cifras Definitivas.
Estadística de Finanzas Públicas Estatales y Municipales. Anual,Ciudad de México,2001,09,Egresos,Concepto,Obra pública en bienes de dominio público,1234839246,Cifras Definitivas.
Estadística de Finanzas Públicas Estatales y Municipales. Anual,Ciudad de México,2001,09,Egresos,Partida Genérica,Otras construcciones de ingeniería civil u obra pesada,130140305,Cifras Definitivas.
Estadística de Finanzas Públicas Estatales y Municipales. Anual,Ciudad de México,2001,09,Egresos,Partida Genérica,Diversas obras públicas en bienes de dominio público,1104698941,Cifras Definitivas.
Estadística de Finanzas Públicas Estatales y Municipales. Anual,Ciudad de México,2001,09,Egresos,Capítulo,Inversiones financieras y otras provisiones,77500000,Cifras Definitivas.
Estadística de Finanzas Públicas Estatales y Municipales. Anual,Ciudad de México,2001,09,Egresos,Concepto,Provisiones para contingencias y otras erogaciones especiales,77500000,Cifras Definitivas.
Estadística de Finanzas Públicas Estatales y Municipales. Anual,Ciudad de México,2001,09,Egresos,Partida Genérica,Otras erogaciones especiales,77500000,Cifras Definitivas.
Estadística de Finanzas Públicas Estatales y Municipales. Anual,Ciudad de México,2001,09,Egresos,Capítulo,Recursos asignados a alcaldías de la Ciudad de México y sector paraestatal,23215943034,Cifras Definitivas.
Estadística de Finanzas Públicas Estatales y Municipales. Anual,Ciudad de México,2001,09,Egresos,Concepto,Alcaldías de la Ciudad de México,13452295520,Cifras Definitivas.
Estadística de Finanzas Públicas Estatales y Municipales. Anual,Ciudad de México,2001,09,Egresos,Partida Genérica,Azcapotzalco,689405022,Cifras Definitivas.
Estadística de Finanzas Públicas Estatales y Municipales. Anual,Ciudad de México,2001,09,Egresos,Partida Genérica,Coyoacán,872556690,Cifras Definitivas.
Estadística de Finanzas Públicas Estatales y Municipales. Anual,Ciudad de México,2001,09,Egresos,Partida Genérica,Cuajimalpa de Morelos,399178294,Cifras Definitivas.
Estadística de Finanzas Públicas Estatales y Municipales. Anual,Ciudad de México,2001,09,Egresos,Partida Genérica,Gustavo A. Madero,1553369676,Cifras Definitivas.
Estadística de Finanzas Públicas Estatales y Municipales. Anual,Ciudad de México,2001,09,Egresos,Partida Genérica,Iztacalco,607779564,Cifras Definitivas.
Estadística de Finanzas Públicas Estatales y Municipales. Anual,Ciudad de México,2001,09,Egresos,Partida Genérica,Iztapalapa,1924925520,Cifras Definitivas.
Estadística de Finanzas Públicas Estatales y Municipales. Anual,Ciudad de México,2001,09,Egresos,Partida Genérica,Magdalena Contreras,410968504,Cifras Definitivas.
Estadística de Finanzas Públicas Estatales y Municipales. Anual,Ciudad de México,2001,09,Egresos,Partida Genérica,Milpa Alta,418716894,Cifras Definitivas.
Estadística de Finanzas Públicas Estatales y Municipales. Anual,Ciudad de México,2001,09,Egresos,Partida Genérica,Álvaro Obregón,991706392,Cifras Definitivas.
Estadística de Finanzas Públicas Estatales y Municipales. Anual,Ciudad de México,2001,09,Egresos,Partida Genérica,Tláhuac,589447277,Cifras Definitivas.
Estadística de Finanzas Públicas Estatales y Municipales. Anual,Ciudad de México,2001,09,Egresos,Partida Genérica,Tlalpan,783889284,Cifras Definitivas.
Estadística de Finanzas Públicas Estatales y Municipales. Anual,Ciudad de México,2001,09,Egresos,Partida Genérica,Xochimilco,569645281,Cifras Definitivas.
Estadística de Finanzas Públicas Estatales y Municipales. Anual,Ciudad de México,2001,09,Egresos,Partida Genérica,Benito Juárez,636950794,Cifras Definitivas.
Estadística de Finanzas Públicas Estatales y Municipales. Anual,Ciudad de México,2001,09,Egresos,Partida Genérica,Cuauhtémoc,1276468225,Cifras Definitivas.
Estadística de Finanzas Públicas Estatales y Municipales. Anual,Ciudad de México,2001,09,Egresos,Partida Genérica,Miguel Hidalgo,812700876,Cifras Definitivas.
Estadística de Finanzas Públicas Estatales y Municipales. Anual,Ciudad de México,2001,09,Egresos,Partida Genérica,Venustiano Carranza,914587227,Cifras Definitivas.
Estadística de Finanzas Públicas Estatales y Municipales. Anual,Ciudad de México,2001,09,Egresos,Concepto,Sector Paraestatal del Gobierno de la Ciudad de México,9763647514,Cifras Definitivas.
Estadística de Finanzas Públicas Estatales y Municipales. Anual,Ciudad de México,2001,09,Egresos,Partida Genérica,Heroico Cuerpo de Bomberos de la Ciudad de México,209583003,Cifras Definitivas.
Estadística de Finanzas Públicas Estatales y Municipales. Anual,Ciudad de México,2001,09,Egresos,Partida Genérica,Instituto de Vivienda de la Ciudad de México,1808160551,Cifras Definitivas.
Estadística de Finanzas Públicas Estatales y Municipales. Anual,Ciudad de México,2001,09,Egresos,Partida Genérica,Fideicomiso de Recuperación Crediticia de la Ciudad de México FIDERE III,6911900,Cifras Definitivas.
Estadística de Finanzas Públicas Estatales y Municipales. Anual,Ciudad de México,2001,09,Egresos,Partida Genérica,Fondo de Desarrollo Económico de la Ciudad de México,96656500,Cifras Definitivas.
Estadística de Finanzas Públicas Estatales y Municipales. Anual,Ciudad de México,2001,09,Egresos,Partida Genérica,Sistema para el Desarrollo Integral de la Familia,1085332067,Cifras Definitivas.
Estadística de Finanzas Públicas Estatales y Municipales. Anual,Ciudad de México,2001,09,Egresos,Partida Genérica,Instituto de Educación Media Superior de la Ciudad de México,140657253,Cifras Definitivas.
Estadística de Finanzas Públicas Estatales y Municipales. Anual,Ciudad de México,2001,09,Egresos,Partida Genérica,Sistema de Transporte Colectivo (Metro),3253496066,Cifras Definitivas.
Estadística de Finanzas Públicas Estatales y Municipales. Anual,Ciudad de México,2001,09,Egresos,Partida Genérica,Servicio de Transportes Eléctricos de la Ciudad de México,807036357,Cifras Definitivas.
Estadística de Finanzas Públicas Estatales y Municipales. Anual,Ciudad de México,2001,09,Egresos,Partida Genérica,Sistema de Movilidad 1,361525797,Cifras Definitivas.
Estadística de Finanzas Públicas Estatales y Municipales. Anual,Ciudad de México,2001,09,Egresos,Partida Genérica,Caja de Previsión para Trabajadores a Lista de Raya de la Ciudad de México,82204403,Cifras Definitivas.
Estadística de Finanzas Públicas Estatales y Municipales. Anual,Ciudad de México,2001,09,Egresos,Partida Genérica,Servicios de Salud Pública de la Ciudad de México,1499969878,Cifras Definitivas.
Estadística de Finanzas Públicas Estatales y Municipales. Anual,Ciudad de México,2001,09,Egresos,Partida Genérica,Procuraduría Social de la Ciudad de México,159519757,Cifras Definitivas.
Estadística de Finanzas Públicas Estatales y Municipales. Anual,Ciudad de México,2001,09,Egresos,Partida Genérica,Diversas Entidades Paraestatales de la Ciudad de México,252593982,Cifras Definitivas.
Estadística de Finanzas Públicas Estatales y Municipales. Anual,Ciudad de México,2001,09,Egresos,Capítulo,Deuda pública,3003127098,Cifras Definitivas.
Estadística de Finanzas Públicas Estatales y Municipales. Anual,Ciudad de México,2001,09,Egresos,Concepto,Intereses de la deuda pública,2980654435,Cifras Definitivas.
Estadística de Finanzas Públicas Estatales y Municipales. Anual,Ciudad de México,2001,09,Egresos,Partida Genérica,Diversos intereses,2980654435,Cifras Definitivas.
Estadística de Finanzas Públicas Estatales y Municipales. Anual,Ciudad de México,2001,09,Egresos,Concepto,Adeudos de ejercicios fiscales anteriores (ADEFAS),22472663,Cifras Definitivas.
Estadística de Finanzas Públicas Estatales y Municipales. Anual,Ciudad de México,2001,09,Egresos,Partida Genérica,ADEFAS,22472663,Cifras Definitivas.
Estadística de Finanzas Públicas Estatales y Municipales. Anual,Ciudad de México,2001,09,Egresos,Capítulo,Disponibilidad final,555825407,Cifras Definitivas.
Estadística de Finanzas Públicas Estatales y Municipales. Anual,Ciudad de México,2001,09,Ingresos,Tema,Total de ingresos,62171150300,Cifras Definitivas.
Estadística de Finanzas Públicas Estatales y Municipales. Anual,Ciudad de México,2001,09,Ingresos,Capítulo,Impuestos,13342281600,Cifras Definitivas.
Estadística de Finanzas Públicas Estatales y Municipales. Anual,Ciudad de México,2001,09,Ingresos,Concepto,Impuesto sobre los Ingresos,5271521000,Cifras Definitivas.
Estadística de Finanzas Públicas Estatales y Municipales. Anual,Ciudad de México,2001,09,Ingresos,Partida Genérica,Impuesto sobre nómina,5271521000,Cifras Definitivas.
Estadística de Finanzas Públicas Estatales y Municipales. Anual,Ciudad de México,2001,09,Ingresos,Concepto,Impuestos sobre el Patrimonio,7772445000,Cifras Definitivas.
Estadística de Finanzas Públicas Estatales y Municipales. Anual,Ciudad de México,2001,09,Ingresos,Partida Genérica,Impuesto predial,6124813300,Cifras Definitivas.
Estadística de Finanzas Públicas Estatales y Municipales. Anual,Ciudad de México,2001,09,Ingresos,Partida Genérica,Impuesto sobre tenencia o uso de vehículos,278072800,Cifras Definitivas.
Estadística de Finanzas Públicas Estatales y Municipales. Anual,Ciudad de México,2001,09,Ingresos,Partida Genérica,Enajenación de bienes muebles y adquisición de vehículos,20258400,Cifras Definitivas.
Estadística de Finanzas Públicas Estatales y Municipales. Anual,Ciudad de México,2001,09,Ingresos,Partida Genérica,Traslado de dominio de bienes inmuebles,1349300500,Cifras Definitivas.
Estadística de Finanzas Públicas Estatales y Municipales. Anual,Ciudad de México,2001,09,Ingresos,Concepto,"Impuesto sobre la producción, el consumo y las transacciones",298315600,Cifras Definitivas.
Estadística de Finanzas Públicas Estatales y Municipales. Anual,Ciudad de México,2001,09,Ingresos,Partida Genérica,Impuesto sobre hospedaje,66444900,Cifras Definitivas.
Estadística de Finanzas Públicas Estatales y Municipales. Anual,Ciudad de México,2001,09,Ingresos,Partida Genérica,Diversiones y espectáculos públicos,104989000,Cifras Definitivas.
Estadística de Finanzas Públicas Estatales y Municipales. Anual,Ciudad de México,2001,09,Ingresos,Partida Genérica,"Loterías, rifas, sorteos y juegos permitidos",126881700,Cifras Definitivas.
Estadística de Finanzas Públicas Estatales y Municipales. Anual,Ciudad de México,2001,09,Ingresos,Capítulo,Contribuciones de Mejoras,14771800,Cifras Definitivas.
Estadística de Finanzas Públicas Estatales y Municipales. Anual,Ciudad de México,2001,09,Ingresos,Concepto,Contribución de mejoras por obras públicas,14771800,Cifras Definitivas.
Estadística de Finanzas Públicas Estatales y Municipales. Anual,Ciudad de México,2001,09,Ingresos,Capítulo,Derechos,9441589500,Cifras Definitivas.
Estadística de Finanzas Públicas Estatales y Municipales. Anual,Ciudad de México,2001,09,Ingresos,Concepto,"Derechos por el uso, goce, aprovechamiento o explotación de bienes de dominio público",4754436100,Cifras Definitivas.
Estadística de Finanzas Públicas Estatales y Municipales. Anual,Ciudad de México,2001,09,Ingresos,Partida Genérica,Registros,553426500,Cifras Definitivas.
Estadística de Finanzas Públicas Estatales y Municipales. Anual,Ciudad de México,2001,09,Ingresos,Subpartida Genérica,Registro civil,91377700,Cifras Definitivas.
Estadística de Finanzas Públicas Estatales y Municipales. Anual,Ciudad de México,2001,09,Ingresos,Subpartida Genérica,Registro público de la propiedad y del comercio,462048800,Cifras Definitivas.
Estadística de Finanzas Públicas Estatales y Municipales. Anual,Ciudad de México,2001,09,Ingresos,Partida Genérica,Certificaciones y constancias,52162400,Cifras Definitivas.
Estadística de Finanzas Públicas Estatales y Municipales. Anual,Ciudad de México,2001,09,Ingresos,Subpartida Genérica,Salud,52162400,Cifras Definitivas.
Estadística de Finanzas Públicas Estatales y Municipales. Anual,Ciudad de México,2001,09,Ingresos,Partida Genérica,Licencias y permisos,162760900,Cifras Definitivas.
Estadística de Finanzas Públicas Estatales y Municipales. Anual,Ciudad de México,2001,09,Ingresos,Subpartida Genérica,Licencias y permisos diversos,162760900,Cifras Definitivas.
Estadística de Finanzas Públicas Estatales y Municipales. Anual,Ciudad de México,2001,09,Ingresos,Partida Genérica,Servicios de vialidad y transporte,1070403300,Cifras Definitivas.
Estadística de Finanzas Públicas Estatales y Municipales. Anual,Ciudad de México,2001,09,Ingresos,Subpartida Genérica,Expedición de licencias de manejo,1070403300,Cifras Definitivas.
Estadística de Finanzas Públicas Estatales y Municipales. Anual,Ciudad de México,2001,09,Ingresos,Partida Genérica,Uso y suministro de agua potable,2690107700,Cifras Definitivas.
Estadística de Finanzas Públicas Estatales y Municipales. Anual,Ciudad de México,2001,09,Ingresos,Partida Genérica,Servicios de desarrollo urbano y obras públicas,225575300,Cifras Definitivas.
Estadística de Finanzas Públicas Estatales y Municipales. Anual,Ciudad de México,2001,09,Ingresos,Subpartida Genérica,Urbanización,225575300,Cifras Definitivas.
Estadística de Finanzas Públicas Estatales y Municipales. Anual,Ciudad de México,2001,09,Ingresos,Concepto,Derechos por prestación de servicios,4480345000,Cifras Definitivas.
Estadística de Finanzas Públicas Estatales y Municipales. Anual,Ciudad de México,2001,09,Ingresos,Partida Genérica,Estacionamientos,28135500,Cifras Definitivas.
Estadística de Finanzas Públicas Estatales y Municipales. Anual,Ciudad de México,2001,09,Ingresos,Partida Genérica,Seguridad pública,4431783400,Cifras Definitivas.
Estadística de Finanzas Públicas Estatales y Municipales. Anual,Ciudad de México,2001,09,Ingresos,Partida Genérica,Diversos derechos por prestación de servicios,20426100,Cifras Definitivas.
Estadística de Finanzas Públicas Estatales y Municipales. Anual,Ciudad de México,2001,09,Ingresos,Concepto,Otros Derechos,206808400,Cifras Definitivas.
Estadística de Finanzas Públicas Estatales y Municipales. Anual,Ciudad de México,2001,09,Ingresos,Capítulo,Productos,1280370900,Cifras Definitivas.
Estadística de Finanzas Públicas Estatales y Municipales. Anual,Ciudad de México,2001,09,Ingresos,Concepto,Productos de tipo corriente,1138697400,Cifras Definitivas.
Estadística de Finanzas Públicas Estatales y Municipales. Anual,Ciudad de México,2001,09,Ingresos,Partida Genérica,Intereses,727777200,Cifras Definitivas.
Estadística de Finanzas Públicas Estatales y Municipales. Anual,Ciudad de México,2001,09,Ingresos,Partida Genérica,Establecimientos y empresas,410920200,Cifras Definitivas.
Estadística de Finanzas Públicas Estatales y Municipales. Anual,Ciudad de México,2001,09,Ingresos,Subpartida Genérica,Talleres gráficos,111991000,Cifras Definitivas.
Estadística de Finanzas Públicas Estatales y Municipales. Anual,Ciudad de México,2001,09,Ingresos,Subpartida Genérica,Establecimientos diversos,298929200,Cifras Definitivas.
Estadística de Finanzas Públicas Estatales y Municipales. Anual,Ciudad de México,2001,09,Ingresos,Concepto,Productos de tipo capital,135000700,Cifras Definitivas.
Estadística de Finanzas Públicas Estatales y Municipales. Anual,Ciudad de México,2001,09,Ingresos,Partida Genérica,Enajenación o venta de bienes,135000700,Cifras Definitivas.
Estadística de Finanzas Públicas Estatales y Municipales. Anual,Ciudad de México,2001,09,Ingresos,Subpartida Genérica,Bienes muebles e inmuebles,81746100,Cifras Definitivas.
Estadística de Finanzas Públicas Estatales y Municipales. Anual,Ciudad de México,2001,09,Ingresos,Subpartida Genérica,Bienes inmuebles,53254600,Cifras Definitivas.
Estadística de Finanzas Públicas Estatales y Municipales. Anual,Ciudad de México,2001,09,Ingresos,Concepto,Otros productos,6672800,Cifras Definitivas.
Estadística de Finanzas Públicas Estatales y Municipales. Anual,Ciudad de México,2001,09,Ingresos,Capítulo,Aprovechamientos,1121165300,Cifras Definitivas.
Estadística de Finanzas Públicas Estatales y Municipales. Anual,Ciudad de México,2001,09,Ingresos,Concepto,Aprovechamientos de tipo corriente,949703800,Cifras Definitivas.
Estadística de Finanzas Públicas Estatales y Municipales. Anual,Ciudad de México,2001,09,Ingresos,Partida Genérica,Recargos,532271900,Cifras Definitivas.
Estadística de Finanzas Públicas Estatales y Municipales. Anual,Ciudad de México,2001,09,Ingresos,Partida Genérica,Multas,387623600,Cifras Definitivas.
Estadística de Finanzas Públicas Estatales y Municipales. Anual,Ciudad de México,2001,09,Ingresos,Partida Genérica,Gastos de ejecución,29808300,Cifras Definitivas.
Estadística de Finanzas Públicas Estatales y Municipales. Anual,Ciudad de México,2001,09,Ingresos,Concepto,Otros aprovechamientos,171461500,Cifras Definitivas.
Estadística de Finanzas Públicas Estatales y Municipales. Anual,Ciudad de México,2001,09,Ingresos,Capítulo,Participaciones federales,25804602100,Cifras Definitivas.
Estadística de Finanzas Públicas Estatales y Municipales. Anual,Ciudad de México,2001,09,Ingresos,Concepto,Fondos participables,20558061400,Cifras Definitivas.
Estadística de Finanzas Públicas Estatales y Municipales. Anual,Ciudad de México,2001,09,Ingresos,Partida Genérica,Fondo General de Participaciones,18870136100,Cifras Definitivas.
Estadística de Finanzas Públicas Estatales y Municipales. Anual,Ciudad de México,2001,09,Ingresos,Partida Genérica,Fondo de Fomento Municipal,1687925300,Cifras Definitivas.
Estadística de Finanzas Públicas Estatales y Municipales. Anual,Ciudad de México,2001,09,Ingresos,Concepto,Impuestos participables,5149610400,Cifras Definitivas.
Estadística de Finanzas Públicas Estatales y Municipales. Anual,Ciudad de México,2001,09,Ingresos,Partida Genérica,Impuesto sobre Tenencia o Uso de Vehículos,3586413600,Cifras Definitivas.
Estadística de Finanzas Públicas Estatales y Municipales. Anual,Ciudad de México,2001,09,Ingresos,Partida Genérica,Impuesto sobre Automóviles Nuevos,1263052200,Cifras Definitivas.
Estadística de Finanzas Públicas Estatales y Municipales. Anual,Ciudad de México,2001,09,Ingresos,Partida Genérica,Impuesto Especial sobre Producción y Servicios,300144600,Cifras Definitivas.
Estadística de Finanzas Públicas Estatales y Municipales. Anual,Ciudad de México,2001,09,Ingresos,Concepto,Otras participaciones,96930300,Cifras Definitivas.
Estadística de Finanzas Públicas Estatales y Municipales. Anual,Ciudad de México,2001,09,Ingresos,Partida Genérica,Multas administrativas federales no fiscales,27973300,Cifras Definitivas.
Estadística de Finanzas Públicas Estatales y Municipales. Anual,Ciudad de México,2001,09,Ingresos,Partida Genérica,Incentivos por administración de impuestos,68957000,Cifras Definitivas.
Estadística de Finanzas Públicas Estatales y Municipales. Anual,Ciudad de México,2001,09,Ingresos,Capítulo,Aportaciones federales,5963848400,Cifras Definitivas.
Estadística de Finanzas Públicas Estatales y Municipales. Anual,Ciudad de México,2001,09,Ingresos,Concepto,Aportaciones del ramo general 33,4422735100,Cifras Definitivas.
Estadística de Finanzas Públicas Estatales y Municipales. Anual,Ciudad de México,2001,09,Ingresos,Partida Genérica,Aportaciones a entidades federativas,2803815800,Cifras Definitivas.
Estadística de Finanzas Públicas Estatales y Municipales. Anual,Ciudad de México,2001,09,Ingresos,Subpartida Genérica,FA para los Servicios de Salud,1499969900,Cifras Definitivas.
Estadística de Finanzas Públicas Estatales y Municipales. Anual,Ciudad de México,2001,09,Ingresos,Subpartida Genérica,FA Múltiples,724799500,Cifras Definitivas.
Estadística de Finanzas Públicas Estatales y Municipales. Anual,Ciudad de México,2001,09,Ingresos,Subpartida Genérica,FA para la Seguridad Pública,579046400,Cifras Definitivas.
Estadística de Finanzas Públicas Estatales y Municipales. Anual,Ciudad de México,2001,09,Ingresos,Partida Genérica,Aportaciones a municipios,1618919300,Cifras Definitivas.
Estadística de Finanzas Públicas Estatales y Municipales. Anual,Ciudad de México,2001,09,Ingresos,Subpartida Genérica,FA para el Fortalecimiento de los Municipios,1618919300,Cifras Definitivas.
Estadística de Finanzas Públicas Estatales y Municipales. Anual,Ciudad de México,2001,09,Ingresos,Concepto,Recursos federales reasignados,1541113300,Cifras Definitivas.
Estadística de Finanzas Públicas Estatales y Municipales. Anual,Ciudad de México,2001,09,Ingresos,Partida Genérica,Convenios para obras públicas,320000000,Cifras Definitivas.
Estadística de Finanzas Públicas Estatales y Municipales. Anual,Ciudad de México,2001,09,Ingresos,Subpartida Genérica,Comisión nacional del agua,320000000,Cifras Definitivas.
Estadística de Finanzas Públicas Estatales y Municipales. Anual,Ciudad de México,2001,09,Ingresos,Partida Genérica,"Convenios para educación, cultura y deportes",98342600,Cifras Definitivas.
Estadística de Finanzas Públicas Estatales y Municipales. Anual,Ciudad de México,2001,09,Ingresos,Subpartida Genérica,Cultura,1294500,Cifras Definitivas.
Estadística de Finanzas Públicas Estatales y Municipales. Anual,Ciudad de México,2001,09,Ingresos,Subpartida Genérica,Deporte,97048100,Cifras Definitivas.
Estadística de Finanzas Públicas Estatales y Municipales. Anual,Ciudad de México,2001,09,Ingresos,Partida Genérica,Convenios para seguridad pública,9695300,Cifras Definitivas.
Estadística de Finanzas Públicas Estatales y Municipales. Anual,Ciudad de México,2001,09,Ingresos,Subpartida Genérica,Socorro de ley,9695300,Cifras Definitivas.
Estadística de Finanzas Públicas Estatales y Municipales. Anual,Ciudad de México,2001,09,Ingresos,Partida Genérica,Convenios al apoyo del desarrollo económico,18271500,Cifras Definitivas.
Estadística de Finanzas Públicas Estatales y Municipales. Anual,Ciudad de México,2001,09,Ingresos,Subpartida Genérica,"Apoyo a la micro, pequeña y mediana empresa",18271500,Cifras Definitivas.
Estadística de Finanzas Públicas Estatales y Municipales. Anual,Ciudad de México,2001,09,Ingresos,Partida Genérica,Convenios para mejorar los servicios públicos,75000,Cifras Definitivas.
Estadística de Finanzas Públicas Estatales y Municipales. Anual,Ciudad de México,2001,09,Ingresos,Subpartida Genérica,Otros convenios,75000,Cifras Definitivas.
Estadística de Finanzas Públicas Estatales y Municipales. Anual,Ciudad de México,2001,09,Ingresos,Partida Genérica,Recursos federales diversos,1094728900,Cifras Definitivas.
Estadística de Finanzas Públicas Estatales y Municipales. Anual,Ciudad de México,2001,09,Ingresos,Subpartida Genérica,Programa de apoyo para el fortalecimiento de las entidades federativas,1086277200,Cifras Definitivas.
Estadística de Finanzas Públicas Estatales y Municipales. Anual,Ciudad de México,2001,09,Ingresos,Subpartida Genérica,Otros recursos federales,8451700,Cifras Definitivas.
Estadística de Finanzas Públicas Estatales y Municipales. Anual,Ciudad de México,2001,09,Ingresos,Capítulo,Financiamiento,4014883700,Cifras Definitivas.
Estadística de Finanzas Públicas Estatales y Municipales. Anual,Ciudad de México,2001,09,Ingresos,Concepto,Empréstitos,4014883700,Cifras Definitivas.
Estadística de Finanzas Públicas Estatales y Municipales. Anual,Ciudad de México,2001,09,Ingresos,Partida Genérica,Empréstitos diversos,4014883700,Cifras Definitivas.
Estadística de Finanzas Públicas Estatales y Municipales. Anual,Ciudad de México,2001,09,Ingresos,Capítulo,Disponibilidad inicial,1187637000,Cifras Definitivas.
